"source","target","key","type","confidence","source_row"
"SPE000001","SPE000002","SPE000002-delivered","delivered",1.0,0
"SPE000001","TOP000001","SPE000002-TOP000001-covers","covers",1.0,0
"SPE000001","TOP000002","SPE000002-TOP000002-covers","covers",1.0,0
"SPE000001","TOP000003","SPE000002-TOP000003-covers","covers",1.0,0
"SPE000001","SPE000007","SPE000007-delivered","delivered",1.0,3
"SPE000001","TOP000010","SPE000007-TOP000010-covers","covers",1.0,3
"SPE000001","TOP000011","SPE000007-TOP000011-covers","covers",1.0,3
"SPE000001","TOP000012","SPE000007-TOP000012-covers","covers",1.0,3
"SPE000001","SPE000011","SPE000011-delivered","delivered",1.0,6
"SPE000001","TOP000019","SPE000011-TOP000019-covers","covers",1.0,6
"SPE000001","TOP000020","SPE000011-TOP000020-covers","covers",1.0,6
"SPE000001","TOP000021","SPE000011-TOP000021-covers","covers",1.0,6
"SPE000001","SPE000014","SPE000014-delivered","delivered",1.0,574
"SPE000001","TOP000025","SPE000014-TOP000025-covers","covers",1.0,8
"SPE000001","TOP000026","SPE000014-TOP000026-covers","covers",1.0,8
"SPE000001","TOP000027","SPE000014-TOP000027-covers","covers",1.0,8
"SPE000001","SPE000018","SPE000018-delivered","delivered",1.0,11
"SPE000001","TOP000033","SPE000018-TOP000033-covers","covers",1.0,11
"SPE000001","TOP000034","SPE000018-TOP000034-covers","covers",1.0,11
"SPE000001","TOP000035","SPE000018-TOP000035-covers","covers",1.0,11
"SPE000001","SPE000019","SPE000019-delivered","delivered",1.0,486
"SPE000001","TOP000036","SPE000019-TOP000036-covers","covers",1.0,12
"SPE000001","TOP000037","SPE000019-TOP000037-covers","covers",1.0,12
"SPE000001","TOP000038","SPE000019-TOP000038-covers","covers",1.0,12
"SPE000001","SPE000022","SPE000022-delivered","delivered",1.0,15
"SPE000001","TOP000045","SPE000022-TOP000045-covers","covers",1.0,15
"SPE000001","TOP000046","SPE000022-TOP000046-covers","covers",1.0,15
"SPE000001","TOP000047","SPE000022-TOP000047-covers","covers",1.0,15
"SPE000001","SPE000025","SPE000025-delivered","delivered",1.0,18
"SPE000001","TOP000054","SPE000025-TOP000054-covers","covers",1.0,18
"SPE000001","TOP000055","SPE000025-TOP000055-covers","covers",1.0,18
"SPE000001","TOP000056","SPE000025-TOP000056-covers","covers",1.0,18
"SPE000001","SPE000030","SPE000030-delivered","delivered",1.0,23
"SPE000001","TOP000068","SPE000030-TOP000068-covers","covers",1.0,23
"SPE000001","TOP000069","SPE000030-TOP000069-covers","covers",1.0,23
"SPE000001","TOP000070","SPE000030-TOP000070-covers","covers",1.0,23
"SPE000001","SPE000031","SPE000031-delivered","delivered",1.0,24
"SPE000001","TOP000071","SPE000031-TOP000071-covers","covers",1.0,24
"SPE000001","TOP000072","SPE000031-TOP000072-covers","covers",1.0,24
"SPE000001","TOP000073","SPE000031-TOP000073-covers","covers",1.0,24
"SPE000001","SPE000034","SPE000034-delivered","delivered",1.0,27
"SPE000001","TOP000080","SPE000034-TOP000080-covers","covers",1.0,27
"SPE000001","TOP000081","SPE000034-TOP000081-covers","covers",1.0,27
"SPE000001","TOP000082","SPE000034-TOP000082-covers","covers",1.0,27
"SPE000001","SPE000035","SPE000035-delivered","delivered",1.0,28
"SPE000001","TOP000083","SPE000035-TOP000083-covers","covers",1.0,28
"SPE000001","TOP000084","SPE000035-TOP000084-covers","covers",1.0,28
"SPE000001","TOP000085","SPE000035-TOP000085-covers","covers",1.0,28
"SPE000001","SPE000036","SPE000036-delivered","delivered",1.0,29
"SPE000001","TOP000086","SPE000036-TOP000086-covers","covers",1.0,29
"SPE000001","TOP000087","SPE000036-TOP000087-covers","covers",1.0,29
"SPE000001","TOP000088","SPE000036-TOP000088-covers","covers",1.0,29
"SPE000001","SPE000037","SPE000037-delivered","delivered",1.0,30
"SPE000001","TOP000089","SPE000037-TOP000089-covers","covers",1.0,30
"SPE000001","TOP000090","SPE000037-TOP000090-covers","covers",1.0,30
"SPE000001","TOP000091","SPE000037-TOP000091-covers","covers",1.0,30
"SPE000001","SPE000042","SPE000042-delivered","delivered",1.0,35
"SPE000001","TOP000103","SPE000042-TOP000103-covers","covers",1.0,35
"SPE000001","TOP000104","SPE000042-TOP000104-covers","covers",1.0,35
"SPE000001","TOP000105","SPE000042-TOP000105-covers","covers",1.0,35
"SPE000001","SPE000046","SPE000046-delivered","delivered",1.0,38
"SPE000001","TOP000111","SPE000046-TOP000111-covers","covers",1.0,38
"SPE000001","TOP000112","SPE000046-TOP000112-covers","covers",1.0,38
"SPE000001","TOP000113","SPE000046-TOP000113-covers","covers",1.0,38
"SPE000001","TOP000120","SPE000019-TOP000120-covers","covers",1.0,41
"SPE000001","TOP000121","SPE000019-TOP000121-covers","covers",1.0,41
"SPE000001","TOP000122","SPE000019-TOP000122-covers","covers",1.0,41
"SPE000001","SPE000049","SPE000049-delivered","delivered",1.0,42
"SPE000001","TOP000123","SPE000049-TOP000123-covers","covers",1.0,42
"SPE000001","TOP000124","SPE000049-TOP000124-covers","covers",1.0,42
"SPE000001","TOP000125","SPE000049-TOP000125-covers","covers",1.0,42
"SPE000001","SPE000055","SPE000055-delivered","delivered",1.0,49
"SPE000001","TOP000139","SPE000055-TOP000139-covers","covers",1.0,49
"SPE000001","TOP000140","SPE000055-TOP000140-covers","covers",1.0,49
"SPE000001","TOP000141","SPE000055-TOP000141-covers","covers",1.0,49
"SPE000001","SPE000058","SPE000058-delivered","delivered",1.0,52
"SPE000001","TOP000147","SPE000058-TOP000147-covers","covers",1.0,52
"SPE000001","TOP000148","SPE000058-TOP000148-covers","covers",1.0,52
"SPE000001","TOP000149","SPE000058-TOP000149-covers","covers",1.0,52
"SPE000001","SPE000059","SPE000059-delivered","delivered",1.0,53
"SPE000001","TOP000150","SPE000059-TOP000150-covers","covers",1.0,53
"SPE000001","TOP000151","SPE000059-TOP000151-covers","covers",1.0,53
"SPE000001","TOP000152","SPE000059-TOP000152-covers","covers",1.0,53
"SPE000001","TOP000176","SPE000014-TOP000176-covers","covers",1.0,63
"SPE000001","TOP000177","SPE000014-TOP000177-covers","covers",1.0,63
"SPE000001","TOP000008","SPE000014-TOP000008-covers","covers",1.0,63
"SPE000001","SPE000072","SPE000072-delivered","delivered",1.0,69
"SPE000001","TOP000187","SPE000072-TOP000187-covers","covers",1.0,69
"SPE000001","TOP000188","SPE000072-TOP000188-covers","covers",1.0,69
"SPE000001","TOP000189","SPE000072-TOP000189-covers","covers",1.0,69
"SPE000001","SPE000073","SPE000073-delivered","delivered",1.0,71
"SPE000001","TOP000190","SPE000073-TOP000190-covers","covers",1.0,71
"SPE000001","TOP000191","SPE000073-TOP000191-covers","covers",1.0,71
"SPE000001","TOP000192","SPE000073-TOP000192-covers","covers",1.0,71
"SPE000001","TOP000204","SPE000019-TOP000204-covers","covers",1.0,76
"SPE000001","TOP000205","SPE000019-TOP000205-covers","covers",1.0,76
"SPE000001","TOP000206","SPE000019-TOP000206-covers","covers",1.0,76
"SPE000001","SPE000080","SPE000080-delivered","delivered",1.0,79
"SPE000001","TOP000211","SPE000080-TOP000211-covers","covers",1.0,79
"SPE000001","TOP000212","SPE000080-TOP000212-covers","covers",1.0,79
"SPE000001","TOP000213","SPE000080-TOP000213-covers","covers",1.0,79
"SPE000001","SPE000086","SPE000086-delivered","delivered",1.0,498
"SPE000001","TOP000227","SPE000086-TOP000227-covers","covers",1.0,85
"SPE000001","TOP000228","SPE000086-TOP000228-covers","covers",1.0,85
"SPE000001","TOP000229","SPE000086-TOP000229-covers","covers",1.0,85
"SPE000001","SPE000088","SPE000088-delivered","delivered",1.0,87
"SPE000001","TOP000233","SPE000088-TOP000233-covers","covers",1.0,87
"SPE000001","TOP000234","SPE000088-TOP000234-covers","covers",1.0,87
"SPE000001","TOP000235","SPE000088-TOP000235-covers","covers",1.0,87
"SPE000001","SPE000093","SPE000093-delivered","delivered",1.0,337
"SPE000001","TOP000248","SPE000093-TOP000248-covers","covers",1.0,94
"SPE000001","TOP000249","SPE000093-TOP000249-covers","covers",1.0,94
"SPE000001","TOP000250","SPE000093-TOP000250-covers","covers",1.0,94
"SPE000001","TOP000251","SPE000019-TOP000251-covers","covers",1.0,95
"SPE000001","TOP000252","SPE000019-TOP000252-covers","covers",1.0,95
"SPE000001","TOP000253","SPE000019-TOP000253-covers","covers",1.0,95
"SPE000001","SPE000098","SPE000098-delivered","delivered",1.0,100
"SPE000001","TOP000265","SPE000098-TOP000265-covers","covers",1.0,100
"SPE000001","TOP000266","SPE000098-TOP000266-covers","covers",1.0,100
"SPE000001","TOP000267","SPE000098-TOP000267-covers","covers",1.0,100
"SPE000001","SPE000102","SPE000102-delivered","delivered",1.0,105
"SPE000001","TOP000279","SPE000102-TOP000279-covers","covers",1.0,105
"SPE000001","TOP000280","SPE000102-TOP000280-covers","covers",1.0,105
"SPE000001","TOP000281","SPE000102-TOP000281-covers","covers",1.0,105
"SPE000001","SPE000109","SPE000109-delivered","delivered",1.0,114
"SPE000001","TOP000304","SPE000109-TOP000304-covers","covers",1.0,114
"SPE000001","TOP000305","SPE000109-TOP000305-covers","covers",1.0,114
"SPE000001","TOP000306","SPE000109-TOP000306-covers","covers",1.0,114
"SPE000001","SPE000111","SPE000111-delivered","delivered",1.0,116
"SPE000001","TOP000310","SPE000111-TOP000310-covers","covers",1.0,116
"SPE000001","TOP000311","SPE000111-TOP000311-covers","covers",1.0,116
"SPE000001","TOP000312","SPE000111-TOP000312-covers","covers",1.0,116
"SPE000001","TOP000322","SPE000014-TOP000322-covers","covers",1.0,121
"SPE000001","TOP000323","SPE000014-TOP000323-covers","covers",1.0,121
"SPE000001","TOP000324","SPE000014-TOP000324-covers","covers",1.0,121
"SPE000001","SPE000119","SPE000119-delivered","delivered",1.0,125
"SPE000001","TOP000329","SPE000119-TOP000329-covers","covers",1.0,125
"SPE000001","TOP000330","SPE000119-TOP000330-covers","covers",1.0,125
"SPE000001","TOP000331","SPE000119-TOP000331-covers","covers",1.0,125
"SPE000001","TOP000351","SPE000019-TOP000351-covers","covers",1.0,133
"SPE000001","TOP000352","SPE000019-TOP000352-covers","covers",1.0,133
"SPE000001","TOP000353","SPE000019-TOP000353-covers","covers",1.0,133
"SPE000001","SPE000128","SPE000128-delivered","delivered",1.0,136
"SPE000001","TOP000358","SPE000128-TOP000358-covers","covers",1.0,136
"SPE000001","TOP000359","SPE000128-TOP000359-covers","covers",1.0,136
"SPE000001","TOP000360","SPE000128-TOP000360-covers","covers",1.0,136
"SPE000001","SPE000130","SPE000130-delivered","delivered",1.0,138
"SPE000001","TOP000364","SPE000130-TOP000364-covers","covers",1.0,138
"SPE000001","TOP000365","SPE000130-TOP000365-covers","covers",1.0,138
"SPE000001","TOP000366","SPE000130-TOP000366-covers","covers",1.0,138
"SPE000001","SPE000138","SPE000138-delivered","delivered",1.0,148
"SPE000001","TOP000388","SPE000138-TOP000388-covers","covers",1.0,148
"SPE000001","TOP000389","SPE000138-TOP000389-covers","covers",1.0,148
"SPE000001","TOP000390","SPE000138-TOP000390-covers","covers",1.0,148
"SPE000001","SPE000141","SPE000141-delivered","delivered",1.0,152
"SPE000001","TOP000398","SPE000141-TOP000398-covers","covers",1.0,152
"SPE000001","TOP000399","SPE000141-TOP000399-covers","covers",1.0,152
"SPE000001","TOP000400","SPE000141-TOP000400-covers","covers",1.0,152
"SPE000001","SPE000144","SPE000144-delivered","delivered",1.0,156
"SPE000001","TOP000409","SPE000144-TOP000409-covers","covers",1.0,156
"SPE000001","TOP000410","SPE000144-TOP000410-covers","covers",1.0,156
"SPE000001","TOP000411","SPE000144-TOP000411-covers","covers",1.0,156
"SPE000001","SPE000155","SPE000155-delivered","delivered",1.0,168
"SPE000001","TOP000440","SPE000155-TOP000440-covers","covers",1.0,168
"SPE000001","TOP000441","SPE000155-TOP000441-covers","covers",1.0,168
"SPE000001","TOP000442","SPE000155-TOP000442-covers","covers",1.0,168
"SPE000001","TOP000443","SPE000014-TOP000443-covers","covers",1.0,169
"SPE000001","TOP000444","SPE000014-TOP000444-covers","covers",1.0,169
"SPE000001","TOP000445","SPE000014-TOP000445-covers","covers",1.0,169
"SPE000001","SPE000165","SPE000165-delivered","delivered",1.0,181
"SPE000001","TOP000472","SPE000165-TOP000472-covers","covers",1.0,181
"SPE000001","TOP000473","SPE000165-TOP000473-covers","covers",1.0,181
"SPE000001","TOP000474","SPE000165-TOP000474-covers","covers",1.0,181
"SPE000001","TOP000478","SPE000086-TOP000478-covers","covers",1.0,185
"SPE000001","TOP000479","SPE000086-TOP000479-covers","covers",1.0,185
"SPE000001","TOP000480","SPE000086-TOP000480-covers","covers",1.0,185
"SPE000001","TOP000489","SPE000019-TOP000489-covers","covers",1.0,189
"SPE000001","TOP000490","SPE000019-TOP000490-covers","covers",1.0,189
"SPE000001","TOP000491","SPE000019-TOP000491-covers","covers",1.0,189
"SPE000001","SPE000182","SPE000182-delivered","delivered",1.0,203
"SPE000001","TOP000528","SPE000182-TOP000528-covers","covers",1.0,203
"SPE000001","TOP000529","SPE000182-TOP000529-covers","covers",1.0,203
"SPE000001","TOP000530","SPE000182-TOP000530-covers","covers",1.0,203
"SPE000001","SPE000183","SPE000183-delivered","delivered",1.0,204
"SPE000001","TOP000531","SPE000183-TOP000531-covers","covers",1.0,204
"SPE000001","TOP000532","SPE000183-TOP000532-covers","covers",1.0,204
"SPE000001","TOP000533","SPE000183-TOP000533-covers","covers",1.0,204
"SPE000001","TOP000535","SPE000019-TOP000535-covers","covers",1.0,206
"SPE000001","TOP000536","SPE000019-TOP000536-covers","covers",1.0,206
"SPE000001","TOP000537","SPE000019-TOP000537-covers","covers",1.0,206
"SPE000001","SPE000186","SPE000186-delivered","delivered",1.0,210
"SPE000001","TOP000543","SPE000186-TOP000543-covers","covers",1.0,210
"SPE000001","TOP000544","SPE000186-TOP000544-covers","covers",1.0,210
"SPE000001","TOP000545","SPE000186-TOP000545-covers","covers",1.0,210
"SPE000001","SPE000189","SPE000189-delivered","delivered",1.0,213
"SPE000001","TOP000550","SPE000189-TOP000550-covers","covers",1.0,213
"SPE000001","TOP000551","SPE000189-TOP000551-covers","covers",1.0,213
"SPE000001","TOP000552","SPE000189-TOP000552-covers","covers",1.0,213
"SPE000001","SPE000190","SPE000190-delivered","delivered",1.0,214
"SPE000001","TOP000553","SPE000190-TOP000553-covers","covers",1.0,214
"SPE000001","TOP000554","SPE000190-TOP000554-covers","covers",1.0,214
"SPE000001","TOP000555","SPE000190-TOP000555-covers","covers",1.0,214
"SPE000001","SPE000198","SPE000198-delivered","delivered",1.0,222
"SPE000001","TOP000574","SPE000198-TOP000574-covers","covers",1.0,222
"SPE000001","TOP000575","SPE000198-TOP000575-covers","covers",1.0,222
"SPE000001","TOP000576","SPE000198-TOP000576-covers","covers",1.0,222
"SPE000001","TOP000580","SPE000014-TOP000580-covers","covers",1.0,224
"SPE000001","TOP000571","SPE000014-TOP000571-covers","covers",1.0,224
"SPE000001","TOP000581","SPE000014-TOP000581-covers","covers",1.0,224
"SPE000001","SPE000201","SPE000201-delivered","delivered",1.0,608
"SPE000001","TOP000585","SPE000201-TOP000585-covers","covers",1.0,226
"SPE000001","TOP000585","SPE000212-TOP000585-covers","covers",1.0,238
"SPE000001","TOP000585","SPE000433-TOP000585-covers","covers",1.0,517
"SPE000001","TOP000586","SPE000201-TOP000586-covers","covers",1.0,226
"SPE000001","TOP000587","SPE000201-TOP000587-covers","covers",1.0,226
"SPE000001","SPE000202","SPE000202-delivered","delivered",1.0,228
"SPE000001","TOP000588","SPE000202-TOP000588-covers","covers",1.0,228
"SPE000001","TOP000589","SPE000202-TOP000589-covers","covers",1.0,228
"SPE000001","TOP000590","SPE000202-TOP000590-covers","covers",1.0,228
"SPE000001","TOP000594","SPE000019-TOP000594-covers","covers",1.0,230
"SPE000001","TOP000595","SPE000019-TOP000595-covers","covers",1.0,230
"SPE000001","TOP000596","SPE000019-TOP000596-covers","covers",1.0,230
"SPE000001","SPE000206","SPE000206-delivered","delivered",1.0,233
"SPE000001","TOP000601","SPE000206-TOP000601-covers","covers",1.0,233
"SPE000001","TOP000602","SPE000206-TOP000602-covers","covers",1.0,233
"SPE000001","TOP000603","SPE000206-TOP000603-covers","covers",1.0,233
"SPE000001","SPE000212","SPE000212-delivered","delivered",1.0,238
"SPE000001","TOP000613","SPE000212-TOP000613-covers","covers",1.0,238
"SPE000001","TOP000614","SPE000212-TOP000614-covers","covers",1.0,238
"SPE000001","SPE000216","SPE000216-delivered","delivered",1.0,242
"SPE000001","TOP000624","SPE000216-TOP000624-covers","covers",1.0,242
"SPE000001","TOP000625","SPE000216-TOP000625-covers","covers",1.0,242
"SPE000001","TOP000626","SPE000216-TOP000626-covers","covers",1.0,242
"SPE000001","SPE000218","SPE000218-delivered","delivered",1.0,244
"SPE000001","TOP000630","SPE000218-TOP000630-covers","covers",1.0,244
"SPE000001","TOP000631","SPE000218-TOP000631-covers","covers",1.0,244
"SPE000001","TOP000632","SPE000218-TOP000632-covers","covers",1.0,244
"SPE000001","SPE000220","SPE000220-delivered","delivered",1.0,247
"SPE000001","TOP000639","SPE000220-TOP000639-covers","covers",1.0,247
"SPE000001","TOP000640","SPE000220-TOP000640-covers","covers",1.0,247
"SPE000001","TOP000641","SPE000220-TOP000641-covers","covers",1.0,247
"SPE000001","SPE000222","SPE000222-delivered","delivered",1.0,249
"SPE000001","TOP000645","SPE000222-TOP000645-covers","covers",1.0,249
"SPE000001","TOP000646","SPE000222-TOP000646-covers","covers",1.0,249
"SPE000001","TOP000647","SPE000222-TOP000647-covers","covers",1.0,249
"SPE000001","SPE000227","SPE000227-delivered","delivered",1.0,254
"SPE000001","TOP000659","SPE000227-TOP000659-covers","covers",1.0,254
"SPE000001","TOP000660","SPE000227-TOP000660-covers","covers",1.0,254
"SPE000001","TOP000661","SPE000227-TOP000661-covers","covers",1.0,254
"SPE000001","TOP000668","SPE000019-TOP000668-covers","covers",1.0,257
"SPE000001","TOP000669","SPE000019-TOP000669-covers","covers",1.0,257
"SPE000001","TOP000670","SPE000019-TOP000670-covers","covers",1.0,257
"SPE000001","SPE000230","SPE000230-delivered","delivered",1.0,259
"SPE000001","TOP000674","SPE000230-TOP000674-covers","covers",1.0,259
"SPE000001","TOP000675","SPE000230-TOP000675-covers","covers",1.0,259
"SPE000001","TOP000676","SPE000230-TOP000676-covers","covers",1.0,259
"SPE000001","SPE000233","SPE000233-delivered","delivered",1.0,262
"SPE000001","TOP000681","SPE000233-TOP000681-covers","covers",1.0,262
"SPE000001","TOP000682","SPE000233-TOP000682-covers","covers",1.0,262
"SPE000001","TOP000683","SPE000233-TOP000683-covers","covers",1.0,262
"SPE000001","SPE000238","SPE000238-delivered","delivered",1.0,623
"SPE000001","TOP000694","SPE000238-TOP000694-covers","covers",1.0,267
"SPE000001","TOP000695","SPE000238-TOP000695-covers","covers",1.0,267
"SPE000001","TOP000696","SPE000238-TOP000696-covers","covers",1.0,267
"SPE000001","SPE000247","SPE000247-delivered","delivered",1.0,278
"SPE000001","TOP000718","SPE000247-TOP000718-covers","covers",1.0,278
"SPE000001","TOP000719","SPE000247-TOP000719-covers","covers",1.0,278
"SPE000001","TOP000720","SPE000247-TOP000720-covers","covers",1.0,278
"SPE000001","TOP000721","SPE000014-TOP000721-covers","covers",1.0,279
"SPE000001","TOP000722","SPE000014-TOP000722-covers","covers",1.0,279
"SPE000001","TOP000723","SPE000014-TOP000723-covers","covers",1.0,279
"SPE000001","SPE000252","SPE000252-delivered","delivered",1.0,289
"SPE000001","TOP000737","SPE000252-TOP000737-covers","covers",1.0,289
"SPE000001","TOP000738","SPE000252-TOP000738-covers","covers",1.0,289
"SPE000001","TOP000739","SPE000252-TOP000739-covers","covers",1.0,289
"SPE000001","TOP000740","SPE000019-TOP000740-covers","covers",1.0,290
"SPE000001","TOP000741","SPE000019-TOP000741-covers","covers",1.0,290
"SPE000001","TOP000742","SPE000019-TOP000742-covers","covers",1.0,290
"SPE000001","SPE000253","SPE000253-delivered","delivered",1.0,292
"SPE000001","TOP000744","SPE000253-TOP000744-covers","covers",1.0,292
"SPE000001","TOP000745","SPE000253-TOP000745-covers","covers",1.0,292
"SPE000001","TOP000746","SPE000253-TOP000746-covers","covers",1.0,292
"SPE000001","TOP000762","SPE000086-TOP000762-covers","covers",1.0,299
"SPE000001","TOP000763","SPE000086-TOP000763-covers","covers",1.0,299
"SPE000001","TOP000764","SPE000086-TOP000764-covers","covers",1.0,299
"SPE000001","SPE000260","SPE000260-delivered","delivered",1.0,301
"SPE000001","TOP000765","SPE000260-TOP000765-covers","covers",1.0,301
"SPE000001","TOP000766","SPE000260-TOP000766-covers","covers",1.0,301
"SPE000001","TOP000767","SPE000260-TOP000767-covers","covers",1.0,301
"SPE000001","SPE000264","SPE000264-delivered","delivered",1.0,305
"SPE000001","TOP000775","SPE000264-TOP000775-covers","covers",1.0,305
"SPE000001","TOP000776","SPE000264-TOP000776-covers","covers",1.0,305
"SPE000001","TOP000777","SPE000264-TOP000777-covers","covers",1.0,305
"SPE000001","TOP000788","SPE000019-TOP000788-covers","covers",1.0,311
"SPE000001","TOP000789","SPE000019-TOP000789-covers","covers",1.0,311
"SPE000001","TOP000790","SPE000019-TOP000790-covers","covers",1.0,311
"SPE000001","SPE000271","SPE000271-delivered","delivered",1.0,313
"SPE000001","TOP000794","SPE000271-TOP000794-covers","covers",1.0,313
"SPE000001","TOP000795","SPE000271-TOP000795-covers","covers",1.0,313
"SPE000001","TOP000796","SPE000271-TOP000796-covers","covers",1.0,313
"SPE000001","SPE000279","SPE000279-delivered","delivered",1.0,322
"SPE000001","TOP000817","SPE000279-TOP000817-covers","covers",1.0,322
"SPE000001","TOP000818","SPE000279-TOP000818-covers","covers",1.0,322
"SPE000001","TOP000819","SPE000279-TOP000819-covers","covers",1.0,322
"SPE000001","SPE000280","SPE000280-delivered","delivered",1.0,323
"SPE000001","TOP000820","SPE000280-TOP000820-covers","covers",1.0,323
"SPE000001","TOP000821","SPE000280-TOP000821-covers","covers",1.0,323
"SPE000001","TOP000822","SPE000280-TOP000822-covers","covers",1.0,323
"SPE000001","TOP000830","SPE000014-TOP000830-covers","covers",1.0,327
"SPE000001","TOP000831","SPE000014-TOP000831-covers","covers",1.0,327
"SPE000001","TOP000832","SPE000014-TOP000832-covers","covers",1.0,327
"SPE000001","TOP000851","SPE000019-TOP000851-covers","covers",1.0,334
"SPE000001","TOP000852","SPE000019-TOP000852-covers","covers",1.0,334
"SPE000001","TOP000853","SPE000019-TOP000853-covers","covers",1.0,334
"SPE000001","TOP000858","SPE000093-TOP000858-covers","covers",1.0,337
"SPE000001","TOP000859","SPE000093-TOP000859-covers","covers",1.0,337
"SPE000001","TOP000860","SPE000093-TOP000860-covers","covers",1.0,337
"SPE000001","SPE000299","SPE000299-delivered","delivered",1.0,349
"SPE000001","TOP000884","SPE000299-TOP000884-covers","covers",1.0,349
"SPE000001","TOP000885","SPE000299-TOP000885-covers","covers",1.0,349
"SPE000001","TOP000886","SPE000299-TOP000886-covers","covers",1.0,349
"SPE000001","TOP000890","SPE000019-TOP000890-covers","covers",1.0,352
"SPE000001","TOP000891","SPE000019-TOP000891-covers","covers",1.0,352
"SPE000001","TOP000892","SPE000019-TOP000892-covers","covers",1.0,352
"SPE000001","SPE000314","SPE000314-delivered","delivered",1.0,366
"SPE000001","TOP000926","SPE000314-TOP000926-covers","covers",1.0,366
"SPE000001","TOP000927","SPE000314-TOP000927-covers","covers",1.0,366
"SPE000001","TOP000928","SPE000314-TOP000928-covers","covers",1.0,366
"SPE000001","SPE000317","SPE000317-delivered","delivered",1.0,369
"SPE000001","TOP000934","SPE000317-TOP000934-covers","covers",1.0,369
"SPE000001","TOP000935","SPE000317-TOP000935-covers","covers",1.0,369
"SPE000001","TOP000936","SPE000317-TOP000936-covers","covers",1.0,369
"SPE000001","SPE000320","SPE000320-delivered","delivered",1.0,372
"SPE000001","TOP000943","SPE000320-TOP000943-covers","covers",1.0,372
"SPE000001","TOP000944","SPE000320-TOP000944-covers","covers",1.0,372
"SPE000001","TOP000945","SPE000320-TOP000945-covers","covers",1.0,372
"SPE000001","TOP000946","SPE000014-TOP000946-covers","covers",1.0,373
"SPE000001","TOP000947","SPE000014-TOP000947-covers","covers",1.0,373
"SPE000001","TOP000948","SPE000014-TOP000948-covers","covers",1.0,373
"SPE000001","SPE000327","SPE000327-delivered","delivered",1.0,380
"SPE000001","TOP000964","SPE000327-TOP000964-covers","covers",1.0,380
"SPE000001","TOP000965","SPE000327-TOP000965-covers","covers",1.0,380
"SPE000001","TOP000966","SPE000327-TOP000966-covers","covers",1.0,380
"SPE000001","SPE000331","SPE000331-delivered","delivered",1.0,385
"SPE000001","TOP000977","SPE000331-TOP000977-covers","covers",1.0,385
"SPE000001","TOP000978","SPE000331-TOP000978-covers","covers",1.0,385
"SPE000001","TOP000979","SPE000331-TOP000979-covers","covers",1.0,385
"SPE000001","SPE000332","SPE000332-delivered","delivered",1.0,386
"SPE000001","TOP000980","SPE000332-TOP000980-covers","covers",1.0,386
"SPE000001","TOP000981","SPE000332-TOP000981-covers","covers",1.0,386
"SPE000001","TOP000982","SPE000332-TOP000982-covers","covers",1.0,386
"SPE000001","TOP001012","SPE000086-TOP001012-covers","covers",1.0,397
"SPE000001","TOP001012","SPE000019-TOP001012-covers","covers",1.0,400
"SPE000001","TOP001013","SPE000086-TOP001013-covers","covers",1.0,397
"SPE000001","TOP001013","SPE000019-TOP001013-covers","covers",1.0,400
"SPE000001","TOP001014","SPE000086-TOP001014-covers","covers",1.0,397
"SPE000001","SPE000343","SPE000343-delivered","delivered",1.0,398
"SPE000001","TOP001015","SPE000343-TOP001015-covers","covers",1.0,398
"SPE000001","TOP001016","SPE000343-TOP001016-covers","covers",1.0,398
"SPE000001","TOP001017","SPE000343-TOP001017-covers","covers",1.0,398
"SPE000001","TOP001021","SPE000019-TOP001021-covers","covers",1.0,400
"SPE000001","SPE000345","SPE000345-delivered","delivered",1.0,401
"SPE000001","TOP001022","SPE000345-TOP001022-covers","covers",1.0,401
"SPE000001","TOP001023","SPE000345-TOP001023-covers","covers",1.0,401
"SPE000001","TOP001024","SPE000345-TOP001024-covers","covers",1.0,401
"SPE000001","SPE000346","SPE000346-delivered","delivered",1.0,402
"SPE000001","TOP001025","SPE000346-TOP001025-covers","covers",1.0,402
"SPE000001","TOP001026","SPE000346-TOP001026-covers","covers",1.0,402
"SPE000001","TOP001027","SPE000346-TOP001027-covers","covers",1.0,402
"SPE000001","SPE000351","SPE000351-delivered","delivered",1.0,407
"SPE000001","TOP001039","SPE000351-TOP001039-covers","covers",1.0,407
"SPE000001","TOP001040","SPE000351-TOP001040-covers","covers",1.0,407
"SPE000001","TOP001041","SPE000351-TOP001041-covers","covers",1.0,407
"SPE000001","SPE000352","SPE000352-delivered","delivered",1.0,408
"SPE000001","TOP001042","SPE000352-TOP001042-covers","covers",1.0,408
"SPE000001","TOP001043","SPE000352-TOP001043-covers","covers",1.0,408
"SPE000001","TOP001044","SPE000352-TOP001044-covers","covers",1.0,408
"SPE000001","SPE000354","SPE000354-delivered","delivered",1.0,410
"SPE000001","TOP001046","SPE000354-TOP001046-covers","covers",1.0,410
"SPE000001","TOP001047","SPE000354-TOP001047-covers","covers",1.0,410
"SPE000001","TOP001048","SPE000354-TOP001048-covers","covers",1.0,410
"SPE000001","SPE000359","SPE000359-delivered","delivered",1.0,416
"SPE000001","TOP001062","SPE000359-TOP001062-covers","covers",1.0,416
"SPE000001","TOP001063","SPE000359-TOP001063-covers","covers",1.0,416
"SPE000001","TOP001064","SPE000359-TOP001064-covers","covers",1.0,416
"SPE000001","TOP001074","SPE000019-TOP001074-covers","covers",1.0,420
"SPE000001","TOP001075","SPE000019-TOP001075-covers","covers",1.0,420
"SPE000001","TOP001076","SPE000019-TOP001076-covers","covers",1.0,420
"SPE000001","TOP001085","SPE000201-TOP001085-covers","covers",1.0,424
"SPE000001","TOP001086","SPE000201-TOP001086-covers","covers",1.0,424
"SPE000001","TOP001087","SPE000201-TOP001087-covers","covers",1.0,424
"SPE000001","SPE000371","SPE000371-delivered","delivered",1.0,430
"SPE000001","TOP001102","SPE000371-TOP001102-covers","covers",1.0,430
"SPE000001","TOP001103","SPE000371-TOP001103-covers","covers",1.0,430
"SPE000001","TOP001104","SPE000371-TOP001104-covers","covers",1.0,430
"SPE000001","SPE000375","SPE000375-delivered","delivered",1.0,434
"SPE000001","TOP001114","SPE000375-TOP001114-covers","covers",1.0,434
"SPE000001","TOP001115","SPE000375-TOP001115-covers","covers",1.0,434
"SPE000001","TOP001116","SPE000375-TOP001116-covers","covers",1.0,434
"SPE000001","TOP001117","SPE000014-TOP001117-covers","covers",1.0,435
"SPE000001","TOP001118","SPE000014-TOP001118-covers","covers",1.0,435
"SPE000001","TOP001119","SPE000014-TOP001119-covers","covers",1.0,435
"SPE000001","SPE000376","SPE000376-delivered","delivered",1.0,436
"SPE000001","TOP001120","SPE000376-TOP001120-covers","covers",1.0,436
"SPE000001","TOP001121","SPE000376-TOP001121-covers","covers",1.0,436
"SPE000001","TOP001122","SPE000376-TOP001122-covers","covers",1.0,436
"SPE000001","SPE000381","SPE000381-delivered","delivered",1.0,441
"SPE000001","TOP001134","SPE000381-TOP001134-covers","covers",1.0,441
"SPE000001","TOP001135","SPE000381-TOP001135-covers","covers",1.0,441
"SPE000001","TOP001136","SPE000381-TOP001136-covers","covers",1.0,441
"SPE000001","SPE000384","SPE000384-delivered","delivered",1.0,444
"SPE000001","TOP001143","SPE000384-TOP001143-covers","covers",1.0,444
"SPE000001","TOP001144","SPE000384-TOP001144-covers","covers",1.0,444
"SPE000001","TOP001145","SPE000384-TOP001145-covers","covers",1.0,444
"SPE000001","TOP001146","SPE000019-TOP001146-covers","covers",1.0,445
"SPE000001","TOP001147","SPE000019-TOP001147-covers","covers",1.0,445
"SPE000001","TOP001148","SPE000019-TOP001148-covers","covers",1.0,445
"SPE000001","SPE000393","SPE000393-delivered","delivered",1.0,455
"SPE000001","TOP001175","SPE000393-TOP001175-covers","covers",1.0,455
"SPE000001","TOP001176","SPE000393-TOP001176-covers","covers",1.0,455
"SPE000001","TOP001177","SPE000393-TOP001177-covers","covers",1.0,455
"SPE000001","SPE000395","SPE000395-delivered","delivered",1.0,457
"SPE000001","TOP001181","SPE000395-TOP001181-covers","covers",1.0,457
"SPE000001","TOP001182","SPE000395-TOP001182-covers","covers",1.0,457
"SPE000001","TOP001183","SPE000395-TOP001183-covers","covers",1.0,457
"SPE000001","TOP001195","SPE000019-TOP001195-covers","covers",1.0,463
"SPE000001","TOP001196","SPE000019-TOP001196-covers","covers",1.0,463
"SPE000001","TOP001197","SPE000019-TOP001197-covers","covers",1.0,463
"SPE000001","SPE000404","SPE000404-delivered","delivered",1.0,468
"SPE000001","TOP001210","SPE000404-TOP001210-covers","covers",1.0,468
"SPE000001","TOP001211","SPE000404-TOP001211-covers","covers",1.0,468
"SPE000001","TOP001212","SPE000404-TOP001212-covers","covers",1.0,468
"SPE000001","SPE000409","SPE000409-delivered","delivered",1.0,473
"SPE000001","TOP001223","SPE000409-TOP001223-covers","covers",1.0,473
"SPE000001","TOP001224","SPE000409-TOP001224-covers","covers",1.0,473
"SPE000001","TOP001225","SPE000409-TOP001225-covers","covers",1.0,473
"SPE000001","TOP001247","SPE000014-TOP001247-covers","covers",1.0,481
"SPE000001","TOP001248","SPE000014-TOP001248-covers","covers",1.0,481
"SPE000001","TOP001249","SPE000014-TOP001249-covers","covers",1.0,481
"SPE000001","TOP001259","SPE000019-TOP001259-covers","covers",1.0,486
"SPE000001","TOP001260","SPE000019-TOP001260-covers","covers",1.0,486
"SPE000001","TOP001261","SPE000019-TOP001261-covers","covers",1.0,486
"SPE000001","SPE000423","SPE000423-delivered","delivered",1.0,490
"SPE000001","TOP001271","SPE000423-TOP001271-covers","covers",1.0,490
"SPE000001","TOP001272","SPE000423-TOP001272-covers","covers",1.0,490
"SPE000001","TOP001273","SPE000423-TOP001273-covers","covers",1.0,490
"SPE000001","SPE000428","SPE000428-delivered","delivered",1.0,495
"SPE000001","TOP001283","SPE000428-TOP001283-covers","covers",1.0,495
"SPE000001","TOP001284","SPE000428-TOP001284-covers","covers",1.0,495
"SPE000001","TOP001285","SPE000428-TOP001285-covers","covers",1.0,495
"SPE000001","TOP001291","SPE000086-TOP001291-covers","covers",1.0,498
"SPE000001","TOP001292","SPE000086-TOP001292-covers","covers",1.0,498
"SPE000001","TOP001293","SPE000086-TOP001293-covers","covers",1.0,498
"SPE000001","SPE000435","SPE000435-delivered","delivered",1.0,503
"SPE000001","TOP001305","SPE000435-TOP001305-covers","covers",1.0,503
"SPE000001","TOP001306","SPE000435-TOP001306-covers","covers",1.0,503
"SPE000001","TOP001307","SPE000435-TOP001307-covers","covers",1.0,503
"SPE000001","SPE000445","SPE000445-delivered","delivered",1.0,515
"SPE000001","TOP001338","SPE000445-TOP001338-covers","covers",1.0,515
"SPE000001","TOP001339","SPE000445-TOP001339-covers","covers",1.0,515
"SPE000001","TOP001340","SPE000445-TOP001340-covers","covers",1.0,515
"SPE000001","SPE000433","SPE000433-delivered","delivered",1.0,604
"SPE000001","TOP001344","SPE000433-TOP001344-covers","covers",1.0,517
"SPE000001","TOP001345","SPE000433-TOP001345-covers","covers",1.0,517
"SPE000001","SPE000449","SPE000449-delivered","delivered",1.0,520
"SPE000001","TOP001352","SPE000449-TOP001352-covers","covers",1.0,520
"SPE000001","TOP001353","SPE000449-TOP001353-covers","covers",1.0,520
"SPE000001","TOP001354","SPE000449-TOP001354-covers","covers",1.0,520
"SPE000001","SPE000460","SPE000460-delivered","delivered",1.0,530
"SPE000001","TOP001379","SPE000460-TOP001379-covers","covers",1.0,530
"SPE000001","TOP001380","SPE000460-TOP001380-covers","covers",1.0,530
"SPE000001","TOP001381","SPE000460-TOP001381-covers","covers",1.0,530
"SPE000001","TOP001382","SPE000014-TOP001382-covers","covers",1.0,531
"SPE000001","TOP001383","SPE000014-TOP001383-covers","covers",1.0,531
"SPE000001","TOP001384","SPE000014-TOP001384-covers","covers",1.0,531
"SPE000001","SPE000467","SPE000467-delivered","delivered",1.0,538
"SPE000001","TOP001400","SPE000467-TOP001400-covers","covers",1.0,538
"SPE000001","TOP001401","SPE000467-TOP001401-covers","covers",1.0,538
"SPE000001","TOP001402","SPE000467-TOP001402-covers","covers",1.0,538
"SPE000001","TOP001403","SPE000433-TOP001403-covers","covers",1.0,539
"SPE000001","TOP001404","SPE000433-TOP001404-covers","covers",1.0,539
"SPE000001","TOP001405","SPE000433-TOP001405-covers","covers",1.0,539
"SPE000001","SPE000471","SPE000471-delivered","delivered",1.0,543
"SPE000001","TOP001415","SPE000471-TOP001415-covers","covers",1.0,543
"SPE000001","TOP001416","SPE000471-TOP001416-covers","covers",1.0,543
"SPE000001","TOP001417","SPE000471-TOP001417-covers","covers",1.0,543
"SPE000001","SPE000473","SPE000473-delivered","delivered",1.0,546
"SPE000001","TOP001424","SPE000473-TOP001424-covers","covers",1.0,546
"SPE000001","TOP001425","SPE000473-TOP001425-covers","covers",1.0,546
"SPE000001","TOP001426","SPE000473-TOP001426-covers","covers",1.0,546
"SPE000001","SPE000476","SPE000476-delivered","delivered",1.0,549
"SPE000001","TOP001433","SPE000476-TOP001433-covers","covers",1.0,549
"SPE000001","TOP001434","SPE000476-TOP001434-covers","covers",1.0,549
"SPE000001","TOP001435","SPE000476-TOP001435-covers","covers",1.0,549
"SPE000001","SPE000490","SPE000490-delivered","delivered",1.0,565
"SPE000001","TOP001478","SPE000490-TOP001478-covers","covers",1.0,565
"SPE000001","TOP001479","SPE000490-TOP001479-covers","covers",1.0,565
"SPE000001","TOP001480","SPE000490-TOP001480-covers","covers",1.0,565
"SPE000001","TOP001487","SPE000433-TOP001487-covers","covers",1.0,568
"SPE000001","TOP001488","SPE000433-TOP001488-covers","covers",1.0,568
"SPE000001","TOP001489","SPE000433-TOP001489-covers","covers",1.0,568
"SPE000001","SPE000496","SPE000496-delivered","delivered",1.0,572
"SPE000001","TOP001499","SPE000496-TOP001499-covers","covers",1.0,572
"SPE000001","TOP001500","SPE000496-TOP001500-covers","covers",1.0,572
"SPE000001","TOP001077","SPE000496-TOP001077-covers","covers",1.0,572
"SPE000001","TOP001504","SPE000014-TOP001504-covers","covers",1.0,574
"SPE000001","TOP001505","SPE000014-TOP001505-covers","covers",1.0,574
"SPE000001","TOP001506","SPE000014-TOP001506-covers","covers",1.0,574
"SPE000001","SPE000502","SPE000502-delivered","delivered",1.0,579
"SPE000001","TOP001518","SPE000502-TOP001518-covers","covers",1.0,579
"SPE000001","TOP001519","SPE000502-TOP001519-covers","covers",1.0,579
"SPE000001","TOP001520","SPE000502-TOP001520-covers","covers",1.0,579
"SPE000001","SPE000511","SPE000511-delivered","delivered",1.0,588
"SPE000001","TOP001541","SPE000511-TOP001541-covers","covers",1.0,588
"SPE000001","TOP001542","SPE000511-TOP001542-covers","covers",1.0,588
"SPE000001","TOP001543","SPE000511-TOP001543-covers","covers",1.0,588
"SPE000001","TOP001547","SPE000433-TOP001547-covers","covers",1.0,590
"SPE000001","TOP001548","SPE000433-TOP001548-covers","covers",1.0,590
"SPE000001","TOP001549","SPE000433-TOP001549-covers","covers",1.0,590
"SPE000001","SPE000513","SPE000513-delivered","delivered",1.0,591
"SPE000001","TOP001550","SPE000513-TOP001550-covers","covers",1.0,591
"SPE000001","TOP001551","SPE000513-TOP001551-covers","covers",1.0,591
"SPE000001","TOP001552","SPE000513-TOP001552-covers","covers",1.0,591
"SPE000001","SPE000516","SPE000516-delivered","delivered",1.0,594
"SPE000001","TOP001557","SPE000516-TOP001557-covers","covers",1.0,594
"SPE000001","TOP001558","SPE000516-TOP001558-covers","covers",1.0,594
"SPE000001","TOP001559","SPE000516-TOP001559-covers","covers",1.0,594
"SPE000001","SPE000517","SPE000517-delivered","delivered",1.0,595
"SPE000001","TOP001560","SPE000517-TOP001560-covers","covers",1.0,595
"SPE000001","TOP001561","SPE000517-TOP001561-covers","covers",1.0,595
"SPE000001","TOP001562","SPE000517-TOP001562-covers","covers",1.0,595
"SPE000001","TOP001586","SPE000433-TOP001586-covers","covers",1.0,604
"SPE000001","TOP001587","SPE000433-TOP001587-covers","covers",1.0,604
"SPE000001","TOP001588","SPE000433-TOP001588-covers","covers",1.0,604
"SPE000001","TOP001597","SPE000201-TOP001597-covers","covers",1.0,608
"SPE000001","TOP001598","SPE000201-TOP001598-covers","covers",1.0,608
"SPE000001","TOP001599","SPE000201-TOP001599-covers","covers",1.0,608
"SPE000001","SPE000533","SPE000533-delivered","delivered",1.0,612
"SPE000001","TOP001609","SPE000533-TOP001609-covers","covers",1.0,612
"SPE000001","TOP001610","SPE000533-TOP001610-covers","covers",1.0,612
"SPE000001","TOP001611","SPE000533-TOP001611-covers","covers",1.0,612
"SPE000001","TOP001640","SPE000238-TOP001640-covers","covers",1.0,623
"SPE000001","TOP001641","SPE000238-TOP001641-covers","covers",1.0,623
"SPE000001","TOP001642","SPE000238-TOP001642-covers","covers",1.0,623
"SPE000002","DAT000001","SPE000002-held_on","held_on",1.0,0
"SPE000003","SPE000004","SPE000004-delivered","delivered",1.0,1
"SPE000003","TOP000004","SPE000004-TOP000004-covers","covers",1.0,1
"SPE000003","TOP000005","SPE000004-TOP000005-covers","covers",1.0,1
"SPE000003","TOP000006","SPE000004-TOP000006-covers","covers",1.0,1
"SPE000003","SPE000023","SPE000023-delivered","delivered",1.0,16
"SPE000003","TOP000048","SPE000023-TOP000048-covers","covers",1.0,16
"SPE000003","TOP000049","SPE000023-TOP000049-covers","covers",1.0,16
"SPE000003","TOP000050","SPE000023-TOP000050-covers","covers",1.0,16
"SPE000003","SPE000041","SPE000041-delivered","delivered",1.0,34
"SPE000003","TOP000100","SPE000041-TOP000100-covers","covers",1.0,34
"SPE000003","TOP000101","SPE000041-TOP000101-covers","covers",1.0,34
"SPE000003","TOP000102","SPE000041-TOP000102-covers","covers",1.0,34
"SPE000003","SPE000050","SPE000050-delivered","delivered",1.0,43
"SPE000003","TOP000126","SPE000050-TOP000126-covers","covers",1.0,43
"SPE000003","TOP000127","SPE000050-TOP000127-covers","covers",1.0,43
"SPE000003","TOP000128","SPE000050-TOP000128-covers","covers",1.0,43
"SPE000003","SPE000052","SPE000052-delivered","delivered",1.0,45
"SPE000003","TOP000129","SPE000052-TOP000129-covers","covers",1.0,45
"SPE000003","TOP000130","SPE000052-TOP000130-covers","covers",1.0,45
"SPE000003","TOP000131","SPE000052-TOP000131-covers","covers",1.0,45
"SPE000003","SPE000056","SPE000056-delivered","delivered",1.0,50
"SPE000003","TOP000142","SPE000056-TOP000142-covers","covers",1.0,50
"SPE000003","TOP000143","SPE000056-TOP000143-covers","covers",1.0,50
"SPE000003","TOP000144","SPE000056-TOP000144-covers","covers",1.0,50
"SPE000003","SPE000061","SPE000061-delivered","delivered",1.0,55
"SPE000003","TOP000155","SPE000061-TOP000155-covers","covers",1.0,55
"SPE000003","TOP000156","SPE000061-TOP000156-covers","covers",1.0,55
"SPE000003","TOP000157","SPE000061-TOP000157-covers","covers",1.0,55
"SPE000003","SPE000078","SPE000078-delivered","delivered",1.0,77
"SPE000003","TOP000207","SPE000078-TOP000207-covers","covers",1.0,77
"SPE000003","TOP000208","SPE000078-TOP000208-covers","covers",1.0,77
"SPE000003","TOP000209","SPE000078-TOP000209-covers","covers",1.0,77
"SPE000003","SPE000084","SPE000084-delivered","delivered",1.0,83
"SPE000003","TOP000221","SPE000084-TOP000221-covers","covers",1.0,83
"SPE000003","TOP000222","SPE000084-TOP000222-covers","covers",1.0,83
"SPE000003","TOP000223","SPE000084-TOP000223-covers","covers",1.0,83
"SPE000003","SPE000099","SPE000099-delivered","delivered",1.0,102
"SPE000003","TOP000270","SPE000099-TOP000270-covers","covers",1.0,102
"SPE000003","TOP000271","SPE000099-TOP000271-covers","covers",1.0,102
"SPE000003","TOP000272","SPE000099-TOP000272-covers","covers",1.0,102
"SPE000003","SPE000101","SPE000101-delivered","delivered",1.0,104
"SPE000003","TOP000276","SPE000101-TOP000276-covers","covers",1.0,104
"SPE000003","TOP000277","SPE000101-TOP000277-covers","covers",1.0,104
"SPE000003","TOP000278","SPE000101-TOP000278-covers","covers",1.0,104
"SPE000003","SPE000112","SPE000112-delivered","delivered",1.0,117
"SPE000003","TOP000313","SPE000112-TOP000313-covers","covers",1.0,117
"SPE000003","TOP000314","SPE000112-TOP000314-covers","covers",1.0,117
"SPE000003","TOP000315","SPE000112-TOP000315-covers","covers",1.0,117
"SPE000003","SPE000114","SPE000114-delivered","delivered",1.0,119
"SPE000003","TOP000316","SPE000114-TOP000316-covers","covers",1.0,119
"SPE000003","TOP000317","SPE000114-TOP000317-covers","covers",1.0,119
"SPE000003","TOP000318","SPE000114-TOP000318-covers","covers",1.0,119
"SPE000003","SPE000122","SPE000122-delivered","delivered",1.0,128
"SPE000003","TOP000336","SPE000122-TOP000336-covers","covers",1.0,128
"SPE000003","TOP000337","SPE000122-TOP000337-covers","covers",1.0,128
"SPE000003","TOP000338","SPE000122-TOP000338-covers","covers",1.0,128
"SPE000003","SPE000133","SPE000133-delivered","delivered",1.0,141
"SPE000003","TOP000372","SPE000133-TOP000372-covers","covers",1.0,141
"SPE000003","TOP000373","SPE000133-TOP000373-covers","covers",1.0,141
"SPE000003","TOP000374","SPE000133-TOP000374-covers","covers",1.0,141
"SPE000003","TOP000374","SPE000369-TOP000374-covers","covers",1.0,428
"SPE000003","SPE000142","SPE000142-delivered","delivered",1.0,154
"SPE000003","TOP000403","SPE000142-TOP000403-covers","covers",1.0,154
"SPE000003","TOP000404","SPE000142-TOP000404-covers","covers",1.0,154
"SPE000003","TOP000405","SPE000142-TOP000405-covers","covers",1.0,154
"SPE000003","SPE000160","SPE000160-delivered","delivered",1.0,175
"SPE000003","TOP000457","SPE000160-TOP000457-covers","covers",1.0,175
"SPE000003","TOP000458","SPE000160-TOP000458-covers","covers",1.0,175
"SPE000003","TOP000459","SPE000160-TOP000459-covers","covers",1.0,175
"SPE000003","SPE000161","SPE000161-delivered","delivered",1.0,176
"SPE000003","TOP000460","SPE000161-TOP000460-covers","covers",1.0,176
"SPE000003","TOP000461","SPE000161-TOP000461-covers","covers",1.0,176
"SPE000003","TOP000462","SPE000161-TOP000462-covers","covers",1.0,176
"SPE000003","SPE000181","SPE000181-delivered","delivered",1.0,202
"SPE000003","TOP000525","SPE000181-TOP000525-covers","covers",1.0,202
"SPE000003","TOP000526","SPE000181-TOP000526-covers","covers",1.0,202
"SPE000003","TOP000527","SPE000181-TOP000527-covers","covers",1.0,202
"SPE000003","SPE000185","SPE000185-delivered","delivered",1.0,208
"SPE000003","TOP000540","SPE000185-TOP000540-covers","covers",1.0,208
"SPE000003","TOP000541","SPE000185-TOP000541-covers","covers",1.0,208
"SPE000003","TOP000542","SPE000185-TOP000542-covers","covers",1.0,208
"SPE000003","SPE000191","SPE000191-delivered","delivered",1.0,215
"SPE000003","TOP000556","SPE000191-TOP000556-covers","covers",1.0,215
"SPE000003","TOP000557","SPE000191-TOP000557-covers","covers",1.0,215
"SPE000003","TOP000558","SPE000191-TOP000558-covers","covers",1.0,215
"SPE000003","SPE000207","SPE000207-delivered","delivered",1.0,234
"SPE000003","TOP000604","SPE000207-TOP000604-covers","covers",1.0,234
"SPE000003","TOP000605","SPE000207-TOP000605-covers","covers",1.0,234
"SPE000003","TOP000606","SPE000207-TOP000606-covers","covers",1.0,234
"SPE000003","SPE000213","SPE000213-delivered","delivered",1.0,239
"SPE000003","TOP000615","SPE000213-TOP000615-covers","covers",1.0,239
"SPE000003","TOP000616","SPE000213-TOP000616-covers","covers",1.0,239
"SPE000003","TOP000617","SPE000213-TOP000617-covers","covers",1.0,239
"SPE000003","SPE000240","SPE000240-delivered","delivered",1.0,270
"SPE000003","TOP000700","SPE000240-TOP000700-covers","covers",1.0,270
"SPE000003","TOP000701","SPE000240-TOP000701-covers","covers",1.0,270
"SPE000003","TOP000702","SPE000240-TOP000702-covers","covers",1.0,270
"SPE000003","SPE000244","SPE000244-delivered","delivered",1.0,274
"SPE000003","TOP000710","SPE000244-TOP000710-covers","covers",1.0,274
"SPE000003","TOP000711","SPE000244-TOP000711-covers","covers",1.0,274
"SPE000003","TOP000712","SPE000244-TOP000712-covers","covers",1.0,274
"SPE000003","SPE000249","SPE000249-delivered","delivered",1.0,284
"SPE000003","TOP000730","SPE000249-TOP000730-covers","covers",1.0,284
"SPE000003","TOP000731","SPE000249-TOP000731-covers","covers",1.0,284
"SPE000003","TOP000732","SPE000249-TOP000732-covers","covers",1.0,284
"SPE000003","SPE000267","SPE000267-delivered","delivered",1.0,308
"SPE000003","TOP000783","SPE000267-TOP000783-covers","covers",1.0,308
"SPE000003","TOP000784","SPE000267-TOP000784-covers","covers",1.0,308
"SPE000003","TOP000785","SPE000267-TOP000785-covers","covers",1.0,308
"SPE000003","SPE000273","SPE000273-delivered","delivered",1.0,315
"SPE000003","TOP000800","SPE000273-TOP000800-covers","covers",1.0,315
"SPE000003","TOP000801","SPE000273-TOP000801-covers","covers",1.0,315
"SPE000003","TOP000802","SPE000273-TOP000802-covers","covers",1.0,315
"SPE000003","SPE000278","SPE000278-delivered","delivered",1.0,321
"SPE000003","TOP000814","SPE000278-TOP000814-covers","covers",1.0,321
"SPE000003","TOP000815","SPE000278-TOP000815-covers","covers",1.0,321
"SPE000003","TOP000816","SPE000278-TOP000816-covers","covers",1.0,321
"SPE000003","SPE000285","SPE000285-delivered","delivered",1.0,330
"SPE000003","TOP000839","SPE000285-TOP000839-covers","covers",1.0,330
"SPE000003","TOP000840","SPE000285-TOP000840-covers","covers",1.0,330
"SPE000003","TOP000841","SPE000285-TOP000841-covers","covers",1.0,330
"SPE000003","SPE000288","SPE000288-delivered","delivered",1.0,333
"SPE000003","TOP000848","SPE000288-TOP000848-covers","covers",1.0,333
"SPE000003","TOP000849","SPE000288-TOP000849-covers","covers",1.0,333
"SPE000003","TOP000850","SPE000288-TOP000850-covers","covers",1.0,333
"SPE000003","SPE000300","SPE000300-delivered","delivered",1.0,350
"SPE000003","TOP000887","SPE000300-TOP000887-covers","covers",1.0,350
"SPE000003","TOP000888","SPE000300-TOP000888-covers","covers",1.0,350
"SPE000003","TOP000889","SPE000300-TOP000889-covers","covers",1.0,350
"SPE000003","SPE000304","SPE000304-delivered","delivered",1.0,356
"SPE000003","TOP000902","SPE000304-TOP000902-covers","covers",1.0,356
"SPE000003","TOP000903","SPE000304-TOP000903-covers","covers",1.0,356
"SPE000003","TOP000904","SPE000304-TOP000904-covers","covers",1.0,356
"SPE000003","SPE000328","SPE000328-delivered","delivered",1.0,381
"SPE000003","TOP000967","SPE000328-TOP000967-covers","covers",1.0,381
"SPE000003","TOP000968","SPE000328-TOP000968-covers","covers",1.0,381
"SPE000003","TOP000969","SPE000328-TOP000969-covers","covers",1.0,381
"SPE000003","SPE000333","SPE000333-delivered","delivered",1.0,387
"SPE000003","TOP000983","SPE000333-TOP000983-covers","covers",1.0,387
"SPE000003","TOP000984","SPE000333-TOP000984-covers","covers",1.0,387
"SPE000003","TOP000985","SPE000333-TOP000985-covers","covers",1.0,387
"SPE000003","SPE000337","SPE000337-delivered","delivered",1.0,391
"SPE000003","TOP000995","SPE000337-TOP000995-covers","covers",1.0,391
"SPE000003","TOP000996","SPE000337-TOP000996-covers","covers",1.0,391
"SPE000003","TOP000997","SPE000337-TOP000997-covers","covers",1.0,391
"SPE000003","SPE000338","SPE000338-delivered","delivered",1.0,392
"SPE000003","TOP000998","SPE000338-TOP000998-covers","covers",1.0,392
"SPE000003","TOP000999","SPE000338-TOP000999-covers","covers",1.0,392
"SPE000003","TOP001000","SPE000338-TOP001000-covers","covers",1.0,392
"SPE000003","SPE000340","SPE000340-delivered","delivered",1.0,394
"SPE000003","TOP001004","SPE000340-TOP001004-covers","covers",1.0,394
"SPE000003","TOP001005","SPE000340-TOP001005-covers","covers",1.0,394
"SPE000003","TOP001006","SPE000340-TOP001006-covers","covers",1.0,394
"SPE000003","SPE000355","SPE000355-delivered","delivered",1.0,411
"SPE000003","TOP001049","SPE000355-TOP001049-covers","covers",1.0,411
"SPE000003","TOP001050","SPE000355-TOP001050-covers","covers",1.0,411
"SPE000003","TOP001051","SPE000355-TOP001051-covers","covers",1.0,411
"SPE000003","SPE000369","SPE000369-delivered","delivered",1.0,428
"SPE000003","TOP001097","SPE000369-TOP001097-covers","covers",1.0,428
"SPE000003","TOP001098","SPE000369-TOP001098-covers","covers",1.0,428
"SPE000003","SPE000370","SPE000370-delivered","delivered",1.0,429
"SPE000003","TOP001099","SPE000370-TOP001099-covers","covers",1.0,429
"SPE000003","TOP001100","SPE000370-TOP001100-covers","covers",1.0,429
"SPE000003","TOP001101","SPE000370-TOP001101-covers","covers",1.0,429
"SPE000003","SPE000372","SPE000372-delivered","delivered",1.0,431
"SPE000003","TOP001105","SPE000372-TOP001105-covers","covers",1.0,431
"SPE000003","TOP001106","SPE000372-TOP001106-covers","covers",1.0,431
"SPE000003","TOP001107","SPE000372-TOP001107-covers","covers",1.0,431
"SPE000003","SPE000374","SPE000374-delivered","delivered",1.0,433
"SPE000003","TOP001111","SPE000374-TOP001111-covers","covers",1.0,433
"SPE000003","TOP001112","SPE000374-TOP001112-covers","covers",1.0,433
"SPE000003","TOP001113","SPE000374-TOP001113-covers","covers",1.0,433
"SPE000003","SPE000386","SPE000386-delivered","delivered",1.0,447
"SPE000003","TOP001152","SPE000386-TOP001152-covers","covers",1.0,447
"SPE000003","TOP001153","SPE000386-TOP001153-covers","covers",1.0,447
"SPE000003","TOP001154","SPE000386-TOP001154-covers","covers",1.0,447
"SPE000003","SPE000400","SPE000400-delivered","delivered",1.0,464
"SPE000003","TOP001198","SPE000400-TOP001198-covers","covers",1.0,464
"SPE000003","TOP001199","SPE000400-TOP001199-covers","covers",1.0,464
"SPE000003","TOP001200","SPE000400-TOP001200-covers","covers",1.0,464
"SPE000003","SPE000403","SPE000403-delivered","delivered",1.0,467
"SPE000003","TOP001207","SPE000403-TOP001207-covers","covers",1.0,467
"SPE000003","TOP001208","SPE000403-TOP001208-covers","covers",1.0,467
"SPE000003","TOP001209","SPE000403-TOP001209-covers","covers",1.0,467
"SPE000003","SPE000411","SPE000411-delivered","delivered",1.0,475
"SPE000003","TOP001229","SPE000411-TOP001229-covers","covers",1.0,475
"SPE000003","TOP001230","SPE000411-TOP001230-covers","covers",1.0,475
"SPE000003","TOP001231","SPE000411-TOP001231-covers","covers",1.0,475
"SPE000003","SPE000433","SPE000433-delivered","delivered",1.0,501
"SPE000003","TOP001299","SPE000433-TOP001299-covers","covers",1.0,501
"SPE000003","TOP001300","SPE000433-TOP001300-covers","covers",1.0,501
"SPE000003","TOP001301","SPE000433-TOP001301-covers","covers",1.0,501
"SPE000004","DAT000002","SPE000004-held_on","held_on",1.0,1
"SPE000005","SPE000006","SPE000006-delivered","delivered",1.0,2
"SPE000005","TOP000007","SPE000006-TOP000007-covers","covers",1.0,2
"SPE000005","TOP000008","SPE000006-TOP000008-covers","covers",1.0,2
"SPE000005","TOP000008","SPE000040-TOP000008-covers","covers",1.0,33
"SPE000005","TOP000009","SPE000006-TOP000009-covers","covers",1.0,2
"SPE000005","SPE000008","SPE000008-delivered","delivered",1.0,4
"SPE000005","TOP000013","SPE000008-TOP000013-covers","covers",1.0,4
"SPE000005","TOP000014","SPE000008-TOP000014-covers","covers",1.0,4
"SPE000005","TOP000015","SPE000008-TOP000015-covers","covers",1.0,4
"SPE000005","SPE000017","SPE000017-delivered","delivered",1.0,10
"SPE000005","TOP000031","SPE000017-TOP000031-covers","covers",1.0,10
"SPE000005","TOP000018","SPE000017-TOP000018-covers","covers",1.0,10
"SPE000005","TOP000018","SPE000060-TOP000018-covers","covers",1.0,54
"SPE000005","TOP000018","SPE000079-TOP000018-covers","covers",0.9373752474784851,78
"SPE000005","TOP000018","SPE000082-TOP000018-covers","covers",1.0,81
"SPE000005","TOP000018","SPE000090-TOP000018-covers","covers",1.0,384
"SPE000005","TOP000018","SPE000134-TOP000018-covers","covers",1.0,143
"SPE000005","TOP000018","SPE000166-TOP000018-covers","covers",1.0,182
"SPE000005","TOP000018","SPE000169-TOP000018-covers","covers",1.0,188
"SPE000005","TOP000018","SPE000187-TOP000018-covers","covers",1.0,211
"SPE000005","TOP000018","SPE000194-TOP000018-covers","covers",1.0,218
"SPE000005","TOP000018","SPE000137-TOP000018-covers","covers",1.0,288
"SPE000005","TOP000018","SPE000257-TOP000018-covers","covers",1.0,296
"SPE000005","TOP000018","SPE000263-TOP000018-covers","covers",1.0,304
"SPE000005","TOP000018","SPE000268-TOP000018-covers","covers",1.0,309
"SPE000005","TOP000018","SPE000275-TOP000018-covers","covers",1.0,318
"SPE000005","TOP000018","SPE000283-TOP000018-covers","covers",1.0,326
"SPE000005","TOP000018","SPE000305-TOP000018-covers","covers",1.0,357
"SPE000005","TOP000018","SPE000308-TOP000018-covers","covers",1.0,360
"SPE000005","TOP000018","SPE000399-TOP000018-covers","covers",1.0,462
"SPE000005","TOP000018","SPE000488-TOP000018-covers","covers",1.0,563
"SPE000005","TOP000018","SPE000514-TOP000018-covers","covers",1.0,592
"SPE000005","TOP000032","SPE000017-TOP000032-covers","covers",1.0,10
"SPE000005","SPE000020","SPE000020-delivered","delivered",1.0,13
"SPE000005","TOP000039","SPE000020-TOP000039-covers","covers",1.0,13
"SPE000005","TOP000040","SPE000020-TOP000040-covers","covers",1.0,13
"SPE000005","TOP000041","SPE000020-TOP000041-covers","covers",1.0,13
"SPE000005","SPE000040","SPE000040-delivered","delivered",1.0,33
"SPE000005","TOP000098","SPE000040-TOP000098-covers","covers",1.0,33
"SPE000005","TOP000099","SPE000040-TOP000099-covers","covers",1.0,33
"SPE000005","SPE000048","SPE000048-delivered","delivered",1.0,40
"SPE000005","TOP000117","SPE000048-TOP000117-covers","covers",1.0,40
"SPE000005","TOP000118","SPE000048-TOP000118-covers","covers",1.0,40
"SPE000005","TOP000119","SPE000048-TOP000119-covers","covers",1.0,40
"SPE000005","SPE000054","SPE000054-delivered","delivered",1.0,48
"SPE000005","TOP000136","SPE000054-TOP000136-covers","covers",1.0,48
"SPE000005","TOP000137","SPE000054-TOP000137-covers","covers",1.0,48
"SPE000005","TOP000138","SPE000054-TOP000138-covers","covers",1.0,48
"SPE000005","SPE000060","SPE000060-delivered","delivered",1.0,54
"SPE000005","TOP000153","SPE000060-TOP000153-covers","covers",1.0,54
"SPE000005","TOP000153","SPE000118-TOP000153-covers","covers",1.0,351
"SPE000005","TOP000153","SPE000196-TOP000153-covers","covers",1.0,220
"SPE000005","TOP000153","SPE000226-TOP000153-covers","covers",1.0,253
"SPE000005","TOP000153","SPE000283-TOP000153-covers","covers",1.0,326
"SPE000005","TOP000153","SPE000310-TOP000153-covers","covers",1.0,362
"SPE000005","TOP000153","SPE000466-TOP000153-covers","covers",1.0,537
"SPE000005","TOP000153","SPE000547-TOP000153-covers","covers",1.0,628
"SPE000005","TOP000154","SPE000060-TOP000154-covers","covers",1.0,54
"SPE000005","TOP000154","SPE000118-TOP000154-covers","covers",1.0,351
"SPE000005","TOP000154","SPE000137-TOP000154-covers","covers",1.0,178
"SPE000005","TOP000154","SPE000177-TOP000154-covers","covers",1.0,280
"SPE000005","SPE000062","SPE000062-delivered","delivered",1.0,57
"SPE000005","TOP000158","SPE000062-TOP000158-covers","covers",1.0,57
"SPE000005","TOP000159","SPE000062-TOP000159-covers","covers",1.0,57
"SPE000005","TOP000160","SPE000062-TOP000160-covers","covers",1.0,57
"SPE000005","SPE000075","SPE000075-delivered","delivered",1.0,73
"SPE000005","TOP000196","SPE000075-TOP000196-covers","covers",1.0,73
"SPE000005","TOP000197","SPE000075-TOP000197-covers","covers",1.0,73
"SPE000005","TOP000197","SPE000090-TOP000197-covers","covers",1.0,90
"SPE000005","TOP000197","SPE000537-TOP000197-covers","covers",1.0,616
"SPE000005","TOP000198","SPE000075-TOP000198-covers","covers",1.0,73
"SPE000005","SPE000077","SPE000077-delivered","delivered",1.0,75
"SPE000005","TOP000201","SPE000077-TOP000201-covers","covers",1.0,75
"SPE000005","TOP000202","SPE000077-TOP000202-covers","covers",1.0,75
"SPE000005","TOP000203","SPE000077-TOP000203-covers","covers",1.0,75
"SPE000005","SPE000079","SPE000079-delivered","delivered",1.0,78
"SPE000005","TOP000210","SPE000079-TOP000210-covers","covers",1.0,78
"SPE000005","TOP000210","SPE000137-TOP000210-covers","covers",1.0,288
"SPE000005","SPE000082","SPE000082-delivered","delivered",1.0,81
"SPE000005","TOP000217","SPE000082-TOP000217-covers","covers",1.0,81
"SPE000005","TOP000076","SPE000082-TOP000076-covers","covers",1.0,81
"SPE000005","TOP000076","SPE000090-TOP000076-covers","covers",1.0,90
"SPE000005","TOP000076","SPE000116-TOP000076-covers","covers",1.0,122
"SPE000005","TOP000076","SPE000120-TOP000076-covers","covers",1.0,126
"SPE000005","TOP000076","SPE000134-TOP000076-covers","covers",1.0,143
"SPE000005","TOP000076","SPE000147-TOP000076-covers","covers",1.0,159
"SPE000005","TOP000076","SPE000166-TOP000076-covers","covers",1.0,182
"SPE000005","TOP000076","SPE000231-TOP000076-covers","covers",1.0,260
"SPE000005","TOP000076","SPE000137-TOP000076-covers","covers",1.0,288
"SPE000005","TOP000076","SPE000257-TOP000076-covers","covers",1.0,296
"SPE000005","TOP000076","SPE000266-TOP000076-covers","covers",1.0,307
"SPE000005","TOP000076","SPE000268-TOP000076-covers","covers",1.0,309
"SPE000005","TOP000076","SPE000388-TOP000076-covers","covers",1.0,449
"SPE000005","TOP000076","SPE000407-TOP000076-covers","covers",1.0,471
"SPE000005","TOP000076","SPE000461-TOP000076-covers","covers",1.0,532
"SPE000005","TOP000076","SPE000488-TOP000076-covers","covers",1.0,563
"SPE000005","TOP000076","SPE000514-TOP000076-covers","covers",1.0,592
"SPE000005","TOP000076","SPE000563-TOP000076-covers","covers",1.0,645
"SPE000005","SPE000087","SPE000087-delivered","delivered",1.0,86
"SPE000005","TOP000230","SPE000087-TOP000230-covers","covers",1.0,86
"SPE000005","TOP000231","SPE000087-TOP000231-covers","covers",1.0,86
"SPE000005","TOP000232","SPE000087-TOP000232-covers","covers",1.0,86
"SPE000005","SPE000090","SPE000090-delivered","delivered",1.0,384
"SPE000005","SPE000091","SPE000091-delivered","delivered",1.0,101
"SPE000005","TOP000239","SPE000091-TOP000239-covers","covers",1.0,101
"SPE000005","TOP000240","SPE000091-TOP000240-covers","covers",1.0,91
"SPE000005","TOP000241","SPE000091-TOP000241-covers","covers",1.0,91
"SPE000005","TOP000242","SPE000090-TOP000242-covers","covers",1.0,92
"SPE000005","TOP000243","SPE000090-TOP000243-covers","covers",1.0,92
"SPE000005","TOP000244","SPE000090-TOP000244-covers","covers",1.0,92
"SPE000005","SPE000095","SPE000095-delivered","delivered",1.0,97
"SPE000005","TOP000256","SPE000095-TOP000256-covers","covers",1.0,97
"SPE000005","TOP000257","SPE000095-TOP000257-covers","covers",1.0,97
"SPE000005","TOP000258","SPE000095-TOP000258-covers","covers",1.0,97
"SPE000005","SPE000096","SPE000096-delivered","delivered",1.0,98
"SPE000005","TOP000259","SPE000096-TOP000259-covers","covers",1.0,98
"SPE000005","TOP000260","SPE000096-TOP000260-covers","covers",1.0,98
"SPE000005","TOP000261","SPE000096-TOP000261-covers","covers",1.0,98
"SPE000005","TOP000268","SPE000091-TOP000268-covers","covers",1.0,101
"SPE000005","TOP000269","SPE000091-TOP000269-covers","covers",1.0,101
"SPE000005","SPE000103","SPE000103-delivered","delivered",1.0,106
"SPE000005","TOP000282","SPE000103-TOP000282-covers","covers",1.0,106
"SPE000005","TOP000283","SPE000103-TOP000283-covers","covers",1.0,106
"SPE000005","TOP000284","SPE000103-TOP000284-covers","covers",1.0,106
"SPE000005","SPE000106","SPE000106-delivered","delivered",1.0,111
"SPE000005","TOP000295","SPE000106-TOP000295-covers","covers",1.0,111
"SPE000005","TOP000296","SPE000106-TOP000296-covers","covers",1.0,111
"SPE000005","TOP000296","SPE000134-TOP000296-covers","covers",0.9999999403953552,143
"SPE000005","TOP000296","SPE000090-TOP000296-covers","covers",1.0,384
"SPE000005","TOP000297","SPE000106-TOP000297-covers","covers",1.0,111
"SPE000005","SPE000116","SPE000116-delivered","delivered",1.0,122
"SPE000005","TOP000325","SPE000116-TOP000325-covers","covers",1.0,122
"SPE000005","TOP000326","SPE000116-TOP000326-covers","covers",1.0,122
"SPE000005","SPE000118","SPE000118-delivered","delivered",1.0,351
"SPE000005","TOP000115","SPE000118-TOP000115-covers","covers",1.0,351
"SPE000005","TOP000115","SPE000120-TOP000115-covers","covers",1.0,126
"SPE000005","TOP000115","SPE000137-TOP000115-covers","covers",1.0,178
"SPE000005","TOP000115","SPE000164-TOP000115-covers","covers",1.0,180
"SPE000005","TOP000115","SPE000177-TOP000115-covers","covers",1.0,280
"SPE000005","TOP000115","SPE000194-TOP000115-covers","covers",1.0,218
"SPE000005","TOP000115","SPE000250-TOP000115-covers","covers",1.0,286
"SPE000005","TOP000115","SPE000268-TOP000115-covers","covers",1.0,309
"SPE000005","TOP000115","SPE000305-TOP000115-covers","covers",1.0,357
"SPE000005","TOP000115","SPE000379-TOP000115-covers","covers",1.0,439
"SPE000005","TOP000115","SPE000466-TOP000115-covers","covers",1.0,537
"SPE000005","SPE000120","SPE000120-delivered","delivered",1.0,328
"SPE000005","TOP000332","SPE000120-TOP000332-covers","covers",1.0,126
"SPE000005","SPE000124","SPE000124-delivered","delivered",1.0,130
"SPE000005","TOP000342","SPE000124-TOP000342-covers","covers",1.0,130
"SPE000005","TOP000343","SPE000124-TOP000343-covers","covers",1.0,130
"SPE000005","TOP000343","SPE000364-TOP000343-covers","covers",1.0,422
"SPE000005","TOP000344","SPE000124-TOP000344-covers","covers",1.0,130
"SPE000005","SPE000132","SPE000132-delivered","delivered",1.0,140
"SPE000005","TOP000369","SPE000132-TOP000369-covers","covers",1.0,140
"SPE000005","TOP000370","SPE000132-TOP000370-covers","covers",1.0,140
"SPE000005","TOP000371","SPE000132-TOP000371-covers","covers",1.0,140
"SPE000005","SPE000134","SPE000134-delivered","delivered",1.0,143
"SPE000005","SPE000135","SPE000135-delivered","delivered",1.0,144
"SPE000005","TOP000378","SPE000135-TOP000378-covers","covers",1.0,144
"SPE000005","TOP000379","SPE000135-TOP000379-covers","covers",1.0,144
"SPE000005","TOP000380","SPE000135-TOP000380-covers","covers",1.0,144
"SPE000005","SPE000011","SPE000011-delivered","delivered",1.0,145
"SPE000005","TOP000381","SPE000011-TOP000381-covers","covers",1.0,145
"SPE000005","TOP000382","SPE000011-TOP000382-covers","covers",1.0,145
"SPE000005","TOP000383","SPE000011-TOP000383-covers","covers",1.0,145
"SPE000005","SPE000137","SPE000137-delivered","delivered",1.0,288
"SPE000005","TOP000387","SPE000137-TOP000387-covers","covers",1.0,147
"SPE000005","SPE000139","SPE000139-delivered","delivered",1.0,149
"SPE000005","TOP000391","SPE000139-TOP000391-covers","covers",1.0,149
"SPE000005","TOP000392","SPE000139-TOP000392-covers","covers",1.0,149
"SPE000005","TOP000393","SPE000139-TOP000393-covers","covers",1.0,149
"SPE000005","SPE000143","SPE000143-delivered","delivered",1.0,155
"SPE000005","TOP000406","SPE000143-TOP000406-covers","covers",1.0,155
"SPE000005","TOP000407","SPE000143-TOP000407-covers","covers",1.0,155
"SPE000005","TOP000408","SPE000143-TOP000408-covers","covers",1.0,155
"SPE000005","SPE000147","SPE000147-delivered","delivered",1.0,159
"SPE000005","TOP000418","SPE000147-TOP000418-covers","covers",1.0,159
"SPE000005","TOP000419","SPE000147-TOP000419-covers","covers",1.0,159
"SPE000005","SPE000152","SPE000152-delivered","delivered",1.0,164
"SPE000005","TOP000430","SPE000152-TOP000430-covers","covers",1.0,164
"SPE000005","TOP000431","SPE000152-TOP000431-covers","covers",1.0,164
"SPE000005","TOP000432","SPE000152-TOP000432-covers","covers",1.0,164
"SPE000005","SPE000159","SPE000159-delivered","delivered",1.0,174
"SPE000005","TOP000454","SPE000159-TOP000454-covers","covers",1.0,174
"SPE000005","TOP000455","SPE000159-TOP000455-covers","covers",1.0,174
"SPE000005","TOP000456","SPE000159-TOP000456-covers","covers",1.0,174
"SPE000005","TOP000466","SPE000137-TOP000466-covers","covers",1.0,178
"SPE000005","SPE000164","SPE000164-delivered","delivered",1.0,180
"SPE000005","TOP000470","SPE000164-TOP000470-covers","covers",1.0,180
"SPE000005","TOP000471","SPE000164-TOP000471-covers","covers",1.0,180
"SPE000005","SPE000166","SPE000166-delivered","delivered",1.0,182
"SPE000005","TOP000475","SPE000166-TOP000475-covers","covers",1.0,182
"SPE000005","SPE000169","SPE000169-delivered","delivered",1.0,188
"SPE000005","TOP000487","SPE000169-TOP000487-covers","covers",1.0,188
"SPE000005","TOP000488","SPE000169-TOP000488-covers","covers",1.0,188
"SPE000005","SPE000174","SPE000174-delivered","delivered",1.0,194
"SPE000005","TOP000503","SPE000174-TOP000503-covers","covers",1.0,194
"SPE000005","TOP000504","SPE000174-TOP000504-covers","covers",1.0,194
"SPE000005","TOP000504","SPE000508-TOP000504-covers","covers",1.0,585
"SPE000005","TOP000505","SPE000174-TOP000505-covers","covers",1.0,194
"SPE000005","SPE000176","SPE000176-delivered","delivered",1.0,196
"SPE000005","TOP000509","SPE000176-TOP000509-covers","covers",1.0,196
"SPE000005","TOP000510","SPE000176-TOP000510-covers","covers",1.0,196
"SPE000005","TOP000511","SPE000176-TOP000511-covers","covers",1.0,196
"SPE000005","SPE000177","SPE000177-delivered","delivered",1.0,280
"SPE000005","TOP000512","SPE000177-TOP000512-covers","covers",1.0,197
"SPE000005","SPE000179","SPE000179-delivered","delivered",1.0,199
"SPE000005","TOP000516","SPE000179-TOP000516-covers","covers",1.0,199
"SPE000005","TOP000517","SPE000179-TOP000517-covers","covers",1.0,199
"SPE000005","TOP000517","SPE000399-TOP000517-covers","covers",1.0,507
"SPE000005","TOP000518","SPE000179-TOP000518-covers","covers",1.0,199
"SPE000005","SPE000180","SPE000180-delivered","delivered",1.0,201
"SPE000005","TOP000522","SPE000180-TOP000522-covers","covers",1.0,201
"SPE000005","TOP000523","SPE000180-TOP000523-covers","covers",1.0,201
"SPE000005","TOP000523","SPE000547-TOP000523-covers","covers",1.0,628
"SPE000005","TOP000524","SPE000180-TOP000524-covers","covers",1.0,201
"SPE000005","TOP000534","SPE000118-TOP000534-covers","covers",1.0,205
"SPE000005","SPE000187","SPE000187-delivered","delivered",1.0,211
"SPE000005","TOP000546","SPE000187-TOP000546-covers","covers",1.0,211
"SPE000005","TOP000547","SPE000187-TOP000547-covers","covers",1.0,211
"SPE000005","SPE000193","SPE000193-delivered","delivered",1.0,217
"SPE000005","TOP000562","SPE000193-TOP000562-covers","covers",1.0,217
"SPE000005","TOP000563","SPE000193-TOP000563-covers","covers",1.0,217
"SPE000005","TOP000564","SPE000193-TOP000564-covers","covers",1.0,217
"SPE000005","SPE000194","SPE000194-delivered","delivered",1.0,218
"SPE000005","TOP000565","SPE000194-TOP000565-covers","covers",1.0,218
"SPE000005","SPE000196","SPE000196-delivered","delivered",1.0,220
"SPE000005","TOP000569","SPE000196-TOP000569-covers","covers",1.0,220
"SPE000005","TOP000570","SPE000196-TOP000570-covers","covers",1.0,220
"SPE000005","SPE000203","SPE000203-delivered","delivered",1.0,229
"SPE000005","TOP000591","SPE000203-TOP000591-covers","covers",1.0,229
"SPE000005","TOP000592","SPE000203-TOP000592-covers","covers",1.0,229
"SPE000005","TOP000593","SPE000203-TOP000593-covers","covers",1.0,229
"SPE000005","SPE000205","SPE000205-delivered","delivered",1.0,232
"SPE000005","TOP000598","SPE000205-TOP000598-covers","covers",1.0,232
"SPE000005","TOP000599","SPE000205-TOP000599-covers","covers",1.0,232
"SPE000005","TOP000600","SPE000205-TOP000600-covers","covers",1.0,232
"SPE000005","SPE000219","SPE000219-delivered","delivered",1.0,245
"SPE000005","TOP000633","SPE000219-TOP000633-covers","covers",1.0,245
"SPE000005","TOP000634","SPE000219-TOP000634-covers","covers",1.0,245
"SPE000005","TOP000635","SPE000219-TOP000635-covers","covers",1.0,245
"SPE000005","SPE000226","SPE000226-delivered","delivered",1.0,253
"SPE000005","TOP000657","SPE000226-TOP000657-covers","covers",1.0,253
"SPE000005","TOP000657","SPE000308-TOP000657-covers","covers",1.0,360
"SPE000005","TOP000658","SPE000226-TOP000658-covers","covers",1.0,253
"SPE000005","SPE000231","SPE000231-delivered","delivered",1.0,260
"SPE000005","TOP000677","SPE000231-TOP000677-covers","covers",1.0,260
"SPE000005","TOP000678","SPE000231-TOP000678-covers","covers",1.0,260
"SPE000005","TOP000699","SPE000137-TOP000699-covers","covers",1.0,269
"SPE000005","SPE000246","SPE000246-delivered","delivered",1.0,277
"SPE000005","TOP000715","SPE000246-TOP000715-covers","covers",1.0,277
"SPE000005","TOP000716","SPE000246-TOP000716-covers","covers",1.0,277
"SPE000005","TOP000717","SPE000246-TOP000717-covers","covers",1.0,277
"SPE000005","TOP000724","SPE000177-TOP000724-covers","covers",1.0,280
"SPE000005","SPE000250","SPE000250-delivered","delivered",1.0,286
"SPE000005","TOP000733","SPE000250-TOP000733-covers","covers",1.0,286
"SPE000005","TOP000300","SPE000250-TOP000300-covers","covers",1.0,286
"SPE000005","SPE000255","SPE000255-delivered","delivered",1.0,294
"SPE000005","TOP000750","SPE000255-TOP000750-covers","covers",1.0,294
"SPE000005","TOP000751","SPE000255-TOP000751-covers","covers",1.0,294
"SPE000005","TOP000752","SPE000255-TOP000752-covers","covers",1.0,294
"SPE000005","SPE000257","SPE000257-delivered","delivered",1.0,296
"SPE000005","TOP000756","SPE000257-TOP000756-covers","covers",1.0,296
"SPE000005","SPE000258","SPE000258-delivered","delivered",1.0,297
"SPE000005","TOP000757","SPE000258-TOP000757-covers","covers",1.0,297
"SPE000005","TOP000758","SPE000258-TOP000758-covers","covers",1.0,297
"SPE000005","TOP000759","SPE000258-TOP000759-covers","covers",1.0,297
"SPE000005","SPE000263","SPE000263-delivered","delivered",1.0,304
"SPE000005","TOP000773","SPE000263-TOP000773-covers","covers",1.0,304
"SPE000005","TOP000774","SPE000263-TOP000774-covers","covers",1.0,304
"SPE000005","SPE000266","SPE000266-delivered","delivered",1.0,307
"SPE000005","TOP000781","SPE000266-TOP000781-covers","covers",1.0,307
"SPE000005","TOP000782","SPE000266-TOP000782-covers","covers",1.0,307
"SPE000005","TOP000782","SPE000407-TOP000782-covers","covers",1.0,471
"SPE000005","SPE000268","SPE000268-delivered","delivered",1.0,309
"SPE000005","SPE000275","SPE000275-delivered","delivered",1.0,318
"SPE000005","TOP000809","SPE000275-TOP000809-covers","covers",1.0,318
"SPE000005","TOP000810","SPE000275-TOP000810-covers","covers",1.0,318
"SPE000005","SPE000283","SPE000283-delivered","delivered",1.0,326
"SPE000005","TOP000829","SPE000283-TOP000829-covers","covers",1.0,326
"SPE000005","TOP000829","SPE000308-TOP000829-covers","covers",1.0,360
"SPE000005","TOP000833","SPE000120-TOP000833-covers","covers",1.0,328
"SPE000005","TOP000834","SPE000120-TOP000834-covers","covers",1.0,328
"SPE000005","TOP000835","SPE000120-TOP000835-covers","covers",1.0,328
"SPE000005","SPE000290","SPE000290-delivered","delivered",1.0,338
"SPE000005","TOP000861","SPE000290-TOP000861-covers","covers",1.0,338
"SPE000005","TOP000862","SPE000290-TOP000862-covers","covers",1.0,338
"SPE000005","TOP000863","SPE000290-TOP000863-covers","covers",1.0,338
"SPE000005","SPE000292","SPE000292-delivered","delivered",1.0,340
"SPE000005","TOP000866","SPE000292-TOP000866-covers","covers",1.0,340
"SPE000005","TOP000867","SPE000292-TOP000867-covers","covers",1.0,340
"SPE000005","TOP000852","SPE000292-TOP000852-covers","covers",1.0,340
"SPE000005","SPE000294","SPE000294-delivered","delivered",1.0,342
"SPE000005","TOP000871","SPE000294-TOP000871-covers","covers",1.0,342
"SPE000005","TOP000872","SPE000294-TOP000872-covers","covers",1.0,342
"SPE000005","TOP000661","SPE000294-TOP000661-covers","covers",1.0,342
"SPE000005","SPE000305","SPE000305-delivered","delivered",1.0,357
"SPE000005","TOP000905","SPE000305-TOP000905-covers","covers",1.0,357
"SPE000005","SPE000308","SPE000308-delivered","delivered",1.0,360
"SPE000005","SPE000310","SPE000310-delivered","delivered",1.0,362
"SPE000005","TOP000915","SPE000310-TOP000915-covers","covers",1.0,362
"SPE000005","TOP000916","SPE000310-TOP000916-covers","covers",1.0,362
"SPE000005","SPE000315","SPE000315-delivered","delivered",1.0,367
"SPE000005","TOP000929","SPE000315-TOP000929-covers","covers",1.0,367
"SPE000005","TOP000930","SPE000315-TOP000930-covers","covers",1.0,367
"SPE000005","TOP000879","SPE000315-TOP000879-covers","covers",1.0,367
"SPE000005","SPE000318","SPE000318-delivered","delivered",1.0,370
"SPE000005","TOP000937","SPE000318-TOP000937-covers","covers",1.0,370
"SPE000005","TOP000938","SPE000318-TOP000938-covers","covers",1.0,370
"SPE000005","TOP000939","SPE000318-TOP000939-covers","covers",1.0,370
"SPE000005","SPE000325","SPE000325-delivered","delivered",1.0,378
"SPE000005","TOP000959","SPE000325-TOP000959-covers","covers",1.0,378
"SPE000005","TOP000960","SPE000325-TOP000960-covers","covers",1.0,378
"SPE000005","TOP000961","SPE000325-TOP000961-covers","covers",1.0,378
"SPE000005","TOP000976","SPE000090-TOP000976-covers","covers",1.0,384
"SPE000005","SPE000334","SPE000334-delivered","delivered",1.0,388
"SPE000005","TOP000986","SPE000334-TOP000986-covers","covers",1.0,388
"SPE000005","TOP000987","SPE000334-TOP000987-covers","covers",1.0,388
"SPE000005","TOP000988","SPE000334-TOP000988-covers","covers",1.0,388
"SPE000005","SPE000341","SPE000341-delivered","delivered",1.0,395
"SPE000005","TOP001007","SPE000341-TOP001007-covers","covers",1.0,395
"SPE000005","TOP001008","SPE000341-TOP001008-covers","covers",1.0,395
"SPE000005","TOP001009","SPE000341-TOP001009-covers","covers",1.0,395
"SPE000005","SPE000363","SPE000363-delivered","delivered",1.0,421
"SPE000005","TOP001077","SPE000363-TOP001077-covers","covers",1.0,421
"SPE000005","TOP001078","SPE000363-TOP001078-covers","covers",1.0,421
"SPE000005","TOP001079","SPE000363-TOP001079-covers","covers",1.0,421
"SPE000005","SPE000364","SPE000364-delivered","delivered",1.0,422
"SPE000005","TOP001080","SPE000364-TOP001080-covers","covers",1.0,422
"SPE000005","TOP001081","SPE000364-TOP001081-covers","covers",1.0,422
"SPE000005","SPE000367","SPE000367-delivered","delivered",1.0,426
"SPE000005","TOP001091","SPE000367-TOP001091-covers","covers",1.0,426
"SPE000005","TOP001092","SPE000367-TOP001092-covers","covers",1.0,426
"SPE000005","TOP001093","SPE000367-TOP001093-covers","covers",1.0,426
"SPE000005","SPE000377","SPE000377-delivered","delivered",1.0,437
"SPE000005","TOP001123","SPE000377-TOP001123-covers","covers",1.0,437
"SPE000005","TOP001124","SPE000377-TOP001124-covers","covers",1.0,437
"SPE000005","TOP001125","SPE000377-TOP001125-covers","covers",1.0,437
"SPE000005","SPE000379","SPE000379-delivered","delivered",1.0,439
"SPE000005","TOP001129","SPE000379-TOP001129-covers","covers",1.0,439
"SPE000005","TOP001130","SPE000379-TOP001130-covers","covers",1.0,439
"SPE000005","SPE000385","SPE000385-delivered","delivered",1.0,446
"SPE000005","TOP001149","SPE000385-TOP001149-covers","covers",1.0,446
"SPE000005","TOP001150","SPE000385-TOP001150-covers","covers",1.0,446
"SPE000005","TOP001151","SPE000385-TOP001151-covers","covers",1.0,446
"SPE000005","SPE000388","SPE000388-delivered","delivered",1.0,449
"SPE000005","TOP001158","SPE000388-TOP001158-covers","covers",1.0,449
"SPE000005","TOP001158","SPE000488-TOP001158-covers","covers",1.0,563
"SPE000005","TOP001159","SPE000388-TOP001159-covers","covers",0.9999999403953552,449
"SPE000005","SPE000399","SPE000399-delivered","delivered",1.0,507
"SPE000005","TOP001193","SPE000399-TOP001193-covers","covers",1.0,507
"SPE000005","TOP001194","SPE000399-TOP001194-covers","covers",1.0,462
"SPE000005","SPE000407","SPE000407-delivered","delivered",1.0,471
"SPE000005","TOP001219","SPE000407-TOP001219-covers","covers",1.0,471
"SPE000005","SPE000410","SPE000410-delivered","delivered",1.0,474
"SPE000005","TOP001226","SPE000410-TOP001226-covers","covers",1.0,474
"SPE000005","TOP001227","SPE000410-TOP001227-covers","covers",1.0,474
"SPE000005","TOP001228","SPE000410-TOP001228-covers","covers",1.0,474
"SPE000005","SPE000412","SPE000412-delivered","delivered",1.0,476
"SPE000005","TOP001232","SPE000412-TOP001232-covers","covers",1.0,476
"SPE000005","TOP001233","SPE000412-TOP001233-covers","covers",1.0,476
"SPE000005","TOP001234","SPE000412-TOP001234-covers","covers",1.0,476
"SPE000005","SPE000417","SPE000417-delivered","delivered",1.0,482
"SPE000005","TOP001250","SPE000417-TOP001250-covers","covers",1.0,482
"SPE000005","TOP001251","SPE000417-TOP001251-covers","covers",1.0,482
"SPE000005","TOP001252","SPE000417-TOP001252-covers","covers",1.0,482
"SPE000005","SPE000427","SPE000427-delivered","delivered",1.0,494
"SPE000005","TOP001281","SPE000427-TOP001281-covers","covers",1.0,494
"SPE000005","TOP001282","SPE000427-TOP001282-covers","covers",1.0,494
"SPE000005","TOP001261","SPE000427-TOP001261-covers","covers",1.0,494
"SPE000005","SPE000432","SPE000432-delivered","delivered",1.0,500
"SPE000005","TOP001293","SPE000432-TOP001293-covers","covers",1.0,500
"SPE000005","TOP001297","SPE000432-TOP001297-covers","covers",1.0,500
"SPE000005","TOP001298","SPE000432-TOP001298-covers","covers",1.0,500
"SPE000005","TOP001316","SPE000399-TOP001316-covers","covers",1.0,507
"SPE000005","SPE000441","SPE000441-delivered","delivered",1.0,511
"SPE000005","TOP001326","SPE000441-TOP001326-covers","covers",1.0,511
"SPE000005","TOP001327","SPE000441-TOP001327-covers","covers",1.0,511
"SPE000005","TOP001328","SPE000441-TOP001328-covers","covers",1.0,511
"SPE000005","SPE000442","SPE000442-delivered","delivered",1.0,512
"SPE000005","TOP001329","SPE000442-TOP001329-covers","covers",1.0,512
"SPE000005","TOP001330","SPE000442-TOP001330-covers","covers",1.0,512
"SPE000005","TOP001331","SPE000442-TOP001331-covers","covers",0.9335541725158691,512
"SPE000005","SPE000458","SPE000458-delivered","delivered",1.0,528
"SPE000005","TOP001374","SPE000458-TOP001374-covers","covers",1.0,528
"SPE000005","TOP001375","SPE000458-TOP001375-covers","covers",1.0,528
"SPE000005","TOP000262","SPE000458-TOP000262-covers","covers",1.0,528
"SPE000005","SPE000461","SPE000461-delivered","delivered",1.0,532
"SPE000005","TOP001385","SPE000461-TOP001385-covers","covers",1.0,532
"SPE000005","TOP001386","SPE000461-TOP001386-covers","covers",1.0,532
"SPE000005","SPE000465","SPE000465-delivered","delivered",1.0,536
"SPE000005","TOP001396","SPE000465-TOP001396-covers","covers",1.0,536
"SPE000005","TOP001397","SPE000465-TOP001397-covers","covers",1.0,536
"SPE000005","TOP001398","SPE000465-TOP001398-covers","covers",1.0,536
"SPE000005","SPE000466","SPE000466-delivered","delivered",1.0,537
"SPE000005","TOP001399","SPE000466-TOP001399-covers","covers",1.0,537
"SPE000005","SPE000477","SPE000477-delivered","delivered",1.0,550
"SPE000005","TOP001436","SPE000477-TOP001436-covers","covers",1.0,550
"SPE000005","TOP001437","SPE000477-TOP001437-covers","covers",1.0,550
"SPE000005","TOP001438","SPE000477-TOP001438-covers","covers",1.0,550
"SPE000005","SPE000487","SPE000487-delivered","delivered",1.0,562
"SPE000005","TOP001472","SPE000487-TOP001472-covers","covers",1.0,562
"SPE000005","TOP001473","SPE000487-TOP001473-covers","covers",1.0,562
"SPE000005","TOP001474","SPE000487-TOP001474-covers","covers",1.0,562
"SPE000005","SPE000488","SPE000488-delivered","delivered",1.0,563
"SPE000005","SPE000493","SPE000493-delivered","delivered",1.0,569
"SPE000005","TOP001490","SPE000493-TOP001490-covers","covers",1.0,569
"SPE000005","TOP001491","SPE000493-TOP001491-covers","covers",1.0,569
"SPE000005","TOP001492","SPE000493-TOP001492-covers","covers",1.0,569
"SPE000005","SPE000494","SPE000494-delivered","delivered",1.0,570
"SPE000005","TOP001493","SPE000494-TOP001493-covers","covers",1.0,570
"SPE000005","TOP001494","SPE000494-TOP001494-covers","covers",1.0,570
"SPE000005","TOP001495","SPE000494-TOP001495-covers","covers",1.0,570
"SPE000005","SPE000500","SPE000500-delivered","delivered",1.0,577
"SPE000005","TOP001512","SPE000500-TOP001512-covers","covers",1.0,577
"SPE000005","TOP001513","SPE000500-TOP001513-covers","covers",1.0,577
"SPE000005","TOP001514","SPE000500-TOP001514-covers","covers",1.0,577
"SPE000005","SPE000505","SPE000505-delivered","delivered",1.0,582
"SPE000005","TOP001527","SPE000505-TOP001527-covers","covers",1.0,582
"SPE000005","TOP001095","SPE000505-TOP001095-covers","covers",1.0,582
"SPE000005","TOP001528","SPE000505-TOP001528-covers","covers",1.0,582
"SPE000005","SPE000508","SPE000508-delivered","delivered",1.0,585
"SPE000005","TOP001533","SPE000508-TOP001533-covers","covers",1.0,585
"SPE000005","TOP001534","SPE000508-TOP001534-covers","covers",1.0,585
"SPE000005","SPE000509","SPE000509-delivered","delivered",1.0,586
"SPE000005","TOP001535","SPE000509-TOP001535-covers","covers",1.0,586
"SPE000005","TOP001536","SPE000509-TOP001536-covers","covers",1.0,586
"SPE000005","TOP001537","SPE000509-TOP001537-covers","covers",1.0,586
"SPE000005","SPE000514","SPE000514-delivered","delivered",1.0,592
"SPE000005","TOP001553","SPE000514-TOP001553-covers","covers",1.0,592
"SPE000005","SPE000519","SPE000519-delivered","delivered",1.0,597
"SPE000005","TOP001566","SPE000519-TOP001566-covers","covers",1.0,597
"SPE000005","TOP001567","SPE000519-TOP001567-covers","covers",1.0,597
"SPE000005","TOP001568","SPE000519-TOP001568-covers","covers",1.0,597
"SPE000005","SPE000524","SPE000524-delivered","delivered",1.0,601
"SPE000005","TOP001577","SPE000524-TOP001577-covers","covers",1.0,601
"SPE000005","TOP001578","SPE000524-TOP001578-covers","covers",1.0,601
"SPE000005","TOP001579","SPE000524-TOP001579-covers","covers",1.0,601
"SPE000005","SPE000528","SPE000528-delivered","delivered",1.0,606
"SPE000005","TOP001592","SPE000528-TOP001592-covers","covers",1.0,606
"SPE000005","TOP001593","SPE000528-TOP001593-covers","covers",1.0,606
"SPE000005","TOP000299","SPE000528-TOP000299-covers","covers",1.0,606
"SPE000005","SPE000532","SPE000532-delivered","delivered",1.0,611
"SPE000005","TOP001606","SPE000532-TOP001606-covers","covers",1.0,611
"SPE000005","TOP001607","SPE000532-TOP001607-covers","covers",1.0,611
"SPE000005","TOP001608","SPE000532-TOP001608-covers","covers",1.0,611
"SPE000005","SPE000537","SPE000537-delivered","delivered",1.0,616
"SPE000005","TOP001621","SPE000537-TOP001621-covers","covers",1.0,616
"SPE000005","TOP001622","SPE000537-TOP001622-covers","covers",1.0,616
"SPE000005","SPE000539","SPE000539-delivered","delivered",1.0,618
"SPE000005","TOP001626","SPE000539-TOP001626-covers","covers",1.0,618
"SPE000005","TOP001627","SPE000539-TOP001627-covers","covers",1.0,618
"SPE000005","TOP001628","SPE000539-TOP001628-covers","covers",1.0,618
"SPE000005","SPE000547","SPE000547-delivered","delivered",1.0,628
"SPE000005","TOP001655","SPE000547-TOP001655-covers","covers",1.0,628
"SPE000005","SPE000553","SPE000553-delivered","delivered",1.0,634
"SPE000005","TOP001671","SPE000553-TOP001671-covers","covers",1.0,634
"SPE000005","TOP001672","SPE000553-TOP001672-covers","covers",1.0,634
"SPE000005","TOP001673","SPE000553-TOP001673-covers","covers",1.0,634
"SPE000005","SPE000559","SPE000559-delivered","delivered",1.0,641
"SPE000005","TOP001690","SPE000559-TOP001690-covers","covers",1.0,641
"SPE000005","TOP001691","SPE000559-TOP001691-covers","covers",1.0,641
"SPE000005","TOP001692","SPE000559-TOP001692-covers","covers",1.0,641
"SPE000005","SPE000563","SPE000563-delivered","delivered",1.0,645
"SPE000005","TOP001702","SPE000563-TOP001702-covers","covers",1.0,645
"SPE000005","TOP001703","SPE000563-TOP001703-covers","covers",1.0,645
"SPE000005","SPE000201","SPE000201-delivered","delivered",1.0,651
"SPE000005","TOP001719","SPE000201-TOP001719-covers","covers",1.0,651
"SPE000005","TOP001720","SPE000201-TOP001720-covers","covers",1.0,651
"SPE000005","TOP001721","SPE000201-TOP001721-covers","covers",1.0,651
"SPE000005","SPE000569","SPE000569-delivered","delivered",1.0,652
"SPE000005","TOP001722","SPE000569-TOP001722-covers","covers",1.0,652
"SPE000005","TOP001723","SPE000569-TOP001723-covers","covers",1.0,652
"SPE000005","TOP001724","SPE000569-TOP001724-covers","covers",1.0,652
"SPE000006","DAT000003","SPE000006-held_on","held_on",1.0,2
"SPE000007","DAT000004","SPE000007-held_on","held_on",1.0,3
"SPE000008","DAT000004","SPE000008-held_on","held_on",1.0,4
"SPE000009","SPE000010","SPE000010-delivered","delivered",1.0,5
"SPE000009","TOP000016","SPE000010-TOP000016-covers","covers",1.0,5
"SPE000009","TOP000016","SPE000070-TOP000016-covers","covers",1.0,70
"SPE000009","TOP000017","SPE000010-TOP000017-covers","covers",1.0,5
"SPE000009","TOP000018","SPE000010-TOP000018-covers","covers",1.0,5
"SPE000009","TOP000018","SPE000057-TOP000018-covers","covers",1.0,51
"SPE000009","TOP000018","SPE000070-TOP000018-covers","covers",1.0,70
"SPE000009","TOP000018","SPE000131-TOP000018-covers","covers",1.0,139
"SPE000009","TOP000018","SPE000153-TOP000018-covers","covers",1.0,166
"SPE000009","TOP000018","SPE000156-TOP000018-covers","covers",1.0,170
"SPE000009","TOP000018","SPE000184-TOP000018-covers","covers",1.0,209
"SPE000009","TOP000018","SPE000208-TOP000018-covers","covers",1.0,235
"SPE000009","TOP000018","SPE000277-TOP000018-covers","covers",1.0,320
"SPE000009","TOP000018","SPE000353-TOP000018-covers","covers",1.0,409
"SPE000009","TOP000018","SPE000450-TOP000018-covers","covers",1.0,521
"SPE000009","SPE000021","SPE000021-delivered","delivered",1.0,14
"SPE000009","TOP000042","SPE000021-TOP000042-covers","covers",1.0,14
"SPE000009","TOP000043","SPE000021-TOP000043-covers","covers",1.0,14
"SPE000009","TOP000044","SPE000021-TOP000044-covers","covers",1.0,14
"SPE000009","SPE000032","SPE000032-delivered","delivered",1.0,25
"SPE000009","TOP000074","SPE000032-TOP000074-covers","covers",1.0,25
"SPE000009","TOP000075","SPE000032-TOP000075-covers","covers",1.0,25
"SPE000009","TOP000076","SPE000032-TOP000076-covers","covers",1.0,25
"SPE000009","TOP000076","SPE000110-TOP000076-covers","covers",1.0,150
"SPE000009","TOP000076","SPE000153-TOP000076-covers","covers",1.0,166
"SPE000009","TOP000076","SPE000156-TOP000076-covers","covers",1.0,170
"SPE000009","TOP000076","SPE000167-TOP000076-covers","covers",1.0,183
"SPE000009","TOP000076","SPE000204-TOP000076-covers","covers",1.0,231
"SPE000009","TOP000076","SPE000248-TOP000076-covers","covers",1.0,283
"SPE000009","TOP000076","SPE000425-TOP000076-covers","covers",1.0,492
"SPE000009","TOP000076","SPE000429-TOP000076-covers","covers",1.0,496
"SPE000009","SPE000047","SPE000047-delivered","delivered",1.0,47
"SPE000009","TOP000114","SPE000047-TOP000114-covers","covers",1.0,47
"SPE000009","TOP000115","SPE000047-TOP000115-covers","covers",1.0,47
"SPE000009","TOP000115","SPE000184-TOP000115-covers","covers",1.0,209
"SPE000009","TOP000115","SPE000208-TOP000115-covers","covers",1.0,235
"SPE000009","TOP000115","SPE000239-TOP000115-covers","covers",1.0,268
"SPE000009","TOP000115","SPE000436-TOP000115-covers","covers",1.0,504
"SPE000009","TOP000116","SPE000047-TOP000116-covers","covers",1.0,39
"SPE000009","TOP000116","SPE000353-TOP000116-covers","covers",1.0,412
"SPE000009","TOP000135","SPE000047-TOP000135-covers","covers",1.0,47
"SPE000009","SPE000057","SPE000057-delivered","delivered",1.0,51
"SPE000009","TOP000145","SPE000057-TOP000145-covers","covers",1.0,51
"SPE000009","TOP000146","SPE000057-TOP000146-covers","covers",1.0,51
"SPE000009","SPE000065","SPE000065-delivered","delivered",1.0,60
"SPE000009","TOP000167","SPE000065-TOP000167-covers","covers",1.0,60
"SPE000009","TOP000168","SPE000065-TOP000168-covers","covers",1.0,60
"SPE000009","TOP000169","SPE000065-TOP000169-covers","covers",1.0,60
"SPE000009","SPE000070","SPE000070-delivered","delivered",1.0,70
"SPE000009","TOP000153","SPE000070-TOP000153-covers","covers",1.0,70
"SPE000009","TOP000153","SPE000245-TOP000153-covers","covers",1.0,282
"SPE000009","TOP000153","SPE000277-TOP000153-covers","covers",1.0,320
"SPE000009","TOP000183","SPE000070-TOP000183-covers","covers",1.0,67
"SPE000009","SPE000076","SPE000076-delivered","delivered",1.0,74
"SPE000009","TOP000199","SPE000076-TOP000199-covers","covers",1.0,74
"SPE000009","TOP000200","SPE000076-TOP000200-covers","covers",1.0,74
"SPE000009","TOP000008","SPE000076-TOP000008-covers","covers",1.0,74
"SPE000009","SPE000081","SPE000081-delivered","delivered",1.0,80
"SPE000009","TOP000214","SPE000081-TOP000214-covers","covers",1.0,80
"SPE000009","TOP000215","SPE000081-TOP000215-covers","covers",1.0,80
"SPE000009","TOP000216","SPE000081-TOP000216-covers","covers",1.0,80
"SPE000009","SPE000085","SPE000085-delivered","delivered",1.0,84
"SPE000009","TOP000224","SPE000085-TOP000224-covers","covers",1.0,84
"SPE000009","TOP000225","SPE000085-TOP000225-covers","covers",1.0,84
"SPE000009","TOP000226","SPE000085-TOP000226-covers","covers",1.0,84
"SPE000009","SPE000092","SPE000092-delivered","delivered",1.0,93
"SPE000009","TOP000245","SPE000092-TOP000245-covers","covers",1.0,93
"SPE000009","TOP000246","SPE000092-TOP000246-covers","covers",1.0,93
"SPE000009","TOP000247","SPE000092-TOP000247-covers","covers",1.0,93
"SPE000009","TOP000247","SPE000347-TOP000247-covers","covers",1.0,403
"SPE000009","SPE000097","SPE000097-delivered","delivered",1.0,110
"SPE000009","TOP000262","SPE000097-TOP000262-covers","covers",1.0,99
"SPE000009","TOP000262","SPE000104-TOP000262-covers","covers",1.0,108
"SPE000009","TOP000263","SPE000097-TOP000263-covers","covers",1.0,99
"SPE000009","TOP000264","SPE000097-TOP000264-covers","covers",1.0,99
"SPE000009","SPE000104","SPE000104-delivered","delivered",1.0,108
"SPE000009","TOP000197","SPE000104-TOP000197-covers","covers",1.0,108
"SPE000009","TOP000197","SPE000245-TOP000197-covers","covers",1.0,285
"SPE000009","TOP000288","SPE000104-TOP000288-covers","covers",1.0,108
"SPE000009","TOP000292","SPE000097-TOP000292-covers","covers",1.0,110
"SPE000009","TOP000293","SPE000097-TOP000293-covers","covers",1.0,110
"SPE000009","TOP000294","SPE000097-TOP000294-covers","covers",1.0,110
"SPE000009","SPE000107","SPE000107-delivered","delivered",1.0,112
"SPE000009","TOP000298","SPE000107-TOP000298-covers","covers",1.0,112
"SPE000009","TOP000299","SPE000107-TOP000299-covers","covers",1.0,112
"SPE000009","TOP000299","SPE000262-TOP000299-covers","covers",1.0,303
"SPE000009","TOP000300","SPE000107-TOP000300-covers","covers",1.0,112
"SPE000009","SPE000110","SPE000110-delivered","delivered",1.0,150
"SPE000009","TOP000307","SPE000110-TOP000307-covers","covers",1.0,150
"SPE000009","TOP000307","SPE000113-TOP000307-covers","covers",1.0,153
"SPE000009","TOP000308","SPE000110-TOP000308-covers","covers",1.0,115
"SPE000009","TOP000308","SPE000113-TOP000308-covers","covers",1.0,118
"SPE000009","TOP000309","SPE000110-TOP000309-covers","covers",1.0,115
"SPE000009","TOP000309","SPE000113-TOP000309-covers","covers",1.0,118
"SPE000009","SPE000113","SPE000113-delivered","delivered",1.0,153
"SPE000009","SPE000123","SPE000123-delivered","delivered",1.0,129
"SPE000009","TOP000339","SPE000123-TOP000339-covers","covers",1.0,129
"SPE000009","TOP000340","SPE000123-TOP000340-covers","covers",1.0,129
"SPE000009","TOP000341","SPE000123-TOP000341-covers","covers",1.0,129
"SPE000009","TOP000357","SPE000110-TOP000357-covers","covers",1.0,135
"SPE000009","SPE000131","SPE000131-delivered","delivered",1.0,142
"SPE000009","TOP000367","SPE000131-TOP000367-covers","covers",1.0,139
"SPE000009","TOP000368","SPE000131-TOP000368-covers","covers",1.0,139
"SPE000009","TOP000375","SPE000131-TOP000375-covers","covers",1.0,142
"SPE000009","TOP000376","SPE000131-TOP000376-covers","covers",1.0,142
"SPE000009","TOP000377","SPE000131-TOP000377-covers","covers",1.0,142
"SPE000009","TOP000394","SPE000110-TOP000394-covers","covers",1.0,150
"SPE000009","TOP000401","SPE000113-TOP000401-covers","covers",1.0,153
"SPE000009","TOP000402","SPE000113-TOP000402-covers","covers",1.0,153
"SPE000009","SPE000145","SPE000145-delivered","delivered",1.0,157
"SPE000009","TOP000412","SPE000145-TOP000412-covers","covers",1.0,157
"SPE000009","TOP000413","SPE000145-TOP000413-covers","covers",1.0,157
"SPE000009","TOP000414","SPE000145-TOP000414-covers","covers",1.0,157
"SPE000009","SPE000146","SPE000146-delivered","delivered",1.0,158
"SPE000009","TOP000415","SPE000146-TOP000415-covers","covers",1.0,158
"SPE000009","TOP000416","SPE000146-TOP000416-covers","covers",1.0,158
"SPE000009","TOP000417","SPE000146-TOP000417-covers","covers",1.0,158
"SPE000009","SPE000149","SPE000149-delivered","delivered",1.0,187
"SPE000009","TOP000423","SPE000149-TOP000423-covers","covers",1.0,161
"SPE000009","TOP000424","SPE000149-TOP000424-covers","covers",1.0,161
"SPE000009","TOP000425","SPE000149-TOP000425-covers","covers",1.0,161
"SPE000009","SPE000153","SPE000153-delivered","delivered",1.0,166
"SPE000009","TOP000436","SPE000153-TOP000436-covers","covers",1.0,166
"SPE000009","SPE000156","SPE000156-delivered","delivered",1.0,170
"SPE000009","TOP000446","SPE000156-TOP000446-covers","covers",1.0,170
"SPE000009","SPE000158","SPE000158-delivered","delivered",1.0,172
"SPE000009","TOP000450","SPE000158-TOP000450-covers","covers",1.0,172
"SPE000009","TOP000451","SPE000158-TOP000451-covers","covers",1.0,172
"SPE000009","TOP000452","SPE000158-TOP000452-covers","covers",1.0,172
"SPE000009","SPE000163","SPE000163-delivered","delivered",1.0,179
"SPE000009","TOP000467","SPE000163-TOP000467-covers","covers",1.0,179
"SPE000009","TOP000468","SPE000163-TOP000468-covers","covers",1.0,179
"SPE000009","TOP000469","SPE000163-TOP000469-covers","covers",1.0,179
"SPE000009","SPE000167","SPE000167-delivered","delivered",1.0,183
"SPE000009","TOP000476","SPE000167-TOP000476-covers","covers",1.0,183
"SPE000009","TOP000477","SPE000167-TOP000477-covers","covers",1.0,183
"SPE000009","SPE000168","SPE000168-delivered","delivered",1.0,186
"SPE000009","TOP000481","SPE000168-TOP000481-covers","covers",1.0,186
"SPE000009","TOP000482","SPE000168-TOP000482-covers","covers",1.0,186
"SPE000009","TOP000483","SPE000168-TOP000483-covers","covers",1.0,186
"SPE000009","TOP000484","SPE000149-TOP000484-covers","covers",1.0,187
"SPE000009","TOP000485","SPE000149-TOP000485-covers","covers",1.0,187
"SPE000009","TOP000486","SPE000149-TOP000486-covers","covers",1.0,187
"SPE000009","SPE000184","SPE000184-delivered","delivered",1.0,209
"SPE000009","TOP000538","SPE000184-TOP000538-covers","covers",1.0,207
"SPE000009","TOP000539","SPE000184-TOP000539-covers","covers",1.0,209
"SPE000009","TOP000539","SPE000208-TOP000539-covers","covers",1.0,235
"SPE000009","TOP000539","SPE000245-TOP000539-covers","covers",1.0,285
"SPE000009","TOP000539","SPE000239-TOP000539-covers","covers",1.0,276
"SPE000009","TOP000539","SPE000269-TOP000539-covers","covers",1.0,345
"SPE000009","TOP000539","SPE000277-TOP000539-covers","covers",1.0,320
"SPE000009","SPE000195","SPE000195-delivered","delivered",1.0,219
"SPE000009","TOP000566","SPE000195-TOP000566-covers","covers",1.0,219
"SPE000009","TOP000567","SPE000195-TOP000567-covers","covers",1.0,219
"SPE000009","TOP000568","SPE000195-TOP000568-covers","covers",1.0,219
"SPE000009","SPE000204","SPE000204-delivered","delivered",1.0,231
"SPE000009","TOP000203","SPE000204-TOP000203-covers","covers",1.0,231
"SPE000009","TOP000597","SPE000204-TOP000597-covers","covers",1.0,231
"SPE000009","SPE000208","SPE000208-delivered","delivered",1.0,235
"SPE000009","SPE000211","SPE000211-delivered","delivered",1.0,237
"SPE000009","TOP000610","SPE000211-TOP000610-covers","covers",1.0,237
"SPE000009","TOP000611","SPE000211-TOP000611-covers","covers",1.0,237
"SPE000009","TOP000612","SPE000211-TOP000612-covers","covers",1.0,237
"SPE000009","SPE000215","SPE000215-delivered","delivered",1.0,241
"SPE000009","TOP000621","SPE000215-TOP000621-covers","covers",1.0,241
"SPE000009","TOP000622","SPE000215-TOP000622-covers","covers",1.0,241
"SPE000009","TOP000623","SPE000215-TOP000623-covers","covers",1.0,241
"SPE000009","SPE000225","SPE000225-delivered","delivered",1.0,252
"SPE000009","TOP000654","SPE000225-TOP000654-covers","covers",1.0,252
"SPE000009","TOP000655","SPE000225-TOP000655-covers","covers",1.0,252
"SPE000009","TOP000656","SPE000225-TOP000656-covers","covers",1.0,252
"SPE000009","SPE000235","SPE000235-delivered","delivered",1.0,264
"SPE000009","TOP000687","SPE000235-TOP000687-covers","covers",1.0,264
"SPE000009","TOP000688","SPE000235-TOP000688-covers","covers",1.0,264
"SPE000009","TOP000689","SPE000235-TOP000689-covers","covers",1.0,264
"SPE000009","SPE000239","SPE000239-delivered","delivered",1.0,276
"SPE000009","TOP000697","SPE000239-TOP000697-covers","covers",1.0,276
"SPE000009","TOP000698","SPE000239-TOP000698-covers","covers",1.0,268
"SPE000009","SPE000245","SPE000245-delivered","delivered",1.0,285
"SPE000009","TOP000713","SPE000245-TOP000713-covers","covers",1.0,285
"SPE000009","TOP000714","SPE000239-TOP000714-covers","covers",1.0,276
"SPE000009","SPE000248","SPE000248-delivered","delivered",1.0,283
"SPE000009","TOP000728","SPE000248-TOP000728-covers","covers",1.0,283
"SPE000009","TOP000729","SPE000248-TOP000729-covers","covers",1.0,283
"SPE000009","SPE000256","SPE000256-delivered","delivered",1.0,295
"SPE000009","TOP000753","SPE000256-TOP000753-covers","covers",1.0,295
"SPE000009","TOP000754","SPE000256-TOP000754-covers","covers",1.0,295
"SPE000009","TOP000755","SPE000256-TOP000755-covers","covers",1.0,295
"SPE000009","SPE000262","SPE000262-delivered","delivered",1.0,303
"SPE000009","TOP000771","SPE000262-TOP000771-covers","covers",1.0,303
"SPE000009","TOP000772","SPE000262-TOP000772-covers","covers",1.0,303
"SPE000009","SPE000269","SPE000269-delivered","delivered",1.0,345
"SPE000009","TOP000786","SPE000269-TOP000786-covers","covers",1.0,310
"SPE000009","TOP000787","SPE000269-TOP000787-covers","covers",1.0,345
"SPE000009","SPE000270","SPE000270-delivered","delivered",1.0,312
"SPE000009","TOP000791","SPE000270-TOP000791-covers","covers",1.0,312
"SPE000009","TOP000792","SPE000270-TOP000792-covers","covers",1.0,312
"SPE000009","TOP000793","SPE000270-TOP000793-covers","covers",1.0,312
"SPE000009","SPE000277","SPE000277-delivered","delivered",1.0,320
"SPE000009","SPE000284","SPE000284-delivered","delivered",1.0,329
"SPE000009","TOP000836","SPE000284-TOP000836-covers","covers",1.0,329
"SPE000009","TOP000837","SPE000284-TOP000837-covers","covers",1.0,329
"SPE000009","TOP000838","SPE000284-TOP000838-covers","covers",1.0,329
"SPE000009","TOP000857","SPE000269-TOP000857-covers","covers",1.0,336
"SPE000009","SPE000293","SPE000293-delivered","delivered",1.0,341
"SPE000009","TOP000868","SPE000293-TOP000868-covers","covers",1.0,341
"SPE000009","TOP000869","SPE000293-TOP000869-covers","covers",1.0,341
"SPE000009","TOP000870","SPE000293-TOP000870-covers","covers",1.0,341
"SPE000009","SPE000295","SPE000295-delivered","delivered",1.0,343
"SPE000009","TOP000873","SPE000295-TOP000873-covers","covers",1.0,343
"SPE000009","TOP000874","SPE000295-TOP000874-covers","covers",1.0,343
"SPE000009","TOP000875","SPE000295-TOP000875-covers","covers",1.0,343
"SPE000009","TOP000877","SPE000269-TOP000877-covers","covers",1.0,345
"SPE000009","SPE000303","SPE000303-delivered","delivered",1.0,355
"SPE000009","TOP000899","SPE000303-TOP000899-covers","covers",1.0,355
"SPE000009","TOP000900","SPE000303-TOP000900-covers","covers",1.0,355
"SPE000009","TOP000901","SPE000303-TOP000901-covers","covers",1.0,355
"SPE000009","SPE000313","SPE000313-delivered","delivered",1.0,365
"SPE000009","TOP000923","SPE000313-TOP000923-covers","covers",1.0,365
"SPE000009","TOP000924","SPE000313-TOP000924-covers","covers",1.0,365
"SPE000009","TOP000925","SPE000313-TOP000925-covers","covers",1.0,365
"SPE000009","SPE000324","SPE000324-delivered","delivered",1.0,377
"SPE000009","TOP000956","SPE000324-TOP000956-covers","covers",1.0,377
"SPE000009","TOP000957","SPE000324-TOP000957-covers","covers",1.0,377
"SPE000009","TOP000958","SPE000324-TOP000958-covers","covers",1.0,377
"SPE000009","SPE000330","SPE000330-delivered","delivered",1.0,383
"SPE000009","TOP000973","SPE000330-TOP000973-covers","covers",1.0,383
"SPE000009","TOP000974","SPE000330-TOP000974-covers","covers",1.0,383
"SPE000009","TOP000975","SPE000330-TOP000975-covers","covers",1.0,383
"SPE000009","SPE000336","SPE000336-delivered","delivered",1.0,390
"SPE000009","TOP000992","SPE000336-TOP000992-covers","covers",1.0,390
"SPE000009","TOP000993","SPE000336-TOP000993-covers","covers",1.0,390
"SPE000009","TOP000994","SPE000336-TOP000994-covers","covers",1.0,390
"SPE000009","SPE000342","SPE000342-delivered","delivered",1.0,396
"SPE000009","TOP001010","SPE000342-TOP001010-covers","covers",1.0,396
"SPE000009","TOP000453","SPE000342-TOP000453-covers","covers",1.0,396
"SPE000009","TOP000453","SPE000353-TOP000453-covers","covers",1.0,409
"SPE000009","TOP001011","SPE000342-TOP001011-covers","covers",1.0,396
"SPE000009","SPE000347","SPE000347-delivered","delivered",1.0,403
"SPE000009","TOP001028","SPE000347-TOP001028-covers","covers",1.0,403
"SPE000009","TOP001029","SPE000347-TOP001029-covers","covers",1.0,403
"SPE000009","SPE000349","SPE000349-delivered","delivered",1.0,405
"SPE000009","TOP001033","SPE000349-TOP001033-covers","covers",1.0,405
"SPE000009","TOP001034","SPE000349-TOP001034-covers","covers",1.0,405
"SPE000009","TOP001035","SPE000349-TOP001035-covers","covers",1.0,405
"SPE000009","SPE000353","SPE000353-delivered","delivered",1.0,412
"SPE000009","TOP001045","SPE000353-TOP001045-covers","covers",1.0,412
"SPE000009","TOP001052","SPE000353-TOP001052-covers","covers",1.0,412
"SPE000009","SPE000356","SPE000356-delivered","delivered",1.0,454
"SPE000009","TOP001053","SPE000356-TOP001053-covers","covers",1.0,413
"SPE000009","TOP001054","SPE000356-TOP001054-covers","covers",1.0,413
"SPE000009","TOP001055","SPE000356-TOP001055-covers","covers",1.0,413
"SPE000009","SPE000361","SPE000361-delivered","delivered",1.0,418
"SPE000009","TOP001068","SPE000361-TOP001068-covers","covers",1.0,418
"SPE000009","TOP001069","SPE000361-TOP001069-covers","covers",1.0,418
"SPE000009","TOP001070","SPE000361-TOP001070-covers","covers",1.0,418
"SPE000009","SPE000365","SPE000365-delivered","delivered",1.0,423
"SPE000009","TOP001082","SPE000365-TOP001082-covers","covers",1.0,423
"SPE000009","TOP001083","SPE000365-TOP001083-covers","covers",1.0,423
"SPE000009","TOP001084","SPE000365-TOP001084-covers","covers",1.0,423
"SPE000009","SPE000380","SPE000380-delivered","delivered",1.0,440
"SPE000009","TOP001131","SPE000380-TOP001131-covers","covers",1.0,440
"SPE000009","TOP001132","SPE000380-TOP001132-covers","covers",1.0,440
"SPE000009","TOP001133","SPE000380-TOP001133-covers","covers",1.0,440
"SPE000009","SPE000382","SPE000382-delivered","delivered",1.0,442
"SPE000009","TOP001137","SPE000382-TOP001137-covers","covers",1.0,442
"SPE000009","TOP001138","SPE000382-TOP001138-covers","covers",1.0,442
"SPE000009","TOP001139","SPE000382-TOP001139-covers","covers",1.0,442
"SPE000009","SPE000387","SPE000387-delivered","delivered",1.0,448
"SPE000009","TOP001155","SPE000387-TOP001155-covers","covers",1.0,448
"SPE000009","TOP001156","SPE000387-TOP001156-covers","covers",1.0,448
"SPE000009","TOP001157","SPE000387-TOP001157-covers","covers",1.0,448
"SPE000009","SPE000389","SPE000389-delivered","delivered",1.0,450
"SPE000009","TOP001160","SPE000389-TOP001160-covers","covers",1.0,450
"SPE000009","TOP001161","SPE000389-TOP001161-covers","covers",1.0,450
"SPE000009","TOP001162","SPE000389-TOP001162-covers","covers",1.0,450
"SPE000009","SPE000390","SPE000390-delivered","delivered",1.0,451
"SPE000009","TOP001163","SPE000390-TOP001163-covers","covers",1.0,451
"SPE000009","TOP001164","SPE000390-TOP001164-covers","covers",1.0,451
"SPE000009","TOP001165","SPE000390-TOP001165-covers","covers",1.0,451
"SPE000009","SPE000391","SPE000391-delivered","delivered",1.0,452
"SPE000009","TOP001166","SPE000391-TOP001166-covers","covers",1.0,452
"SPE000009","TOP001167","SPE000391-TOP001167-covers","covers",1.0,452
"SPE000009","TOP001168","SPE000391-TOP001168-covers","covers",0.9999999403953552,452
"SPE000009","SPE000392","SPE000392-delivered","delivered",1.0,453
"SPE000009","TOP001169","SPE000392-TOP001169-covers","covers",1.0,453
"SPE000009","TOP001170","SPE000392-TOP001170-covers","covers",1.0,453
"SPE000009","TOP001171","SPE000392-TOP001171-covers","covers",1.0,453
"SPE000009","TOP001172","SPE000356-TOP001172-covers","covers",1.0,454
"SPE000009","TOP001173","SPE000356-TOP001173-covers","covers",1.0,454
"SPE000009","TOP001174","SPE000356-TOP001174-covers","covers",1.0,454
"SPE000009","SPE000394","SPE000394-delivered","delivered",1.0,456
"SPE000009","TOP001178","SPE000394-TOP001178-covers","covers",1.0,456
"SPE000009","TOP001179","SPE000394-TOP001179-covers","covers",1.0,456
"SPE000009","TOP001180","SPE000394-TOP001180-covers","covers",1.0,456
"SPE000009","SPE000398","SPE000398-delivered","delivered",1.0,460
"SPE000009","TOP001190","SPE000398-TOP001190-covers","covers",1.0,460
"SPE000009","TOP001191","SPE000398-TOP001191-covers","covers",1.0,460
"SPE000009","TOP001192","SPE000398-TOP001192-covers","covers",1.0,460
"SPE000009","SPE000402","SPE000402-delivered","delivered",1.0,466
"SPE000009","TOP001204","SPE000402-TOP001204-covers","covers",1.0,466
"SPE000009","TOP001205","SPE000402-TOP001205-covers","covers",1.0,466
"SPE000009","TOP001206","SPE000402-TOP001206-covers","covers",1.0,466
"SPE000009","SPE000405","SPE000405-delivered","delivered",1.0,469
"SPE000009","TOP001213","SPE000405-TOP001213-covers","covers",1.0,469
"SPE000009","TOP001214","SPE000405-TOP001214-covers","covers",1.0,469
"SPE000009","TOP001215","SPE000405-TOP001215-covers","covers",1.0,469
"SPE000009","SPE000414","SPE000414-delivered","delivered",1.0,478
"SPE000009","TOP001238","SPE000414-TOP001238-covers","covers",1.0,478
"SPE000009","TOP001239","SPE000414-TOP001239-covers","covers",1.0,478
"SPE000009","TOP001240","SPE000414-TOP001240-covers","covers",1.0,478
"SPE000009","SPE000418","SPE000418-delivered","delivered",1.0,483
"SPE000009","TOP001253","SPE000418-TOP001253-covers","covers",1.0,483
"SPE000009","TOP001254","SPE000418-TOP001254-covers","covers",1.0,483
"SPE000009","TOP001255","SPE000418-TOP001255-covers","covers",1.0,483
"SPE000009","TOP001255","SPE000498-TOP001255-covers","covers",1.0,575
"SPE000009","SPE000420","SPE000420-delivered","delivered",1.0,487
"SPE000009","TOP001262","SPE000420-TOP001262-covers","covers",1.0,487
"SPE000009","TOP001263","SPE000420-TOP001263-covers","covers",1.0,487
"SPE000009","TOP001264","SPE000420-TOP001264-covers","covers",1.0,487
"SPE000009","SPE000425","SPE000425-delivered","delivered",1.0,492
"SPE000009","TOP001277","SPE000425-TOP001277-covers","covers",1.0,492
"SPE000009","TOP001278","SPE000425-TOP001278-covers","covers",1.0,492
"SPE000009","SPE000429","SPE000429-delivered","delivered",1.0,496
"SPE000009","TOP001286","SPE000429-TOP001286-covers","covers",1.0,496
"SPE000009","TOP001287","SPE000429-TOP001287-covers","covers",1.0,496
"SPE000009","SPE000431","SPE000431-delivered","delivered",1.0,499
"SPE000009","TOP001294","SPE000431-TOP001294-covers","covers",1.0,499
"SPE000009","TOP001295","SPE000431-TOP001295-covers","covers",1.0,499
"SPE000009","TOP001296","SPE000431-TOP001296-covers","covers",1.0,499
"SPE000009","SPE000436","SPE000436-delivered","delivered",1.0,504
"SPE000009","TOP001308","SPE000436-TOP001308-covers","covers",1.0,504
"SPE000009","TOP001309","SPE000436-TOP001309-covers","covers",1.0,504
"SPE000009","SPE000437","SPE000437-delivered","delivered",1.0,505
"SPE000009","TOP001310","SPE000437-TOP001310-covers","covers",1.0,505
"SPE000009","TOP001311","SPE000437-TOP001311-covers","covers",1.0,505
"SPE000009","TOP001312","SPE000437-TOP001312-covers","covers",1.0,505
"SPE000009","SPE000201","SPE000201-delivered","delivered",1.0,508
"SPE000009","TOP001317","SPE000201-TOP001317-covers","covers",1.0,508
"SPE000009","TOP001318","SPE000201-TOP001318-covers","covers",1.0,508
"SPE000009","TOP001319","SPE000201-TOP001319-covers","covers",1.0,508
"SPE000009","SPE000443","SPE000443-delivered","delivered",1.0,513
"SPE000009","TOP001332","SPE000443-TOP001332-covers","covers",1.0,513
"SPE000009","TOP001333","SPE000443-TOP001333-covers","covers",1.0,513
"SPE000009","TOP001334","SPE000443-TOP001334-covers","covers",1.0,513
"SPE000009","SPE000444","SPE000444-delivered","delivered",1.0,514
"SPE000009","TOP001335","SPE000444-TOP001335-covers","covers",1.0,514
"SPE000009","TOP001336","SPE000444-TOP001336-covers","covers",1.0,514
"SPE000009","TOP001337","SPE000444-TOP001337-covers","covers",1.0,514
"SPE000009","SPE000446","SPE000446-delivered","delivered",1.0,516
"SPE000009","TOP001341","SPE000446-TOP001341-covers","covers",1.0,516
"SPE000009","TOP001342","SPE000446-TOP001342-covers","covers",1.0,516
"SPE000009","TOP001343","SPE000446-TOP001343-covers","covers",1.0,516
"SPE000009","SPE000450","SPE000450-delivered","delivered",1.0,544
"SPE000009","TOP001355","SPE000450-TOP001355-covers","covers",1.0,521
"SPE000009","TOP001356","SPE000450-TOP001356-covers","covers",1.0,521
"SPE000009","SPE000451","SPE000451-delivered","delivered",1.0,522
"SPE000009","TOP001357","SPE000451-TOP001357-covers","covers",1.0,522
"SPE000009","TOP001358","SPE000451-TOP001358-covers","covers",1.0,522
"SPE000009","TOP001359","SPE000451-TOP001359-covers","covers",1.0,522
"SPE000009","SPE000463","SPE000463-delivered","delivered",1.0,534
"SPE000009","TOP001390","SPE000463-TOP001390-covers","covers",1.0,534
"SPE000009","TOP001391","SPE000463-TOP001391-covers","covers",1.0,534
"SPE000009","TOP001392","SPE000463-TOP001392-covers","covers",1.0,534
"SPE000009","SPE000468","SPE000468-delivered","delivered",1.0,540
"SPE000009","TOP001406","SPE000468-TOP001406-covers","covers",1.0,540
"SPE000009","TOP001407","SPE000468-TOP001407-covers","covers",1.0,540
"SPE000009","TOP001408","SPE000468-TOP001408-covers","covers",1.0,540
"SPE000009","SPE000469","SPE000469-delivered","delivered",1.0,541
"SPE000009","TOP001409","SPE000469-TOP001409-covers","covers",1.0,541
"SPE000009","TOP001410","SPE000469-TOP001410-covers","covers",1.0,541
"SPE000009","TOP001411","SPE000469-TOP001411-covers","covers",1.0,541
"SPE000009","TOP001418","SPE000450-TOP001418-covers","covers",1.0,544
"SPE000009","TOP001419","SPE000450-TOP001419-covers","covers",1.0,544
"SPE000009","TOP001420","SPE000450-TOP001420-covers","covers",1.0,544
"SPE000009","SPE000475","SPE000475-delivered","delivered",1.0,548
"SPE000009","TOP001430","SPE000475-TOP001430-covers","covers",1.0,548
"SPE000009","TOP001431","SPE000475-TOP001431-covers","covers",1.0,548
"SPE000009","TOP001432","SPE000475-TOP001432-covers","covers",1.0,548
"SPE000009","SPE000478","SPE000478-delivered","delivered",1.0,551
"SPE000009","TOP001439","SPE000478-TOP001439-covers","covers",1.0,551
"SPE000009","TOP001440","SPE000478-TOP001440-covers","covers",1.0,551
"SPE000009","TOP001441","SPE000478-TOP001441-covers","covers",1.0,551
"SPE000009","SPE000479","SPE000479-delivered","delivered",1.0,553
"SPE000009","TOP001445","SPE000479-TOP001445-covers","covers",1.0,553
"SPE000009","TOP001446","SPE000479-TOP001446-covers","covers",1.0,553
"SPE000009","TOP001447","SPE000479-TOP001447-covers","covers",1.0,553
"SPE000009","SPE000482","SPE000482-delivered","delivered",1.0,559
"SPE000009","TOP001454","SPE000482-TOP001454-covers","covers",1.0,556
"SPE000009","TOP001455","SPE000482-TOP001455-covers","covers",1.0,556
"SPE000009","TOP001456","SPE000482-TOP001456-covers","covers",1.0,556
"SPE000009","TOP001463","SPE000482-TOP001463-covers","covers",1.0,559
"SPE000009","TOP001464","SPE000482-TOP001464-covers","covers",1.0,559
"SPE000009","TOP001465","SPE000482-TOP001465-covers","covers",1.0,559
"SPE000009","SPE000486","SPE000486-delivered","delivered",1.0,561
"SPE000009","TOP001469","SPE000486-TOP001469-covers","covers",1.0,561
"SPE000009","TOP001470","SPE000486-TOP001470-covers","covers",1.0,561
"SPE000009","TOP001471","SPE000486-TOP001471-covers","covers",1.0,561
"SPE000009","SPE000492","SPE000492-delivered","delivered",1.0,567
"SPE000009","TOP001484","SPE000492-TOP001484-covers","covers",1.0,567
"SPE000009","TOP001485","SPE000492-TOP001485-covers","covers",1.0,567
"SPE000009","TOP001486","SPE000492-TOP001486-covers","covers",1.0,567
"SPE000009","SPE000498","SPE000498-delivered","delivered",1.0,575
"SPE000009","TOP001507","SPE000498-TOP001507-covers","covers",1.0,575
"SPE000009","TOP001508","SPE000498-TOP001508-covers","covers",1.0,575
"SPE000009","SPE000501","SPE000501-delivered","delivered",1.0,578
"SPE000009","TOP001515","SPE000501-TOP001515-covers","covers",1.0,578
"SPE000009","TOP001516","SPE000501-TOP001516-covers","covers",1.0,578
"SPE000009","TOP001517","SPE000501-TOP001517-covers","covers",1.0,578
"SPE000009","SPE000510","SPE000510-delivered","delivered",1.0,587
"SPE000009","TOP001538","SPE000510-TOP001538-covers","covers",1.0,587
"SPE000009","TOP001539","SPE000510-TOP001539-covers","covers",1.0,587
"SPE000009","TOP001540","SPE000510-TOP001540-covers","covers",1.0,587
"SPE000009","SPE000518","SPE000518-delivered","delivered",1.0,596
"SPE000009","TOP001563","SPE000518-TOP001563-covers","covers",1.0,596
"SPE000009","TOP001564","SPE000518-TOP001564-covers","covers",1.0,596
"SPE000009","TOP001565","SPE000518-TOP001565-covers","covers",1.0,596
"SPE000010","DAT000005","SPE000010-held_on","held_on",1.0,5
"SPE000011","DAT000006","SPE000011-held_on","held_on",1.0,6
"SPE000011","DAT000109","SPE000011-held_on","held_on",1.0,145
"SPE000011","DAT000472","SPE000011-held_on","held_on",1.0,621
"SPE000011","DAT000640","SPE000011-held_on","held_on",1.0,851
"SPE000011","DAT001946","SPE000011-held_on","held_on",1.0,2583
"SPE000012","SPE000013","SPE000013-delivered","delivered",1.0,7
"SPE000012","TOP000022","SPE000013-TOP000022-covers","covers",1.0,7
"SPE000012","TOP000023","SPE000013-TOP000023-covers","covers",1.0,7
"SPE000012","TOP000024","SPE000013-TOP000024-covers","covers",1.0,7
"SPE000012","TOP000024","SPE000029-TOP000024-covers","covers",1.0,22
"SPE000012","TOP000024","SPE000051-TOP000024-covers","covers",1.0,44
"SPE000012","TOP000024","SPE000069-TOP000024-covers","covers",1.0,184
"SPE000012","TOP000024","SPE000094-TOP000024-covers","covers",1.0,96
"SPE000012","TOP000024","SPE000117-TOP000024-covers","covers",1.0,123
"SPE000012","TOP000024","SPE000151-TOP000024-covers","covers",1.0,163
"SPE000012","TOP000024","SPE000170-TOP000024-covers","covers",1.0,190
"SPE000012","TOP000024","SPE000188-TOP000024-covers","covers",1.0,212
"SPE000012","SPE000024","SPE000024-delivered","delivered",1.0,17
"SPE000012","TOP000051","SPE000024-TOP000051-covers","covers",1.0,17
"SPE000012","TOP000052","SPE000024-TOP000052-covers","covers",1.0,17
"SPE000012","TOP000053","SPE000024-TOP000053-covers","covers",1.0,17
"SPE000012","SPE000026","SPE000026-delivered","delivered",1.0,19
"SPE000012","TOP000057","SPE000026-TOP000057-covers","covers",1.0,19
"SPE000012","TOP000058","SPE000026-TOP000058-covers","covers",1.0,19
"SPE000012","TOP000059","SPE000026-TOP000059-covers","covers",1.0,19
"SPE000012","SPE000027","SPE000027-delivered","delivered",1.0,20
"SPE000012","TOP000060","SPE000027-TOP000060-covers","covers",1.0,20
"SPE000012","TOP000061","SPE000027-TOP000061-covers","covers",1.0,20
"SPE000012","TOP000062","SPE000027-TOP000062-covers","covers",1.0,20
"SPE000012","SPE000028","SPE000028-delivered","delivered",1.0,21
"SPE000012","TOP000063","SPE000028-TOP000063-covers","covers",1.0,21
"SPE000012","TOP000064","SPE000028-TOP000064-covers","covers",1.0,21
"SPE000012","TOP000065","SPE000028-TOP000065-covers","covers",1.0,21
"SPE000012","SPE000029","SPE000029-delivered","delivered",1.0,22
"SPE000012","TOP000066","SPE000029-TOP000066-covers","covers",1.0,22
"SPE000012","TOP000066","SPE000051-TOP000066-covers","covers",1.0,44
"SPE000012","TOP000066","SPE000150-TOP000066-covers","covers",1.0,162
"SPE000012","TOP000067","SPE000029-TOP000067-covers","covers",1.0,22
"SPE000012","TOP000067","SPE000051-TOP000067-covers","covers",1.0,44
"SPE000012","SPE000033","SPE000033-delivered","delivered",1.0,26
"SPE000012","TOP000077","SPE000033-TOP000077-covers","covers",1.0,26
"SPE000012","TOP000078","SPE000033-TOP000078-covers","covers",1.0,26
"SPE000012","TOP000079","SPE000033-TOP000079-covers","covers",1.0,26
"SPE000012","SPE000038","SPE000038-delivered","delivered",1.0,31
"SPE000012","TOP000092","SPE000038-TOP000092-covers","covers",1.0,31
"SPE000012","TOP000093","SPE000038-TOP000093-covers","covers",1.0,31
"SPE000012","TOP000094","SPE000038-TOP000094-covers","covers",1.0,31
"SPE000012","SPE000039","SPE000039-delivered","delivered",1.0,32
"SPE000012","TOP000095","SPE000039-TOP000095-covers","covers",1.0,32
"SPE000012","TOP000096","SPE000039-TOP000096-covers","covers",1.0,32
"SPE000012","TOP000097","SPE000039-TOP000097-covers","covers",1.0,32
"SPE000012","SPE000045","SPE000045-delivered","delivered",1.0,37
"SPE000012","TOP000108","SPE000045-TOP000108-covers","covers",1.0,37
"SPE000012","TOP000109","SPE000045-TOP000109-covers","covers",1.0,37
"SPE000012","TOP000110","SPE000045-TOP000110-covers","covers",1.0,37
"SPE000012","SPE000051","SPE000051-delivered","delivered",1.0,44
"SPE000012","SPE000064","SPE000064-delivered","delivered",1.0,59
"SPE000012","TOP000164","SPE000064-TOP000164-covers","covers",1.0,59
"SPE000012","TOP000165","SPE000064-TOP000165-covers","covers",1.0,59
"SPE000012","TOP000166","SPE000064-TOP000166-covers","covers",1.0,59
"SPE000012","SPE000066","SPE000066-delivered","delivered",1.0,61
"SPE000012","TOP000170","SPE000066-TOP000170-covers","covers",1.0,61
"SPE000012","TOP000171","SPE000066-TOP000171-covers","covers",1.0,61
"SPE000012","TOP000172","SPE000066-TOP000172-covers","covers",1.0,61
"SPE000012","SPE000068","SPE000068-delivered","delivered",1.0,65
"SPE000012","TOP000178","SPE000068-TOP000178-covers","covers",1.0,65
"SPE000012","TOP000179","SPE000068-TOP000179-covers","covers",1.0,65
"SPE000012","TOP000180","SPE000068-TOP000180-covers","covers",1.0,65
"SPE000012","SPE000069","SPE000069-delivered","delivered",1.0,184
"SPE000012","TOP000181","SPE000069-TOP000181-covers","covers",1.0,66
"SPE000012","TOP000182","SPE000069-TOP000182-covers","covers",1.0,66
"SPE000012","SPE000074","SPE000074-delivered","delivered",1.0,72
"SPE000012","TOP000193","SPE000074-TOP000193-covers","covers",1.0,72
"SPE000012","TOP000194","SPE000074-TOP000194-covers","covers",1.0,72
"SPE000012","TOP000195","SPE000074-TOP000195-covers","covers",1.0,72
"SPE000012","SPE000083","SPE000083-delivered","delivered",1.0,82
"SPE000012","TOP000218","SPE000083-TOP000218-covers","covers",1.0,82
"SPE000012","TOP000219","SPE000083-TOP000219-covers","covers",1.0,82
"SPE000012","TOP000220","SPE000083-TOP000220-covers","covers",1.0,82
"SPE000012","SPE000094","SPE000094-delivered","delivered",1.0,96
"SPE000012","TOP000254","SPE000094-TOP000254-covers","covers",1.0,96
"SPE000012","TOP000255","SPE000094-TOP000255-covers","covers",1.0,96
"SPE000012","SPE000100","SPE000100-delivered","delivered",1.0,103
"SPE000012","TOP000273","SPE000100-TOP000273-covers","covers",1.0,103
"SPE000012","TOP000274","SPE000100-TOP000274-covers","covers",1.0,103
"SPE000012","TOP000275","SPE000100-TOP000275-covers","covers",1.0,103
"SPE000012","SPE000105","SPE000105-delivered","delivered",1.0,109
"SPE000012","TOP000289","SPE000105-TOP000289-covers","covers",1.0,109
"SPE000012","TOP000290","SPE000105-TOP000290-covers","covers",1.0,109
"SPE000012","TOP000291","SPE000105-TOP000291-covers","covers",1.0,109
"SPE000012","SPE000117","SPE000117-delivered","delivered",1.0,123
"SPE000012","TOP000327","SPE000117-TOP000327-covers","covers",1.0,123
"SPE000012","TOP000328","SPE000117-TOP000328-covers","covers",1.0,123
"SPE000012","SPE000121","SPE000121-delivered","delivered",1.0,127
"SPE000012","TOP000333","SPE000121-TOP000333-covers","covers",1.0,127
"SPE000012","TOP000334","SPE000121-TOP000334-covers","covers",1.0,127
"SPE000012","TOP000335","SPE000121-TOP000335-covers","covers",1.0,127
"SPE000012","SPE000127","SPE000127-delivered","delivered",1.0,134
"SPE000012","TOP000354","SPE000127-TOP000354-covers","covers",1.0,134
"SPE000012","TOP000355","SPE000127-TOP000355-covers","covers",1.0,134
"SPE000012","TOP000356","SPE000127-TOP000356-covers","covers",1.0,134
"SPE000012","SPE000129","SPE000129-delivered","delivered",1.0,137
"SPE000012","TOP000361","SPE000129-TOP000361-covers","covers",1.0,137
"SPE000012","TOP000362","SPE000129-TOP000362-covers","covers",1.0,137
"SPE000012","TOP000363","SPE000129-TOP000363-covers","covers",1.0,137
"SPE000012","SPE000136","SPE000136-delivered","delivered",1.0,146
"SPE000012","TOP000384","SPE000136-TOP000384-covers","covers",1.0,146
"SPE000012","TOP000385","SPE000136-TOP000385-covers","covers",1.0,146
"SPE000012","TOP000386","SPE000136-TOP000386-covers","covers",1.0,146
"SPE000012","SPE000148","SPE000148-delivered","delivered",1.0,160
"SPE000012","TOP000420","SPE000148-TOP000420-covers","covers",1.0,160
"SPE000012","TOP000421","SPE000148-TOP000421-covers","covers",1.0,160
"SPE000012","TOP000422","SPE000148-TOP000422-covers","covers",1.0,160
"SPE000012","SPE000150","SPE000150-delivered","delivered",1.0,162
"SPE000012","TOP000426","SPE000150-TOP000426-covers","covers",1.0,162
"SPE000012","TOP000427","SPE000150-TOP000427-covers","covers",1.0,162
"SPE000012","SPE000151","SPE000151-delivered","delivered",1.0,163
"SPE000012","TOP000428","SPE000151-TOP000428-covers","covers",1.0,163
"SPE000012","TOP000429","SPE000151-TOP000429-covers","covers",1.0,163
"SPE000012","SPE000154","SPE000154-delivered","delivered",1.0,167
"SPE000012","TOP000437","SPE000154-TOP000437-covers","covers",1.0,167
"SPE000012","TOP000438","SPE000154-TOP000438-covers","covers",1.0,167
"SPE000012","TOP000439","SPE000154-TOP000439-covers","covers",1.0,167
"SPE000012","TOP000453","SPE000069-TOP000453-covers","covers",1.0,173
"SPE000012","TOP000018","SPE000069-TOP000018-covers","covers",1.0,184
"SPE000012","SPE000162","SPE000162-delivered","delivered",1.0,177
"SPE000012","TOP000463","SPE000162-TOP000463-covers","covers",1.0,177
"SPE000012","TOP000464","SPE000162-TOP000464-covers","covers",1.0,177
"SPE000012","TOP000465","SPE000162-TOP000465-covers","covers",1.0,177
"SPE000012","TOP000076","SPE000069-TOP000076-covers","covers",1.0,184
"SPE000012","SPE000170","SPE000170-delivered","delivered",1.0,190
"SPE000012","TOP000492","SPE000170-TOP000492-covers","covers",1.0,190
"SPE000012","TOP000493","SPE000170-TOP000493-covers","covers",1.0,190
"SPE000012","SPE000171","SPE000171-delivered","delivered",1.0,191
"SPE000012","TOP000494","SPE000171-TOP000494-covers","covers",1.0,191
"SPE000012","TOP000495","SPE000171-TOP000495-covers","covers",1.0,191
"SPE000012","TOP000496","SPE000171-TOP000496-covers","covers",1.0,191
"SPE000012","SPE000173","SPE000173-delivered","delivered",1.0,193
"SPE000012","TOP000500","SPE000173-TOP000500-covers","covers",1.0,193
"SPE000012","TOP000501","SPE000173-TOP000501-covers","covers",1.0,193
"SPE000012","TOP000502","SPE000173-TOP000502-covers","covers",1.0,193
"SPE000012","SPE000175","SPE000175-delivered","delivered",1.0,195
"SPE000012","TOP000506","SPE000175-TOP000506-covers","covers",1.0,195
"SPE000012","TOP000507","SPE000175-TOP000507-covers","covers",1.0,195
"SPE000012","TOP000508","SPE000175-TOP000508-covers","covers",1.0,195
"SPE000012","SPE000178","SPE000178-delivered","delivered",1.0,198
"SPE000012","TOP000513","SPE000178-TOP000513-covers","covers",1.0,198
"SPE000012","TOP000514","SPE000178-TOP000514-covers","covers",1.0,198
"SPE000012","TOP000515","SPE000178-TOP000515-covers","covers",1.0,198
"SPE000012","SPE000188","SPE000188-delivered","delivered",1.0,212
"SPE000012","TOP000548","SPE000188-TOP000548-covers","covers",1.0,212
"SPE000012","TOP000549","SPE000188-TOP000549-covers","covers",1.0,212
"SPE000013","DAT000006","SPE000013-held_on","held_on",1.0,7
"SPE000014","DAT000007","SPE000014-held_on","held_on",1.0,8
"SPE000014","DAT000048","SPE000014-held_on","held_on",1.0,63
"SPE000014","DAT000089","SPE000014-held_on","held_on",1.0,121
"SPE000014","DAT000130","SPE000014-held_on","held_on",1.0,169
"SPE000014","DAT000173","SPE000014-held_on","held_on",1.0,224
"SPE000014","DAT000216","SPE000014-held_on","held_on",1.0,279
"SPE000014","DAT000252","SPE000014-held_on","held_on",1.0,327
"SPE000014","DAT000288","SPE000014-held_on","held_on",1.0,373
"SPE000014","DAT000332","SPE000014-held_on","held_on",1.0,435
"SPE000014","DAT000370","SPE000014-held_on","held_on",1.0,481
"SPE000014","DAT000405","SPE000014-held_on","held_on",1.0,531
"SPE000014","DAT000440","SPE000014-held_on","held_on",1.0,574
"SPE000014","DAT000477","SPE000014-held_on","held_on",1.0,626
"SPE000014","DAT000516","SPE000014-held_on","held_on",1.0,677
"SPE000014","DAT000563","SPE000014-held_on","held_on",1.0,741
"SPE000014","DAT000601","SPE000014-held_on","held_on",1.0,791
"SPE000014","DAT000648","SPE000014-held_on","held_on",1.0,860
"SPE000014","DAT000697","SPE000014-held_on","held_on",1.0,930
"SPE000014","DAT000751","SPE000014-held_on","held_on",1.0,1008
"SPE000014","DAT000790","SPE000014-held_on","held_on",1.0,1060
"SPE000015","SPE000016","SPE000016-delivered","delivered",1.0,9
"SPE000015","TOP000028","SPE000016-TOP000028-covers","covers",1.0,9
"SPE000015","TOP000029","SPE000016-TOP000029-covers","covers",1.0,9
"SPE000015","TOP000030","SPE000016-TOP000030-covers","covers",1.0,9
"SPE000015","SPE000053","SPE000053-delivered","delivered",1.0,46
"SPE000015","TOP000132","SPE000053-TOP000132-covers","covers",1.0,46
"SPE000015","TOP000133","SPE000053-TOP000133-covers","covers",1.0,46
"SPE000015","TOP000134","SPE000053-TOP000134-covers","covers",1.0,46
"SPE000015","SPE000063","SPE000063-delivered","delivered",1.0,258
"SPE000015","TOP000161","SPE000063-TOP000161-covers","covers",1.0,58
"SPE000015","TOP000162","SPE000063-TOP000162-covers","covers",1.0,58
"SPE000015","TOP000163","SPE000063-TOP000163-covers","covers",1.0,58
"SPE000015","SPE000067","SPE000067-delivered","delivered",1.0,62
"SPE000015","TOP000173","SPE000067-TOP000173-covers","covers",1.0,62
"SPE000015","TOP000174","SPE000067-TOP000174-covers","covers",1.0,62
"SPE000015","TOP000175","SPE000067-TOP000175-covers","covers",1.0,62
"SPE000015","SPE000071","SPE000071-delivered","delivered",1.0,68
"SPE000015","TOP000184","SPE000071-TOP000184-covers","covers",1.0,68
"SPE000015","TOP000185","SPE000071-TOP000185-covers","covers",1.0,68
"SPE000015","TOP000186","SPE000071-TOP000186-covers","covers",1.0,68
"SPE000015","SPE000089","SPE000089-delivered","delivered",1.0,200
"SPE000015","TOP000236","SPE000089-TOP000236-covers","covers",1.0,89
"SPE000015","TOP000237","SPE000089-TOP000237-covers","covers",1.0,89
"SPE000015","TOP000238","SPE000089-TOP000238-covers","covers",1.0,89
"SPE000015","TOP000285","SPE000063-TOP000285-covers","covers",1.0,107
"SPE000015","TOP000286","SPE000063-TOP000286-covers","covers",1.0,107
"SPE000015","TOP000287","SPE000063-TOP000287-covers","covers",1.0,107
"SPE000015","SPE000108","SPE000108-delivered","delivered",1.0,113
"SPE000015","TOP000301","SPE000108-TOP000301-covers","covers",1.0,113
"SPE000015","TOP000302","SPE000108-TOP000302-covers","covers",1.0,113
"SPE000015","TOP000303","SPE000108-TOP000303-covers","covers",1.0,113
"SPE000015","SPE000115","SPE000115-delivered","delivered",1.0,165
"SPE000015","TOP000319","SPE000115-TOP000319-covers","covers",1.0,120
"SPE000015","TOP000320","SPE000115-TOP000320-covers","covers",1.0,120
"SPE000015","TOP000321","SPE000115-TOP000321-covers","covers",1.0,120
"SPE000015","SPE000125","SPE000125-delivered","delivered",1.0,131
"SPE000015","TOP000345","SPE000125-TOP000345-covers","covers",1.0,131
"SPE000015","TOP000346","SPE000125-TOP000346-covers","covers",1.0,131
"SPE000015","TOP000347","SPE000125-TOP000347-covers","covers",1.0,131
"SPE000015","TOP000347","SPE000291-TOP000347-covers","covers",1.0,339
"SPE000015","TOP000347","SPE000594-TOP000347-covers","covers",1.0,679
"SPE000015","SPE000126","SPE000126-delivered","delivered",1.0,132
"SPE000015","TOP000348","SPE000126-TOP000348-covers","covers",1.0,132
"SPE000015","TOP000349","SPE000126-TOP000349-covers","covers",1.0,132
"SPE000015","TOP000350","SPE000126-TOP000350-covers","covers",1.0,132
"SPE000015","SPE000140","SPE000140-delivered","delivered",1.0,151
"SPE000015","TOP000395","SPE000140-TOP000395-covers","covers",1.0,151
"SPE000015","TOP000396","SPE000140-TOP000396-covers","covers",1.0,151
"SPE000015","TOP000397","SPE000140-TOP000397-covers","covers",1.0,151
"SPE000015","TOP000433","SPE000115-TOP000433-covers","covers",1.0,165
"SPE000015","TOP000434","SPE000115-TOP000434-covers","covers",1.0,165
"SPE000015","TOP000435","SPE000115-TOP000435-covers","covers",1.0,165
"SPE000015","SPE000157","SPE000157-delivered","delivered",1.0,171
"SPE000015","TOP000447","SPE000157-TOP000447-covers","covers",1.0,171
"SPE000015","TOP000448","SPE000157-TOP000448-covers","covers",1.0,171
"SPE000015","TOP000449","SPE000157-TOP000449-covers","covers",1.0,171
"SPE000015","SPE000172","SPE000172-delivered","delivered",1.0,192
"SPE000015","TOP000497","SPE000172-TOP000497-covers","covers",1.0,192
"SPE000015","TOP000498","SPE000172-TOP000498-covers","covers",1.0,192
"SPE000015","TOP000499","SPE000172-TOP000499-covers","covers",1.0,192
"SPE000015","TOP000519","SPE000089-TOP000519-covers","covers",1.0,200
"SPE000015","TOP000520","SPE000089-TOP000520-covers","covers",1.0,200
"SPE000015","TOP000521","SPE000089-TOP000521-covers","covers",1.0,200
"SPE000015","SPE000192","SPE000192-delivered","delivered",1.0,316
"SPE000015","TOP000559","SPE000192-TOP000559-covers","covers",1.0,216
"SPE000015","TOP000560","SPE000192-TOP000560-covers","covers",1.0,216
"SPE000015","TOP000561","SPE000192-TOP000561-covers","covers",1.0,216
"SPE000015","SPE000197","SPE000197-delivered","delivered",1.0,688
"SPE000015","TOP000571","SPE000197-TOP000571-covers","covers",1.0,221
"SPE000015","TOP000572","SPE000197-TOP000572-covers","covers",1.0,221
"SPE000015","TOP000573","SPE000197-TOP000573-covers","covers",1.0,221
"SPE000015","SPE000199","SPE000199-delivered","delivered",1.0,223
"SPE000015","TOP000577","SPE000199-TOP000577-covers","covers",1.0,223
"SPE000015","TOP000578","SPE000199-TOP000578-covers","covers",1.0,223
"SPE000015","TOP000579","SPE000199-TOP000579-covers","covers",1.0,223
"SPE000015","SPE000200","SPE000200-delivered","delivered",1.0,246
"SPE000015","TOP000582","SPE000200-TOP000582-covers","covers",1.0,225
"SPE000015","TOP000583","SPE000200-TOP000583-covers","covers",1.0,225
"SPE000015","TOP000584","SPE000200-TOP000584-covers","covers",1.0,225
"SPE000015","TOP000636","SPE000200-TOP000636-covers","covers",1.0,246
"SPE000015","TOP000637","SPE000200-TOP000637-covers","covers",1.0,246
"SPE000015","TOP000638","SPE000200-TOP000638-covers","covers",1.0,246
"SPE000015","SPE000224","SPE000224-delivered","delivered",1.0,251
"SPE000015","TOP000651","SPE000224-TOP000651-covers","covers",1.0,251
"SPE000015","TOP000652","SPE000224-TOP000652-covers","covers",1.0,251
"SPE000015","TOP000653","SPE000224-TOP000653-covers","covers",1.0,251
"SPE000015","SPE000228","SPE000228-delivered","delivered",1.0,255
"SPE000015","TOP000662","SPE000228-TOP000662-covers","covers",1.0,255
"SPE000015","TOP000663","SPE000228-TOP000663-covers","covers",1.0,255
"SPE000015","TOP000664","SPE000228-TOP000664-covers","covers",1.0,255
"SPE000015","SPE000229","SPE000229-delivered","delivered",1.0,256
"SPE000015","TOP000665","SPE000229-TOP000665-covers","covers",1.0,256
"SPE000015","TOP000666","SPE000229-TOP000666-covers","covers",1.0,256
"SPE000015","TOP000667","SPE000229-TOP000667-covers","covers",1.0,256
"SPE000015","TOP000671","SPE000063-TOP000671-covers","covers",1.0,258
"SPE000015","TOP000672","SPE000063-TOP000672-covers","covers",1.0,258
"SPE000015","TOP000673","SPE000063-TOP000673-covers","covers",1.0,258
"SPE000015","SPE000232","SPE000232-delivered","delivered",1.0,261
"SPE000015","TOP000668","SPE000232-TOP000668-covers","covers",1.0,261
"SPE000015","TOP000679","SPE000232-TOP000679-covers","covers",1.0,261
"SPE000015","TOP000680","SPE000232-TOP000680-covers","covers",1.0,261
"SPE000015","SPE000234","SPE000234-delivered","delivered",1.0,263
"SPE000015","TOP000684","SPE000234-TOP000684-covers","covers",1.0,263
"SPE000015","TOP000685","SPE000234-TOP000685-covers","covers",1.0,263
"SPE000015","TOP000686","SPE000234-TOP000686-covers","covers",1.0,263
"SPE000015","SPE000236","SPE000236-delivered","delivered",1.0,265
"SPE000015","TOP000690","SPE000236-TOP000690-covers","covers",1.0,265
"SPE000015","TOP000691","SPE000236-TOP000691-covers","covers",1.0,265
"SPE000015","TOP000692","SPE000236-TOP000692-covers","covers",1.0,265
"SPE000015","TOP000725","SPE000192-TOP000725-covers","covers",1.0,281
"SPE000015","TOP000726","SPE000192-TOP000726-covers","covers",1.0,281
"SPE000015","TOP000727","SPE000192-TOP000727-covers","covers",1.0,281
"SPE000015","TOP000803","SPE000192-TOP000803-covers","covers",1.0,316
"SPE000015","TOP000804","SPE000192-TOP000804-covers","covers",1.0,316
"SPE000015","TOP000805","SPE000192-TOP000805-covers","covers",1.0,316
"SPE000015","SPE000281","SPE000281-delivered","delivered",1.0,324
"SPE000015","TOP000823","SPE000281-TOP000823-covers","covers",1.0,324
"SPE000015","TOP000824","SPE000281-TOP000824-covers","covers",1.0,324
"SPE000015","TOP000825","SPE000281-TOP000825-covers","covers",1.0,324
"SPE000015","SPE000286","SPE000286-delivered","delivered",1.0,331
"SPE000015","TOP000842","SPE000286-TOP000842-covers","covers",1.0,331
"SPE000015","TOP000843","SPE000286-TOP000843-covers","covers",1.0,331
"SPE000015","TOP000844","SPE000286-TOP000844-covers","covers",1.0,331
"SPE000015","SPE000291","SPE000291-delivered","delivered",1.0,339
"SPE000015","TOP000864","SPE000291-TOP000864-covers","covers",1.0,339
"SPE000015","TOP000865","SPE000291-TOP000865-covers","covers",1.0,339
"SPE000015","SPE000297","SPE000297-delivered","delivered",1.0,346
"SPE000015","TOP000878","SPE000297-TOP000878-covers","covers",1.0,346
"SPE000015","TOP000879","SPE000297-TOP000879-covers","covers",1.0,346
"SPE000015","TOP000880","SPE000297-TOP000880-covers","covers",1.0,346
"SPE000015","SPE000311","SPE000311-delivered","delivered",1.0,552
"SPE000015","TOP000917","SPE000311-TOP000917-covers","covers",1.0,363
"SPE000015","TOP000918","SPE000311-TOP000918-covers","covers",1.0,363
"SPE000015","TOP000919","SPE000311-TOP000919-covers","covers",1.0,363
"SPE000015","SPE000316","SPE000316-delivered","delivered",1.0,368
"SPE000015","TOP000931","SPE000316-TOP000931-covers","covers",1.0,368
"SPE000015","TOP000932","SPE000316-TOP000932-covers","covers",1.0,368
"SPE000015","TOP000933","SPE000316-TOP000933-covers","covers",1.0,368
"SPE000015","SPE000323","SPE000323-delivered","delivered",1.0,376
"SPE000015","TOP000953","SPE000323-TOP000953-covers","covers",1.0,376
"SPE000015","TOP000954","SPE000323-TOP000954-covers","covers",1.0,376
"SPE000015","TOP000955","SPE000323-TOP000955-covers","covers",1.0,376
"SPE000015","SPE000344","SPE000344-delivered","delivered",1.0,399
"SPE000015","TOP001018","SPE000344-TOP001018-covers","covers",1.0,399
"SPE000015","TOP001019","SPE000344-TOP001019-covers","covers",1.0,399
"SPE000015","TOP001020","SPE000344-TOP001020-covers","covers",1.0,399
"SPE000015","SPE000350","SPE000350-delivered","delivered",1.0,406
"SPE000015","TOP001036","SPE000350-TOP001036-covers","covers",1.0,406
"SPE000015","TOP001037","SPE000350-TOP001037-covers","covers",1.0,406
"SPE000015","TOP001038","SPE000350-TOP001038-covers","covers",1.0,406
"SPE000015","SPE000358","SPE000358-delivered","delivered",1.0,415
"SPE000015","TOP001059","SPE000358-TOP001059-covers","covers",1.0,415
"SPE000015","TOP001060","SPE000358-TOP001060-covers","covers",1.0,415
"SPE000015","TOP001061","SPE000358-TOP001061-covers","covers",1.0,415
"SPE000015","SPE000362","SPE000362-delivered","delivered",1.0,419
"SPE000015","TOP001071","SPE000362-TOP001071-covers","covers",1.0,419
"SPE000015","TOP001072","SPE000362-TOP001072-covers","covers",1.0,419
"SPE000015","TOP001073","SPE000362-TOP001073-covers","covers",1.0,419
"SPE000015","SPE000396","SPE000396-delivered","delivered",1.0,458
"SPE000015","TOP001184","SPE000396-TOP001184-covers","covers",1.0,458
"SPE000015","TOP001185","SPE000396-TOP001185-covers","covers",1.0,458
"SPE000015","TOP001186","SPE000396-TOP001186-covers","covers",1.0,458
"SPE000015","SPE000406","SPE000406-delivered","delivered",1.0,470
"SPE000015","TOP001216","SPE000406-TOP001216-covers","covers",1.0,470
"SPE000015","TOP001217","SPE000406-TOP001217-covers","covers",1.0,470
"SPE000015","TOP001218","SPE000406-TOP001218-covers","covers",1.0,470
"SPE000015","SPE000416","SPE000416-delivered","delivered",1.0,480
"SPE000015","TOP001244","SPE000416-TOP001244-covers","covers",1.0,480
"SPE000015","TOP001245","SPE000416-TOP001245-covers","covers",1.0,480
"SPE000015","TOP001246","SPE000416-TOP001246-covers","covers",1.0,480
"SPE000015","SPE000419","SPE000419-delivered","delivered",1.0,485
"SPE000015","TOP001256","SPE000419-TOP001256-covers","covers",1.0,485
"SPE000015","TOP001257","SPE000419-TOP001257-covers","covers",1.0,485
"SPE000015","TOP001258","SPE000419-TOP001258-covers","covers",1.0,485
"SPE000015","SPE000424","SPE000424-delivered","delivered",1.0,491
"SPE000015","TOP001274","SPE000424-TOP001274-covers","covers",1.0,491
"SPE000015","TOP001275","SPE000424-TOP001275-covers","covers",1.0,491
"SPE000015","TOP001276","SPE000424-TOP001276-covers","covers",1.0,491
"SPE000015","SPE000426","SPE000426-delivered","delivered",1.0,493
"SPE000015","TOP001279","SPE000426-TOP001279-covers","covers",1.0,493
"SPE000015","TOP000153","SPE000426-TOP000153-covers","covers",1.0,493
"SPE000015","TOP001280","SPE000426-TOP001280-covers","covers",1.0,493
"SPE000015","SPE000447","SPE000447-delivered","delivered",1.0,518
"SPE000015","TOP001346","SPE000447-TOP001346-covers","covers",1.0,518
"SPE000015","TOP001347","SPE000447-TOP001347-covers","covers",1.0,518
"SPE000015","TOP001348","SPE000447-TOP001348-covers","covers",1.0,518
"SPE000015","SPE000448","SPE000448-delivered","delivered",1.0,519
"SPE000015","TOP001349","SPE000448-TOP001349-covers","covers",1.0,519
"SPE000015","TOP001350","SPE000448-TOP001350-covers","covers",1.0,519
"SPE000015","TOP001351","SPE000448-TOP001351-covers","covers",1.0,519
"SPE000015","SPE000457","SPE000457-delivered","delivered",1.0,527
"SPE000015","TOP001371","SPE000457-TOP001371-covers","covers",1.0,527
"SPE000015","TOP001372","SPE000457-TOP001372-covers","covers",1.0,527
"SPE000015","TOP001373","SPE000457-TOP001373-covers","covers",1.0,527
"SPE000015","TOP001442","SPE000311-TOP001442-covers","covers",1.0,552
"SPE000015","TOP001443","SPE000311-TOP001443-covers","covers",1.0,552
"SPE000015","TOP001444","SPE000311-TOP001444-covers","covers",1.0,552
"SPE000015","SPE000489","SPE000489-delivered","delivered",1.0,564
"SPE000015","TOP001475","SPE000489-TOP001475-covers","covers",1.0,564
"SPE000015","TOP001476","SPE000489-TOP001476-covers","covers",1.0,564
"SPE000015","TOP001477","SPE000489-TOP001477-covers","covers",1.0,564
"SPE000015","SPE000491","SPE000491-delivered","delivered",1.0,566
"SPE000015","TOP001481","SPE000491-TOP001481-covers","covers",1.0,566
"SPE000015","TOP001482","SPE000491-TOP001482-covers","covers",1.0,566
"SPE000015","TOP001483","SPE000491-TOP001483-covers","covers",1.0,566
"SPE000015","SPE000497","SPE000497-delivered","delivered",1.0,573
"SPE000015","TOP001501","SPE000497-TOP001501-covers","covers",1.0,573
"SPE000015","TOP001502","SPE000497-TOP001502-covers","covers",1.0,573
"SPE000015","TOP001503","SPE000497-TOP001503-covers","covers",1.0,573
"SPE000015","SPE000499","SPE000499-delivered","delivered",1.0,576
"SPE000015","TOP001509","SPE000499-TOP001509-covers","covers",1.0,576
"SPE000015","TOP001510","SPE000499-TOP001510-covers","covers",1.0,576
"SPE000015","TOP001511","SPE000499-TOP001511-covers","covers",1.0,576
"SPE000015","SPE000506","SPE000506-delivered","delivered",1.0,583
"SPE000015","TOP001529","SPE000506-TOP001529-covers","covers",1.0,583
"SPE000015","TOP001530","SPE000506-TOP001530-covers","covers",1.0,583
"SPE000015","TOP000138","SPE000506-TOP000138-covers","covers",1.0,583
"SPE000015","SPE000512","SPE000512-delivered","delivered",1.0,589
"SPE000015","TOP001544","SPE000512-TOP001544-covers","covers",1.0,589
"SPE000015","TOP001545","SPE000512-TOP001545-covers","covers",1.0,589
"SPE000015","TOP001546","SPE000512-TOP001546-covers","covers",1.0,589
"SPE000015","SPE000520","SPE000520-delivered","delivered",1.0,598
"SPE000015","TOP001569","SPE000520-TOP001569-covers","covers",1.0,598
"SPE000015","TOP001570","SPE000520-TOP001570-covers","covers",1.0,598
"SPE000015","TOP001571","SPE000520-TOP001571-covers","covers",1.0,598
"SPE000015","SPE000523","SPE000523-delivered","delivered",1.0,622
"SPE000015","TOP001575","SPE000523-TOP001575-covers","covers",1.0,600
"SPE000015","TOP001576","SPE000523-TOP001576-covers","covers",1.0,600
"SPE000015","TOP001130","SPE000523-TOP001130-covers","covers",1.0,600
"SPE000015","SPE000525","SPE000525-delivered","delivered",1.0,602
"SPE000015","TOP001580","SPE000525-TOP001580-covers","covers",1.0,602
"SPE000015","TOP001581","SPE000525-TOP001581-covers","covers",1.0,602
"SPE000015","TOP001582","SPE000525-TOP001582-covers","covers",1.0,602
"SPE000015","SPE000527","SPE000527-delivered","delivered",1.0,605
"SPE000015","TOP001589","SPE000527-TOP001589-covers","covers",1.0,605
"SPE000015","TOP001590","SPE000527-TOP001590-covers","covers",1.0,605
"SPE000015","TOP001591","SPE000527-TOP001591-covers","covers",1.0,605
"SPE000015","SPE000534","SPE000534-delivered","delivered",1.0,613
"SPE000015","TOP001612","SPE000534-TOP001612-covers","covers",1.0,613
"SPE000015","TOP001613","SPE000534-TOP001613-covers","covers",1.0,613
"SPE000015","TOP001614","SPE000534-TOP001614-covers","covers",1.0,613
"SPE000015","SPE000536","SPE000536-delivered","delivered",1.0,615
"SPE000015","TOP001618","SPE000536-TOP001618-covers","covers",1.0,615
"SPE000015","TOP001619","SPE000536-TOP001619-covers","covers",1.0,615
"SPE000015","TOP001620","SPE000536-TOP001620-covers","covers",1.0,615
"SPE000015","TOP001637","SPE000523-TOP001637-covers","covers",1.0,622
"SPE000015","TOP001638","SPE000523-TOP001638-covers","covers",1.0,622
"SPE000015","TOP001639","SPE000523-TOP001639-covers","covers",1.0,622
"SPE000015","SPE000546","SPE000546-delivered","delivered",1.0,627
"SPE000015","TOP001652","SPE000546-TOP001652-covers","covers",1.0,627
"SPE000015","TOP001653","SPE000546-TOP001653-covers","covers",1.0,627
"SPE000015","TOP001654","SPE000546-TOP001654-covers","covers",1.0,627
"SPE000015","SPE000548","SPE000548-delivered","delivered",1.0,629
"SPE000015","TOP001656","SPE000548-TOP001656-covers","covers",1.0,629
"SPE000015","TOP001657","SPE000548-TOP001657-covers","covers",1.0,629
"SPE000015","TOP001658","SPE000548-TOP001658-covers","covers",1.0,629
"SPE000015","SPE000550","SPE000550-delivered","delivered",1.0,631
"SPE000015","TOP001662","SPE000550-TOP001662-covers","covers",1.0,631
"SPE000015","TOP001663","SPE000550-TOP001663-covers","covers",1.0,631
"SPE000015","TOP001664","SPE000550-TOP001664-covers","covers",1.0,631
"SPE000015","SPE000551","SPE000551-delivered","delivered",1.0,632
"SPE000015","TOP001665","SPE000551-TOP001665-covers","covers",1.0,632
"SPE000015","TOP001666","SPE000551-TOP001666-covers","covers",1.0,632
"SPE000015","TOP001667","SPE000551-TOP001667-covers","covers",1.0,632
"SPE000015","SPE000556","SPE000556-delivered","delivered",1.0,637
"SPE000015","TOP001680","SPE000556-TOP001680-covers","covers",1.0,637
"SPE000015","TOP001681","SPE000556-TOP001681-covers","covers",1.0,637
"SPE000015","TOP001682","SPE000556-TOP001682-covers","covers",1.0,637
"SPE000015","SPE000557","SPE000557-delivered","delivered",1.0,638
"SPE000015","TOP001683","SPE000557-TOP001683-covers","covers",1.0,638
"SPE000015","TOP001684","SPE000557-TOP001684-covers","covers",1.0,638
"SPE000015","TOP001685","SPE000557-TOP001685-covers","covers",1.0,638
"SPE000015","SPE000560","SPE000560-delivered","delivered",1.0,642
"SPE000015","TOP001693","SPE000560-TOP001693-covers","covers",1.0,642
"SPE000015","TOP001694","SPE000560-TOP001694-covers","covers",1.0,642
"SPE000015","TOP001695","SPE000560-TOP001695-covers","covers",1.0,642
"SPE000015","SPE000561","SPE000561-delivered","delivered",1.0,643
"SPE000015","TOP001696","SPE000561-TOP001696-covers","covers",1.0,643
"SPE000015","TOP001697","SPE000561-TOP001697-covers","covers",1.0,643
"SPE000015","TOP001698","SPE000561-TOP001698-covers","covers",1.0,643
"SPE000015","SPE000565","SPE000565-delivered","delivered",1.0,647
"SPE000015","TOP001707","SPE000565-TOP001707-covers","covers",1.0,647
"SPE000015","TOP001708","SPE000565-TOP001708-covers","covers",1.0,647
"SPE000015","TOP001709","SPE000565-TOP001709-covers","covers",1.0,647
"SPE000015","SPE000568","SPE000568-delivered","delivered",1.0,650
"SPE000015","TOP001716","SPE000568-TOP001716-covers","covers",1.0,650
"SPE000015","TOP001717","SPE000568-TOP001717-covers","covers",1.0,650
"SPE000015","TOP001718","SPE000568-TOP001718-covers","covers",1.0,650
"SPE000015","SPE000573","SPE000573-delivered","delivered",1.0,656
"SPE000015","TOP001734","SPE000573-TOP001734-covers","covers",1.0,656
"SPE000015","TOP001735","SPE000573-TOP001735-covers","covers",1.0,656
"SPE000015","TOP001736","SPE000573-TOP001736-covers","covers",1.0,656
"SPE000015","TOP001750","SPE000197-TOP001750-covers","covers",1.0,662
"SPE000015","TOP001751","SPE000197-TOP001751-covers","covers",1.0,662
"SPE000015","TOP001752","SPE000197-TOP001752-covers","covers",1.0,662
"SPE000015","SPE000580","SPE000580-delivered","delivered",1.0,665
"SPE000015","TOP001758","SPE000580-TOP001758-covers","covers",1.0,665
"SPE000015","TOP001759","SPE000580-TOP001759-covers","covers",1.0,665
"SPE000015","TOP001760","SPE000580-TOP001760-covers","covers",1.0,665
"SPE000015","SPE000581","SPE000581-delivered","delivered",1.0,666
"SPE000015","TOP001761","SPE000581-TOP001761-covers","covers",1.0,666
"SPE000015","TOP001762","SPE000581-TOP001762-covers","covers",1.0,666
"SPE000015","TOP001763","SPE000581-TOP001763-covers","covers",1.0,666
"SPE000015","SPE000583","SPE000583-delivered","delivered",1.0,668
"SPE000015","TOP001767","SPE000583-TOP001767-covers","covers",1.0,668
"SPE000015","TOP001768","SPE000583-TOP001768-covers","covers",1.0,668
"SPE000015","TOP001769","SPE000583-TOP001769-covers","covers",1.0,668
"SPE000015","SPE000591","SPE000591-delivered","delivered",1.0,675
"SPE000015","TOP001787","SPE000591-TOP001787-covers","covers",1.0,675
"SPE000015","TOP001788","SPE000591-TOP001788-covers","covers",1.0,675
"SPE000015","TOP001789","SPE000591-TOP001789-covers","covers",1.0,675
"SPE000015","SPE000594","SPE000594-delivered","delivered",1.0,679
"SPE000015","TOP001798","SPE000594-TOP001798-covers","covers",1.0,679
"SPE000015","TOP001799","SPE000594-TOP001799-covers","covers",1.0,679
"SPE000015","SPE000597","SPE000597-delivered","delivered",1.0,682
"SPE000015","TOP001806","SPE000597-TOP001806-covers","covers",1.0,682
"SPE000015","TOP001807","SPE000597-TOP001807-covers","covers",1.0,682
"SPE000015","TOP001808","SPE000597-TOP001808-covers","covers",1.0,682
"SPE000015","TOP001823","SPE000197-TOP001823-covers","covers",1.0,688
"SPE000015","TOP001824","SPE000197-TOP001824-covers","covers",1.0,688
"SPE000015","TOP001825","SPE000197-TOP001825-covers","covers",1.0,688
"SPE000015","SPE000610","SPE000610-delivered","delivered",1.0,697
"SPE000015","TOP001849","SPE000610-TOP001849-covers","covers",1.0,697
"SPE000015","TOP001850","SPE000610-TOP001850-covers","covers",1.0,697
"SPE000015","TOP001851","SPE000610-TOP001851-covers","covers",1.0,697
"SPE000015","SPE000613","SPE000613-delivered","delivered",1.0,700
"SPE000015","TOP001858","SPE000613-TOP001858-covers","covers",1.0,700
"SPE000015","TOP001859","SPE000613-TOP001859-covers","covers",1.0,700
"SPE000015","TOP001860","SPE000613-TOP001860-covers","covers",1.0,700
"SPE000015","SPE000621","SPE000621-delivered","delivered",1.0,710
"SPE000015","TOP001887","SPE000621-TOP001887-covers","covers",1.0,710
"SPE000015","TOP001888","SPE000621-TOP001888-covers","covers",1.0,710
"SPE000015","TOP001889","SPE000621-TOP001889-covers","covers",1.0,710
"SPE000015","SPE000622","SPE000622-delivered","delivered",1.0,711
"SPE000015","TOP001890","SPE000622-TOP001890-covers","covers",1.0,711
"SPE000015","TOP001891","SPE000622-TOP001891-covers","covers",1.0,711
"SPE000015","TOP001892","SPE000622-TOP001892-covers","covers",1.0,711
"SPE000015","SPE000625","SPE000625-delivered","delivered",1.0,714
"SPE000015","TOP001899","SPE000625-TOP001899-covers","covers",1.0,714
"SPE000015","TOP001900","SPE000625-TOP001900-covers","covers",1.0,714
"SPE000015","TOP001901","SPE000625-TOP001901-covers","covers",1.0,714
"SPE000015","SPE000627","SPE000627-delivered","delivered",1.0,717
"SPE000015","TOP001908","SPE000627-TOP001908-covers","covers",1.0,717
"SPE000015","TOP001909","SPE000627-TOP001909-covers","covers",1.0,717
"SPE000015","TOP001910","SPE000627-TOP001910-covers","covers",1.0,717
"SPE000015","SPE000630","SPE000630-delivered","delivered",1.0,723
"SPE000015","TOP001926","SPE000630-TOP001926-covers","covers",1.0,723
"SPE000015","TOP001927","SPE000630-TOP001927-covers","covers",1.0,723
"SPE000015","TOP001928","SPE000630-TOP001928-covers","covers",1.0,723
"SPE000015","SPE000633","SPE000633-delivered","delivered",1.0,726
"SPE000015","TOP001935","SPE000633-TOP001935-covers","covers",1.0,726
"SPE000015","TOP001936","SPE000633-TOP001936-covers","covers",1.0,726
"SPE000015","TOP001937","SPE000633-TOP001937-covers","covers",1.0,726
"SPE000015","SPE000635","SPE000635-delivered","delivered",1.0,728
"SPE000015","TOP001941","SPE000635-TOP001941-covers","covers",1.0,728
"SPE000015","TOP001942","SPE000635-TOP001942-covers","covers",1.0,728
"SPE000015","TOP001943","SPE000635-TOP001943-covers","covers",1.0,728
"SPE000015","SPE000637","SPE000637-delivered","delivered",1.0,731
"SPE000015","TOP001949","SPE000637-TOP001949-covers","covers",1.0,731
"SPE000015","TOP001950","SPE000637-TOP001950-covers","covers",1.0,731
"SPE000015","TOP001951","SPE000637-TOP001951-covers","covers",1.0,731
"SPE000015","SPE000641","SPE000641-delivered","delivered",1.0,735
"SPE000015","TOP001961","SPE000641-TOP001961-covers","covers",1.0,735
"SPE000015","TOP001962","SPE000641-TOP001962-covers","covers",1.0,735
"SPE000015","TOP001963","SPE000641-TOP001963-covers","covers",1.0,735
"SPE000015","SPE000646","SPE000646-delivered","delivered",1.0,740
"SPE000015","TOP001976","SPE000646-TOP001976-covers","covers",1.0,740
"SPE000015","TOP001977","SPE000646-TOP001977-covers","covers",1.0,740
"SPE000015","TOP001978","SPE000646-TOP001978-covers","covers",1.0,740
"SPE000015","SPE000649","SPE000649-delivered","delivered",1.0,744
"SPE000015","TOP001988","SPE000649-TOP001988-covers","covers",1.0,744
"SPE000015","TOP001989","SPE000649-TOP001989-covers","covers",1.0,744
"SPE000015","TOP001990","SPE000649-TOP001990-covers","covers",1.0,744
"SPE000015","SPE000664","SPE000664-delivered","delivered",1.0,760
"SPE000015","TOP002031","SPE000664-TOP002031-covers","covers",1.0,760
"SPE000015","TOP001986","SPE000664-TOP001986-covers","covers",1.0,760
"SPE000015","TOP002032","SPE000664-TOP002032-covers","covers",1.0,760
"SPE000015","SPE000672","SPE000672-delivered","delivered",1.0,769
"SPE000015","TOP001985","SPE000672-TOP001985-covers","covers",1.0,769
"SPE000015","TOP002048","SPE000672-TOP002048-covers","covers",1.0,769
"SPE000015","TOP002049","SPE000672-TOP002049-covers","covers",1.0,769
"SPE000016","DAT000008","SPE000016-held_on","held_on",1.0,9
"SPE000017","DAT000009","SPE000017-held_on","held_on",1.0,10
"SPE000018","DAT000010","SPE000018-held_on","held_on",1.0,11
"SPE000019","DAT000011","SPE000019-held_on","held_on",1.0,12
"SPE000019","DAT000032","SPE000019-held_on","held_on",1.0,41
"SPE000019","DAT000057","SPE000019-held_on","held_on",1.0,76
"SPE000019","DAT000073","SPE000019-held_on","held_on",1.0,95
"SPE000019","DAT000098","SPE000019-held_on","held_on",1.0,133
"SPE000019","DAT000144","SPE000019-held_on","held_on",1.0,189
"SPE000019","DAT000158","SPE000019-held_on","held_on",1.0,206
"SPE000019","DAT000178","SPE000019-held_on","held_on",1.0,230
"SPE000019","DAT000198","SPE000019-held_on","held_on",1.0,257
"SPE000019","DAT000224","SPE000019-held_on","held_on",1.0,290
"SPE000019","DAT000239","SPE000019-held_on","held_on",1.0,311
"SPE000019","DAT000257","SPE000019-held_on","held_on",1.0,334
"SPE000019","DAT000272","SPE000019-held_on","held_on",1.0,352
"SPE000019","DAT000307","SPE000019-held_on","held_on",1.0,400
"SPE000019","DAT000321","SPE000019-held_on","held_on",1.0,420
"SPE000019","DAT000341","SPE000019-held_on","held_on",1.0,445
"SPE000019","DAT000356","SPE000019-held_on","held_on",1.0,463
"SPE000019","DAT000373","SPE000019-held_on","held_on",1.0,486
"SPE000019","DAT000537","SPE000019-held_on","held_on",1.0,705
"SPE000019","DAT000549","SPE000019-held_on","held_on",1.0,720
"SPE000019","DAT000570","SPE000019-held_on","held_on",1.0,750
"SPE000019","DAT000581","SPE000019-held_on","held_on",1.0,763
"SPE000019","DAT000613","SPE000019-held_on","held_on",1.0,809
"SPE000019","DAT000631","SPE000019-held_on","held_on",1.0,836
"SPE000019","DAT000654","SPE000019-held_on","held_on",1.0,870
"SPE000019","DAT000684","SPE000019-held_on","held_on",1.0,910
"SPE000019","DAT000719","SPE000019-held_on","held_on",1.0,963
"SPE000019","DAT000732","SPE000019-held_on","held_on",1.0,981
"SPE000019","DAT000757","SPE000019-held_on","held_on",1.0,1016
"SPE000019","DAT000773","SPE000019-held_on","held_on",1.0,1037
"SPE000019","DAT002052","SPE000019-held_on","held_on",1.0,2706
"SPE000020","DAT000011","SPE000020-held_on","held_on",1.0,13
"SPE000021","DAT000012","SPE000021-held_on","held_on",1.0,14
"SPE000022","DAT000012","SPE000022-held_on","held_on",1.0,15
"SPE000023","DAT000013","SPE000023-held_on","held_on",1.0,16
"SPE000024","DAT000014","SPE000024-held_on","held_on",1.0,17
"SPE000025","DAT000014","SPE000025-held_on","held_on",1.0,18
"SPE000026","DAT000015","SPE000026-held_on","held_on",1.0,19
"SPE000027","DAT000016","SPE000027-held_on","held_on",1.0,20
"SPE000028","DAT000017","SPE000028-held_on","held_on",1.0,21
"SPE000029","DAT000017","SPE000029-held_on","held_on",1.0,22
"SPE000030","DAT000017","SPE000030-held_on","held_on",1.0,23
"SPE000031","DAT000018","SPE000031-held_on","held_on",1.0,24
"SPE000032","DAT000018","SPE000032-held_on","held_on",1.0,25
"SPE000033","DAT000019","SPE000033-held_on","held_on",1.0,26
"SPE000034","DAT000020","SPE000034-held_on","held_on",1.0,27
"SPE000035","DAT000021","SPE000035-held_on","held_on",1.0,28
"SPE000036","DAT000022","SPE000036-held_on","held_on",1.0,29
"SPE000037","DAT000023","SPE000037-held_on","held_on",1.0,30
"SPE000038","DAT000024","SPE000038-held_on","held_on",1.0,31
"SPE000039","DAT000025","SPE000039-held_on","held_on",1.0,32
"SPE000040","DAT000026","SPE000040-held_on","held_on",1.0,33
"SPE000041","DAT000027","SPE000041-held_on","held_on",1.0,34
"SPE000042","DAT000028","SPE000042-held_on","held_on",1.0,35
"SPE000043","SPE000044","SPE000044-delivered","delivered",1.0,36
"SPE000043","TOP000008","SPE000044-TOP000008-covers","covers",1.0,36
"SPE000043","TOP000106","SPE000044-TOP000106-covers","covers",1.0,36
"SPE000043","TOP000107","SPE000044-TOP000107-covers","covers",1.0,36
"SPE000044","DAT000028","SPE000044-held_on","held_on",1.0,36
"SPE000045","DAT000029","SPE000045-held_on","held_on",1.0,37
"SPE000046","DAT000030","SPE000046-held_on","held_on",1.0,38
"SPE000047","DAT000030","SPE000047-held_on","held_on",1.0,39
"SPE000047","DAT000036","SPE000047-held_on","held_on",1.0,47
"SPE000048","DAT000031","SPE000048-held_on","held_on",1.0,40
"SPE000049","DAT000033","SPE000049-held_on","held_on",1.0,42
"SPE000050","DAT000034","SPE000050-held_on","held_on",1.0,43
"SPE000051","DAT000035","SPE000051-held_on","held_on",1.0,44
"SPE000052","DAT000036","SPE000052-held_on","held_on",1.0,45
"SPE000053","DAT000036","SPE000053-held_on","held_on",1.0,46
"SPE000054","DAT000037","SPE000054-held_on","held_on",1.0,48
"SPE000055","DAT000037","SPE000055-held_on","held_on",1.0,49
"SPE000056","DAT000038","SPE000056-held_on","held_on",1.0,50
"SPE000057","DAT000039","SPE000057-held_on","held_on",1.0,51
"SPE000058","DAT000039","SPE000058-held_on","held_on",1.0,52
"SPE000059","DAT000040","SPE000059-held_on","held_on",1.0,53
"SPE000060","DAT000041","SPE000060-held_on","held_on",1.0,54
"SPE000061","DAT000042","SPE000061-held_on","held_on",1.0,55
"SPE000062","DAT000043","SPE000062-held_on","held_on",1.0,57
"SPE000063","DAT000044","SPE000063-held_on","held_on",1.0,58
"SPE000063","DAT000079","SPE000063-held_on","held_on",1.0,107
"SPE000063","DAT000199","SPE000063-held_on","held_on",1.0,258
"SPE000064","DAT000044","SPE000064-held_on","held_on",1.0,59
"SPE000065","DAT000045","SPE000065-held_on","held_on",1.0,60
"SPE000066","DAT000046","SPE000066-held_on","held_on",1.0,61
"SPE000067","DAT000047","SPE000067-held_on","held_on",1.0,62
"SPE000068","DAT000049","SPE000068-held_on","held_on",1.0,65
"SPE000069","DAT000050","SPE000069-held_on","held_on",1.0,66
"SPE000069","DAT000132","SPE000069-held_on","held_on",1.0,173
"SPE000069","DAT000140","SPE000069-held_on","held_on",1.0,184
"SPE000070","DAT000051","SPE000070-held_on","held_on",1.0,67
"SPE000070","DAT000053","SPE000070-held_on","held_on",1.0,70
"SPE000070","DAT000975","SPE000070-held_on","held_on",1.0,1297
"SPE000071","DAT000052","SPE000071-held_on","held_on",1.0,68
"SPE000072","DAT000053","SPE000072-held_on","held_on",1.0,69
"SPE000073","DAT000054","SPE000073-held_on","held_on",1.0,71
"SPE000074","DAT000054","SPE000074-held_on","held_on",1.0,72
"SPE000075","DAT000055","SPE000075-held_on","held_on",1.0,73
"SPE000076","DAT000056","SPE000076-held_on","held_on",1.0,74
"SPE000077","DAT000057","SPE000077-held_on","held_on",1.0,75
"SPE000078","DAT000058","SPE000078-held_on","held_on",1.0,77
"SPE000079","DAT000059","SPE000079-held_on","held_on",1.0,78
"SPE000080","DAT000059","SPE000080-held_on","held_on",1.0,79
"SPE000081","DAT000060","SPE000081-held_on","held_on",1.0,80
"SPE000082","DAT000061","SPE000082-held_on","held_on",1.0,81
"SPE000083","DAT000062","SPE000083-held_on","held_on",1.0,82
"SPE000084","DAT000063","SPE000084-held_on","held_on",1.0,83
"SPE000085","DAT000064","SPE000085-held_on","held_on",1.0,84
"SPE000086","DAT000065","SPE000086-held_on","held_on",1.0,85
"SPE000086","DAT000141","SPE000086-held_on","held_on",1.0,185
"SPE000086","DAT000231","SPE000086-held_on","held_on",1.0,299
"SPE000086","DAT000305","SPE000086-held_on","held_on",1.0,397
"SPE000086","DAT000382","SPE000086-held_on","held_on",1.0,498
"SPE000087","DAT000066","SPE000087-held_on","held_on",1.0,86
"SPE000088","DAT000067","SPE000088-held_on","held_on",1.0,87
"SPE000089","DAT000068","SPE000089-held_on","held_on",1.0,89
"SPE000089","DAT000152","SPE000089-held_on","held_on",1.0,200
"SPE000090","DAT000069","SPE000090-held_on","held_on",1.0,90
"SPE000090","DAT000071","SPE000090-held_on","held_on",1.0,92
"SPE000090","DAT000296","SPE000090-held_on","held_on",1.0,384
"SPE000091","DAT000070","SPE000091-held_on","held_on",1.0,91
"SPE000091","DAT000077","SPE000091-held_on","held_on",1.0,101
"SPE000092","DAT000072","SPE000092-held_on","held_on",1.0,93
"SPE000093","DAT000072","SPE000093-held_on","held_on",1.0,94
"SPE000093","DAT000259","SPE000093-held_on","held_on",1.0,337
"SPE000093","DAT000520","SPE000093-held_on","held_on",1.0,685
"SPE000093","DAT000587","SPE000093-held_on","held_on",1.0,771
"SPE000093","DAT000610","SPE000093-held_on","held_on",1.0,804
"SPE000093","DAT000905","SPE000093-held_on","held_on",1.0,1207
"SPE000093","DAT002191","SPE000093-held_on","held_on",1.0,2883
"SPE000094","DAT000073","SPE000094-held_on","held_on",1.0,96
"SPE000095","DAT000074","SPE000095-held_on","held_on",1.0,97
"SPE000096","DAT000075","SPE000096-held_on","held_on",1.0,98
"SPE000096","DAT000820","SPE000096-held_on","held_on",1.0,1100
"SPE000097","DAT000076","SPE000097-held_on","held_on",1.0,99
"SPE000097","DAT000082","SPE000097-held_on","held_on",1.0,110
"SPE000098","DAT000076","SPE000098-held_on","held_on",1.0,100
"SPE000099","DAT000077","SPE000099-held_on","held_on",1.0,102
"SPE000100","DAT000077","SPE000100-held_on","held_on",1.0,103
"SPE000101","DAT000078","SPE000101-held_on","held_on",1.0,104
"SPE000102","DAT000079","SPE000102-held_on","held_on",1.0,105
"SPE000103","DAT000079","SPE000103-held_on","held_on",1.0,106
"SPE000104","DAT000080","SPE000104-held_on","held_on",1.0,108
"SPE000105","DAT000081","SPE000105-held_on","held_on",1.0,109
"SPE000106","DAT000083","SPE000106-held_on","held_on",1.0,111
"SPE000107","DAT000083","SPE000107-held_on","held_on",1.0,112
"SPE000108","DAT000084","SPE000108-held_on","held_on",1.0,113
"SPE000109","DAT000084","SPE000109-held_on","held_on",1.0,114
"SPE000110","DAT000085","SPE000110-held_on","held_on",1.0,115
"SPE000110","DAT000100","SPE000110-held_on","held_on",1.0,135
"SPE000110","DAT000113","SPE000110-held_on","held_on",1.0,150
"SPE000111","DAT000085","SPE000111-held_on","held_on",1.0,116
"SPE000112","DAT000086","SPE000112-held_on","held_on",1.0,117
"SPE000113","DAT000087","SPE000113-held_on","held_on",1.0,118
"SPE000113","DAT000116","SPE000113-held_on","held_on",1.0,153
"SPE000114","DAT000088","SPE000114-held_on","held_on",1.0,119
"SPE000115","DAT000088","SPE000115-held_on","held_on",1.0,120
"SPE000115","DAT000126","SPE000115-held_on","held_on",1.0,165
"SPE000116","DAT000090","SPE000116-held_on","held_on",1.0,122
"SPE000117","DAT000091","SPE000117-held_on","held_on",1.0,123
"SPE000118","DAT000092","SPE000118-held_on","held_on",1.0,124
"SPE000118","DAT000157","SPE000118-held_on","held_on",1.0,205
"SPE000118","DAT000175","SPE000118-held_on","held_on",1.0,227
"SPE000118","DAT000272","SPE000118-held_on","held_on",1.0,351
"SPE000119","DAT000093","SPE000119-held_on","held_on",1.0,125
"SPE000120","DAT000094","SPE000120-held_on","held_on",1.0,126
"SPE000120","DAT000253","SPE000120-held_on","held_on",1.0,328
"SPE000121","DAT000094","SPE000121-held_on","held_on",1.0,127
"SPE000122","DAT000095","SPE000122-held_on","held_on",1.0,128
"SPE000123","DAT000096","SPE000123-held_on","held_on",1.0,129
"SPE000124","DAT000096","SPE000124-held_on","held_on",1.0,130
"SPE000125","DAT000096","SPE000125-held_on","held_on",1.0,131
"SPE000126","DAT000097","SPE000126-held_on","held_on",1.0,132
"SPE000127","DAT000099","SPE000127-held_on","held_on",1.0,134
"SPE000128","DAT000100","SPE000128-held_on","held_on",1.0,136
"SPE000129","DAT000101","SPE000129-held_on","held_on",1.0,137
"SPE000130","DAT000102","SPE000130-held_on","held_on",1.0,138
"SPE000131","DAT000103","SPE000131-held_on","held_on",1.0,139
"SPE000131","DAT000106","SPE000131-held_on","held_on",1.0,142
"SPE000132","DAT000104","SPE000132-held_on","held_on",1.0,140
"SPE000133","DAT000105","SPE000133-held_on","held_on",1.0,141
"SPE000134","DAT000107","SPE000134-held_on","held_on",1.0,143
"SPE000135","DAT000108","SPE000135-held_on","held_on",1.0,144
"SPE000136","DAT000110","SPE000136-held_on","held_on",1.0,146
"SPE000137","DAT000110","SPE000137-held_on","held_on",1.0,147
"SPE000137","DAT000136","SPE000137-held_on","held_on",1.0,178
"SPE000137","DAT000208","SPE000137-held_on","held_on",1.0,269
"SPE000137","DAT000223","SPE000137-held_on","held_on",1.0,288
"SPE000138","DAT000111","SPE000138-held_on","held_on",1.0,148
"SPE000139","DAT000112","SPE000139-held_on","held_on",1.0,149
"SPE000140","DAT000114","SPE000140-held_on","held_on",1.0,151
"SPE000141","DAT000115","SPE000141-held_on","held_on",1.0,152
"SPE000142","DAT000117","SPE000142-held_on","held_on",1.0,154
"SPE000143","DAT000117","SPE000143-held_on","held_on",1.0,155
"SPE000144","DAT000118","SPE000144-held_on","held_on",1.0,156
"SPE000145","DAT000118","SPE000145-held_on","held_on",1.0,157
"SPE000146","DAT000119","SPE000146-held_on","held_on",1.0,158
"SPE000147","DAT000120","SPE000147-held_on","held_on",1.0,159
"SPE000148","DAT000121","SPE000148-held_on","held_on",1.0,160
"SPE000149","DAT000122","SPE000149-held_on","held_on",1.0,161
"SPE000149","DAT000143","SPE000149-held_on","held_on",1.0,187
"SPE000150","DAT000123","SPE000150-held_on","held_on",1.0,162
"SPE000151","DAT000124","SPE000151-held_on","held_on",1.0,163
"SPE000152","DAT000125","SPE000152-held_on","held_on",1.0,164
"SPE000153","DAT000127","SPE000153-held_on","held_on",1.0,166
"SPE000154","DAT000128","SPE000154-held_on","held_on",1.0,167
"SPE000155","DAT000129","SPE000155-held_on","held_on",1.0,168
"SPE000156","DAT000131","SPE000156-held_on","held_on",1.0,170
"SPE000157","DAT000131","SPE000157-held_on","held_on",1.0,171
"SPE000158","DAT000132","SPE000158-held_on","held_on",1.0,172
"SPE000159","DAT000133","SPE000159-held_on","held_on",1.0,174
"SPE000160","DAT000134","SPE000160-held_on","held_on",1.0,175
"SPE000161","DAT000135","SPE000161-held_on","held_on",1.0,176
"SPE000162","DAT000135","SPE000162-held_on","held_on",1.0,177
"SPE000163","DAT000137","SPE000163-held_on","held_on",1.0,179
"SPE000164","DAT000137","SPE000164-held_on","held_on",1.0,180
"SPE000165","DAT000137","SPE000165-held_on","held_on",1.0,181
"SPE000166","DAT000138","SPE000166-held_on","held_on",1.0,182
"SPE000167","DAT000139","SPE000167-held_on","held_on",1.0,183
"SPE000168","DAT000142","SPE000168-held_on","held_on",1.0,186
"SPE000169","DAT000144","SPE000169-held_on","held_on",1.0,188
"SPE000170","DAT000145","SPE000170-held_on","held_on",1.0,190
"SPE000171","DAT000145","SPE000171-held_on","held_on",1.0,191
"SPE000172","DAT000145","SPE000172-held_on","held_on",1.0,192
"SPE000173","DAT000146","SPE000173-held_on","held_on",1.0,193
"SPE000174","DAT000146","SPE000174-held_on","held_on",1.0,194
"SPE000175","DAT000147","SPE000175-held_on","held_on",1.0,195
"SPE000176","DAT000148","SPE000176-held_on","held_on",1.0,196
"SPE000177","DAT000149","SPE000177-held_on","held_on",1.0,197
"SPE000177","DAT000217","SPE000177-held_on","held_on",1.0,280
"SPE000178","DAT000150","SPE000178-held_on","held_on",1.0,198
"SPE000179","DAT000151","SPE000179-held_on","held_on",1.0,199
"SPE000180","DAT000153","SPE000180-held_on","held_on",1.0,201
"SPE000181","DAT000154","SPE000181-held_on","held_on",1.0,202
"SPE000182","DAT000155","SPE000182-held_on","held_on",1.0,203
"SPE000183","DAT000156","SPE000183-held_on","held_on",1.0,204
"SPE000184","DAT000159","SPE000184-held_on","held_on",1.0,207
"SPE000184","DAT000161","SPE000184-held_on","held_on",1.0,209
"SPE000185","DAT000160","SPE000185-held_on","held_on",1.0,208
"SPE000186","DAT000161","SPE000186-held_on","held_on",1.0,210
"SPE000187","DAT000162","SPE000187-held_on","held_on",1.0,211
"SPE000188","DAT000163","SPE000188-held_on","held_on",1.0,212
"SPE000189","DAT000163","SPE000189-held_on","held_on",1.0,213
"SPE000190","DAT000164","SPE000190-held_on","held_on",1.0,214
"SPE000191","DAT000165","SPE000191-held_on","held_on",1.0,215
"SPE000192","DAT000166","SPE000192-held_on","held_on",1.0,216
"SPE000192","DAT000218","SPE000192-held_on","held_on",1.0,281
"SPE000192","DAT000244","SPE000192-held_on","held_on",1.0,316
"SPE000193","DAT000167","SPE000193-held_on","held_on",1.0,217
"SPE000194","DAT000168","SPE000194-held_on","held_on",1.0,218
"SPE000195","DAT000169","SPE000195-held_on","held_on",1.0,219
"SPE000196","DAT000169","SPE000196-held_on","held_on",1.0,220
"SPE000197","DAT000170","SPE000197-held_on","held_on",1.0,221
"SPE000197","DAT000505","SPE000197-held_on","held_on",1.0,662
"SPE000197","DAT000522","SPE000197-held_on","held_on",1.0,688
"SPE000198","DAT000171","SPE000198-held_on","held_on",1.0,222
"SPE000199","DAT000172","SPE000199-held_on","held_on",1.0,223
"SPE000200","DAT000174","SPE000200-held_on","held_on",1.0,225
"SPE000200","DAT000189","SPE000200-held_on","held_on",1.0,246
"SPE000201","DAT000174","SPE000201-held_on","held_on",1.0,226
"SPE000201","DAT000324","SPE000201-held_on","held_on",1.0,424
"SPE000201","DAT000388","SPE000201-held_on","held_on",1.0,508
"SPE000201","DAT000463","SPE000201-held_on","held_on",1.0,608
"SPE000201","DAT000496","SPE000201-held_on","held_on",1.0,651
"SPE000201","DAT000722","SPE000201-held_on","held_on",1.0,969
"SPE000201","DAT000758","SPE000201-held_on","held_on",1.0,1019
"SPE000202","DAT000176","SPE000202-held_on","held_on",1.0,228
"SPE000203","DAT000177","SPE000203-held_on","held_on",1.0,229
"SPE000203","DAT000752","SPE000203-held_on","held_on",1.0,1010
"SPE000204","DAT000178","SPE000204-held_on","held_on",1.0,231
"SPE000205","DAT000179","SPE000205-held_on","held_on",1.0,232
"SPE000206","DAT000180","SPE000206-held_on","held_on",1.0,233
"SPE000207","DAT000181","SPE000207-held_on","held_on",1.0,234
"SPE000208","DAT000181","SPE000208-held_on","held_on",1.0,235
"SPE000209","SPE000210","SPE000210-delivered","delivered",1.0,236
"SPE000209","TOP000607","SPE000210-TOP000607-covers","covers",1.0,236
"SPE000209","TOP000608","SPE000210-TOP000608-covers","covers",1.0,236
"SPE000209","TOP000609","SPE000210-TOP000609-covers","covers",1.0,236
"SPE000209","SPE000214","SPE000214-delivered","delivered",1.0,240
"SPE000209","TOP000618","SPE000214-TOP000618-covers","covers",1.0,240
"SPE000209","TOP000619","SPE000214-TOP000619-covers","covers",1.0,240
"SPE000209","TOP000620","SPE000214-TOP000620-covers","covers",1.0,240
"SPE000209","SPE000217","SPE000217-delivered","delivered",1.0,243
"SPE000209","TOP000627","SPE000217-TOP000627-covers","covers",1.0,243
"SPE000209","TOP000628","SPE000217-TOP000628-covers","covers",1.0,243
"SPE000209","TOP000629","SPE000217-TOP000629-covers","covers",1.0,243
"SPE000209","SPE000221","SPE000221-delivered","delivered",1.0,248
"SPE000209","TOP000642","SPE000221-TOP000642-covers","covers",1.0,248
"SPE000209","TOP000643","SPE000221-TOP000643-covers","covers",1.0,248
"SPE000209","TOP000644","SPE000221-TOP000644-covers","covers",1.0,248
"SPE000209","SPE000223","SPE000223-delivered","delivered",1.0,250
"SPE000209","TOP000648","SPE000223-TOP000648-covers","covers",1.0,250
"SPE000209","TOP000649","SPE000223-TOP000649-covers","covers",1.0,250
"SPE000209","TOP000650","SPE000223-TOP000650-covers","covers",1.0,250
"SPE000209","SPE000237","SPE000237-delivered","delivered",1.0,266
"SPE000209","TOP000153","SPE000237-TOP000153-covers","covers",1.0,266
"SPE000209","TOP000693","SPE000237-TOP000693-covers","covers",1.0,266
"SPE000209","TOP000018","SPE000237-TOP000018-covers","covers",1.0,266
"SPE000209","TOP000018","SPE000241-TOP000018-covers","covers",1.0,291
"SPE000209","TOP000018","SPE000296-TOP000018-covers","covers",1.0,344
"SPE000209","SPE000241","SPE000241-delivered","delivered",1.0,291
"SPE000209","TOP000453","SPE000241-TOP000453-covers","covers",1.0,271
"SPE000209","TOP000703","SPE000241-TOP000703-covers","covers",1.0,271
"SPE000209","SPE000242","SPE000242-delivered","delivered",1.0,272
"SPE000209","TOP000704","SPE000242-TOP000704-covers","covers",1.0,272
"SPE000209","TOP000705","SPE000242-TOP000705-covers","covers",1.0,272
"SPE000209","TOP000706","SPE000242-TOP000706-covers","covers",1.0,272
"SPE000209","SPE000243","SPE000243-delivered","delivered",1.0,273
"SPE000209","TOP000707","SPE000243-TOP000707-covers","covers",1.0,273
"SPE000209","TOP000708","SPE000243-TOP000708-covers","covers",1.0,273
"SPE000209","TOP000709","SPE000243-TOP000709-covers","covers",1.0,273
"SPE000209","SPE000251","SPE000251-delivered","delivered",1.0,287
"SPE000209","TOP000734","SPE000251-TOP000734-covers","covers",1.0,287
"SPE000209","TOP000735","SPE000251-TOP000735-covers","covers",1.0,287
"SPE000209","TOP000736","SPE000251-TOP000736-covers","covers",1.0,287
"SPE000209","TOP000076","SPE000241-TOP000076-covers","covers",1.0,291
"SPE000209","TOP000076","SPE000321-TOP000076-covers","covers",1.0,374
"SPE000209","TOP000743","SPE000241-TOP000743-covers","covers",1.0,291
"SPE000209","SPE000254","SPE000254-delivered","delivered",1.0,293
"SPE000209","TOP000747","SPE000254-TOP000747-covers","covers",1.0,293
"SPE000209","TOP000748","SPE000254-TOP000748-covers","covers",1.0,293
"SPE000209","TOP000749","SPE000254-TOP000749-covers","covers",1.0,293
"SPE000209","SPE000259","SPE000259-delivered","delivered",1.0,298
"SPE000209","TOP000760","SPE000259-TOP000760-covers","covers",1.0,298
"SPE000209","TOP000761","SPE000259-TOP000761-covers","covers",1.0,298
"SPE000209","TOP000140","SPE000259-TOP000140-covers","covers",1.0,298
"SPE000209","SPE000261","SPE000261-delivered","delivered",1.0,302
"SPE000209","TOP000768","SPE000261-TOP000768-covers","covers",1.0,302
"SPE000209","TOP000769","SPE000261-TOP000769-covers","covers",1.0,302
"SPE000209","TOP000770","SPE000261-TOP000770-covers","covers",1.0,302
"SPE000209","SPE000265","SPE000265-delivered","delivered",1.0,306
"SPE000209","TOP000778","SPE000265-TOP000778-covers","covers",1.0,306
"SPE000209","TOP000779","SPE000265-TOP000779-covers","covers",1.0,306
"SPE000209","TOP000780","SPE000265-TOP000780-covers","covers",1.0,306
"SPE000209","SPE000272","SPE000272-delivered","delivered",1.0,314
"SPE000209","TOP000797","SPE000272-TOP000797-covers","covers",1.0,314
"SPE000209","TOP000798","SPE000272-TOP000798-covers","covers",1.0,314
"SPE000209","TOP000799","SPE000272-TOP000799-covers","covers",1.0,314
"SPE000209","SPE000274","SPE000274-delivered","delivered",1.0,317
"SPE000209","TOP000806","SPE000274-TOP000806-covers","covers",1.0,317
"SPE000209","TOP000807","SPE000274-TOP000807-covers","covers",1.0,317
"SPE000209","TOP000808","SPE000274-TOP000808-covers","covers",1.0,317
"SPE000209","SPE000276","SPE000276-delivered","delivered",1.0,319
"SPE000209","TOP000811","SPE000276-TOP000811-covers","covers",1.0,319
"SPE000209","TOP000812","SPE000276-TOP000812-covers","covers",1.0,319
"SPE000209","TOP000813","SPE000276-TOP000813-covers","covers",1.0,319
"SPE000209","SPE000282","SPE000282-delivered","delivered",1.0,325
"SPE000209","TOP000826","SPE000282-TOP000826-covers","covers",1.0,325
"SPE000209","TOP000827","SPE000282-TOP000827-covers","covers",1.0,325
"SPE000209","TOP000828","SPE000282-TOP000828-covers","covers",1.0,325
"SPE000209","SPE000287","SPE000287-delivered","delivered",1.0,332
"SPE000209","TOP000845","SPE000287-TOP000845-covers","covers",1.0,332
"SPE000209","TOP000846","SPE000287-TOP000846-covers","covers",1.0,332
"SPE000209","TOP000847","SPE000287-TOP000847-covers","covers",1.0,332
"SPE000209","SPE000289","SPE000289-delivered","delivered",1.0,335
"SPE000209","TOP000854","SPE000289-TOP000854-covers","covers",1.0,335
"SPE000209","TOP000855","SPE000289-TOP000855-covers","covers",1.0,335
"SPE000209","TOP000856","SPE000289-TOP000856-covers","covers",1.0,335
"SPE000209","SPE000296","SPE000296-delivered","delivered",1.0,344
"SPE000209","TOP000482","SPE000296-TOP000482-covers","covers",1.0,344
"SPE000209","TOP000876","SPE000296-TOP000876-covers","covers",1.0,344
"SPE000209","SPE000298","SPE000298-delivered","delivered",1.0,348
"SPE000209","TOP000881","SPE000298-TOP000881-covers","covers",1.0,348
"SPE000209","TOP000882","SPE000298-TOP000882-covers","covers",1.0,348
"SPE000209","TOP000883","SPE000298-TOP000883-covers","covers",1.0,348
"SPE000209","SPE000301","SPE000301-delivered","delivered",1.0,353
"SPE000209","TOP000893","SPE000301-TOP000893-covers","covers",1.0,353
"SPE000209","TOP000894","SPE000301-TOP000894-covers","covers",1.0,353
"SPE000209","TOP000895","SPE000301-TOP000895-covers","covers",1.0,353
"SPE000209","SPE000302","SPE000302-delivered","delivered",1.0,354
"SPE000209","TOP000896","SPE000302-TOP000896-covers","covers",1.0,354
"SPE000209","TOP000897","SPE000302-TOP000897-covers","covers",1.0,354
"SPE000209","TOP000898","SPE000302-TOP000898-covers","covers",1.0,354
"SPE000209","SPE000306","SPE000306-delivered","delivered",1.0,358
"SPE000209","TOP000906","SPE000306-TOP000906-covers","covers",1.0,358
"SPE000209","TOP000907","SPE000306-TOP000907-covers","covers",1.0,358
"SPE000209","TOP000908","SPE000306-TOP000908-covers","covers",1.0,358
"SPE000209","SPE000307","SPE000307-delivered","delivered",1.0,359
"SPE000209","TOP000909","SPE000307-TOP000909-covers","covers",1.0,359
"SPE000209","TOP000910","SPE000307-TOP000910-covers","covers",1.0,359
"SPE000209","TOP000911","SPE000307-TOP000911-covers","covers",1.0,359
"SPE000209","SPE000309","SPE000309-delivered","delivered",1.0,361
"SPE000209","TOP000912","SPE000309-TOP000912-covers","covers",1.0,361
"SPE000209","TOP000913","SPE000309-TOP000913-covers","covers",1.0,361
"SPE000209","TOP000914","SPE000309-TOP000914-covers","covers",1.0,361
"SPE000209","SPE000312","SPE000312-delivered","delivered",1.0,364
"SPE000209","TOP000920","SPE000312-TOP000920-covers","covers",1.0,364
"SPE000209","TOP000921","SPE000312-TOP000921-covers","covers",1.0,364
"SPE000209","TOP000922","SPE000312-TOP000922-covers","covers",1.0,364
"SPE000209","SPE000319","SPE000319-delivered","delivered",1.0,371
"SPE000209","TOP000940","SPE000319-TOP000940-covers","covers",1.0,371
"SPE000209","TOP000941","SPE000319-TOP000941-covers","covers",1.0,371
"SPE000209","TOP000942","SPE000319-TOP000942-covers","covers",1.0,371
"SPE000209","SPE000321","SPE000321-delivered","delivered",1.0,374
"SPE000209","TOP000477","SPE000321-TOP000477-covers","covers",1.0,374
"SPE000209","TOP000949","SPE000321-TOP000949-covers","covers",1.0,374
"SPE000209","SPE000322","SPE000322-delivered","delivered",1.0,375
"SPE000209","TOP000950","SPE000322-TOP000950-covers","covers",1.0,375
"SPE000209","TOP000951","SPE000322-TOP000951-covers","covers",1.0,375
"SPE000209","TOP000952","SPE000322-TOP000952-covers","covers",1.0,375
"SPE000209","SPE000326","SPE000326-delivered","delivered",1.0,379
"SPE000209","TOP000962","SPE000326-TOP000962-covers","covers",1.0,379
"SPE000209","TOP000963","SPE000326-TOP000963-covers","covers",1.0,379
"SPE000209","TOP000819","SPE000326-TOP000819-covers","covers",1.0,379
"SPE000209","SPE000329","SPE000329-delivered","delivered",1.0,382
"SPE000209","TOP000970","SPE000329-TOP000970-covers","covers",1.0,382
"SPE000209","TOP000971","SPE000329-TOP000971-covers","covers",1.0,382
"SPE000209","TOP000972","SPE000329-TOP000972-covers","covers",1.0,382
"SPE000209","SPE000335","SPE000335-delivered","delivered",1.0,389
"SPE000209","TOP000989","SPE000335-TOP000989-covers","covers",1.0,389
"SPE000209","TOP000990","SPE000335-TOP000990-covers","covers",1.0,389
"SPE000209","TOP000991","SPE000335-TOP000991-covers","covers",1.0,389
"SPE000209","SPE000339","SPE000339-delivered","delivered",1.0,393
"SPE000209","TOP001001","SPE000339-TOP001001-covers","covers",1.0,393
"SPE000209","TOP001002","SPE000339-TOP001002-covers","covers",1.0,393
"SPE000209","TOP001003","SPE000339-TOP001003-covers","covers",1.0,393
"SPE000209","SPE000348","SPE000348-delivered","delivered",1.0,404
"SPE000209","TOP001030","SPE000348-TOP001030-covers","covers",1.0,404
"SPE000209","TOP001031","SPE000348-TOP001031-covers","covers",1.0,404
"SPE000209","TOP001032","SPE000348-TOP001032-covers","covers",1.0,404
"SPE000209","SPE000357","SPE000357-delivered","delivered",1.0,414
"SPE000209","TOP001056","SPE000357-TOP001056-covers","covers",1.0,414
"SPE000209","TOP001057","SPE000357-TOP001057-covers","covers",1.0,414
"SPE000209","TOP001058","SPE000357-TOP001058-covers","covers",1.0,414
"SPE000209","SPE000360","SPE000360-delivered","delivered",1.0,417
"SPE000209","TOP001065","SPE000360-TOP001065-covers","covers",1.0,417
"SPE000209","TOP001066","SPE000360-TOP001066-covers","covers",1.0,417
"SPE000209","TOP001067","SPE000360-TOP001067-covers","covers",1.0,417
"SPE000209","SPE000366","SPE000366-delivered","delivered",1.0,425
"SPE000209","TOP001088","SPE000366-TOP001088-covers","covers",1.0,425
"SPE000209","TOP001089","SPE000366-TOP001089-covers","covers",1.0,425
"SPE000209","TOP001090","SPE000366-TOP001090-covers","covers",1.0,425
"SPE000209","SPE000368","SPE000368-delivered","delivered",1.0,427
"SPE000209","TOP001094","SPE000368-TOP001094-covers","covers",1.0,427
"SPE000209","TOP001095","SPE000368-TOP001095-covers","covers",1.0,427
"SPE000209","TOP001096","SPE000368-TOP001096-covers","covers",1.0,427
"SPE000209","SPE000373","SPE000373-delivered","delivered",1.0,432
"SPE000209","TOP001108","SPE000373-TOP001108-covers","covers",1.0,432
"SPE000209","TOP001109","SPE000373-TOP001109-covers","covers",1.0,432
"SPE000209","TOP001110","SPE000373-TOP001110-covers","covers",1.0,432
"SPE000209","SPE000378","SPE000378-delivered","delivered",1.0,438
"SPE000209","TOP001126","SPE000378-TOP001126-covers","covers",1.0,438
"SPE000209","TOP001127","SPE000378-TOP001127-covers","covers",1.0,438
"SPE000209","TOP001128","SPE000378-TOP001128-covers","covers",1.0,438
"SPE000209","SPE000383","SPE000383-delivered","delivered",1.0,443
"SPE000209","TOP001140","SPE000383-TOP001140-covers","covers",1.0,443
"SPE000209","TOP001141","SPE000383-TOP001141-covers","covers",1.0,443
"SPE000209","TOP001142","SPE000383-TOP001142-covers","covers",1.0,443
"SPE000209","SPE000397","SPE000397-delivered","delivered",1.0,459
"SPE000209","TOP001187","SPE000397-TOP001187-covers","covers",1.0,459
"SPE000209","TOP001188","SPE000397-TOP001188-covers","covers",1.0,459
"SPE000209","TOP001189","SPE000397-TOP001189-covers","covers",1.0,459
"SPE000209","SPE000401","SPE000401-delivered","delivered",1.0,465
"SPE000209","TOP001201","SPE000401-TOP001201-covers","covers",1.0,465
"SPE000209","TOP001202","SPE000401-TOP001202-covers","covers",1.0,465
"SPE000209","TOP001203","SPE000401-TOP001203-covers","covers",1.0,465
"SPE000209","SPE000408","SPE000408-delivered","delivered",1.0,472
"SPE000209","TOP001220","SPE000408-TOP001220-covers","covers",1.0,472
"SPE000209","TOP001221","SPE000408-TOP001221-covers","covers",1.0,472
"SPE000209","TOP001222","SPE000408-TOP001222-covers","covers",1.0,472
"SPE000209","SPE000413","SPE000413-delivered","delivered",1.0,477
"SPE000209","TOP001235","SPE000413-TOP001235-covers","covers",1.0,477
"SPE000209","TOP001236","SPE000413-TOP001236-covers","covers",1.0,477
"SPE000209","TOP001237","SPE000413-TOP001237-covers","covers",1.0,477
"SPE000209","SPE000415","SPE000415-delivered","delivered",1.0,479
"SPE000209","TOP001241","SPE000415-TOP001241-covers","covers",1.0,479
"SPE000209","TOP001242","SPE000415-TOP001242-covers","covers",1.0,479
"SPE000209","TOP001243","SPE000415-TOP001243-covers","covers",1.0,479
"SPE000209","SPE000421","SPE000421-delivered","delivered",1.0,488
"SPE000209","TOP001265","SPE000421-TOP001265-covers","covers",1.0,488
"SPE000209","TOP001266","SPE000421-TOP001266-covers","covers",1.0,488
"SPE000209","TOP001267","SPE000421-TOP001267-covers","covers",1.0,488
"SPE000209","SPE000422","SPE000422-delivered","delivered",1.0,489
"SPE000209","TOP001268","SPE000422-TOP001268-covers","covers",1.0,489
"SPE000209","TOP001269","SPE000422-TOP001269-covers","covers",1.0,489
"SPE000209","TOP001270","SPE000422-TOP001270-covers","covers",1.0,489
"SPE000209","SPE000430","SPE000430-delivered","delivered",1.0,497
"SPE000209","TOP001288","SPE000430-TOP001288-covers","covers",1.0,497
"SPE000209","TOP001289","SPE000430-TOP001289-covers","covers",1.0,497
"SPE000209","TOP001290","SPE000430-TOP001290-covers","covers",1.0,497
"SPE000209","SPE000434","SPE000434-delivered","delivered",1.0,502
"SPE000209","TOP001302","SPE000434-TOP001302-covers","covers",1.0,502
"SPE000209","TOP001303","SPE000434-TOP001303-covers","covers",1.0,502
"SPE000209","TOP001304","SPE000434-TOP001304-covers","covers",1.0,502
"SPE000209","SPE000438","SPE000438-delivered","delivered",1.0,506
"SPE000209","TOP001313","SPE000438-TOP001313-covers","covers",1.0,506
"SPE000209","TOP001314","SPE000438-TOP001314-covers","covers",1.0,506
"SPE000209","TOP001315","SPE000438-TOP001315-covers","covers",1.0,506
"SPE000209","SPE000439","SPE000439-delivered","delivered",1.0,509
"SPE000209","TOP001320","SPE000439-TOP001320-covers","covers",1.0,509
"SPE000209","TOP001321","SPE000439-TOP001321-covers","covers",1.0,509
"SPE000209","TOP001322","SPE000439-TOP001322-covers","covers",1.0,509
"SPE000209","SPE000440","SPE000440-delivered","delivered",1.0,510
"SPE000209","TOP001323","SPE000440-TOP001323-covers","covers",1.0,510
"SPE000209","TOP001324","SPE000440-TOP001324-covers","covers",1.0,510
"SPE000209","TOP001325","SPE000440-TOP001325-covers","covers",1.0,510
"SPE000209","SPE000454","SPE000454-delivered","delivered",1.0,524
"SPE000209","TOP001363","SPE000454-TOP001363-covers","covers",1.0,524
"SPE000209","TOP001364","SPE000454-TOP001364-covers","covers",1.0,524
"SPE000209","TOP001365","SPE000454-TOP001365-covers","covers",1.0,524
"SPE000209","SPE000456","SPE000456-delivered","delivered",1.0,526
"SPE000209","TOP000061","SPE000456-TOP000061-covers","covers",1.0,526
"SPE000209","TOP001369","SPE000456-TOP001369-covers","covers",1.0,526
"SPE000209","TOP001370","SPE000456-TOP001370-covers","covers",1.0,526
"SPE000209","SPE000462","SPE000462-delivered","delivered",1.0,533
"SPE000209","TOP001387","SPE000462-TOP001387-covers","covers",1.0,533
"SPE000209","TOP001388","SPE000462-TOP001388-covers","covers",1.0,533
"SPE000209","TOP001389","SPE000462-TOP001389-covers","covers",1.0,533
"SPE000209","SPE000470","SPE000470-delivered","delivered",1.0,542
"SPE000209","TOP001412","SPE000470-TOP001412-covers","covers",1.0,542
"SPE000209","TOP001413","SPE000470-TOP001413-covers","covers",1.0,542
"SPE000209","TOP001414","SPE000470-TOP001414-covers","covers",1.0,542
"SPE000209","SPE000472","SPE000472-delivered","delivered",1.0,545
"SPE000209","TOP001421","SPE000472-TOP001421-covers","covers",1.0,545
"SPE000209","TOP001422","SPE000472-TOP001422-covers","covers",1.0,545
"SPE000209","TOP001423","SPE000472-TOP001423-covers","covers",1.0,545
"SPE000209","SPE000480","SPE000480-delivered","delivered",1.0,554
"SPE000209","TOP001448","SPE000480-TOP001448-covers","covers",1.0,554
"SPE000209","TOP001449","SPE000480-TOP001449-covers","covers",1.0,554
"SPE000209","TOP001450","SPE000480-TOP001450-covers","covers",1.0,554
"SPE000209","SPE000481","SPE000481-delivered","delivered",1.0,555
"SPE000209","TOP001451","SPE000481-TOP001451-covers","covers",1.0,555
"SPE000209","TOP001452","SPE000481-TOP001452-covers","covers",1.0,555
"SPE000209","TOP001453","SPE000481-TOP001453-covers","covers",1.0,555
"SPE000209","SPE000484","SPE000484-delivered","delivered",1.0,558
"SPE000209","TOP001460","SPE000484-TOP001460-covers","covers",1.0,558
"SPE000209","TOP001461","SPE000484-TOP001461-covers","covers",1.0,558
"SPE000209","TOP001462","SPE000484-TOP001462-covers","covers",1.0,558
"SPE000209","SPE000503","SPE000503-delivered","delivered",1.0,580
"SPE000209","TOP001521","SPE000503-TOP001521-covers","covers",1.0,580
"SPE000209","TOP001522","SPE000503-TOP001522-covers","covers",1.0,580
"SPE000209","TOP001523","SPE000503-TOP001523-covers","covers",1.0,580
"SPE000209","SPE000504","SPE000504-delivered","delivered",1.0,581
"SPE000209","TOP001524","SPE000504-TOP001524-covers","covers",1.0,581
"SPE000209","TOP001525","SPE000504-TOP001525-covers","covers",1.0,581
"SPE000209","TOP001526","SPE000504-TOP001526-covers","covers",1.0,581
"SPE000209","SPE000507","SPE000507-delivered","delivered",1.0,584
"SPE000209","TOP001531","SPE000507-TOP001531-covers","covers",1.0,584
"SPE000209","TOP001532","SPE000507-TOP001532-covers","covers",1.0,584
"SPE000209","TOP001077","SPE000507-TOP001077-covers","covers",1.0,584
"SPE000210","DAT000181","SPE000210-held_on","held_on",1.0,236
"SPE000211","DAT000182","SPE000211-held_on","held_on",1.0,237
"SPE000212","DAT000183","SPE000212-held_on","held_on",1.0,238
"SPE000213","DAT000183","SPE000213-held_on","held_on",1.0,239
"SPE000214","DAT000183","SPE000214-held_on","held_on",1.0,240
"SPE000215","DAT000184","SPE000215-held_on","held_on",1.0,241
"SPE000216","DAT000185","SPE000216-held_on","held_on",1.0,242
"SPE000217","DAT000186","SPE000217-held_on","held_on",1.0,243
"SPE000218","DAT000187","SPE000218-held_on","held_on",1.0,244
"SPE000219","DAT000188","SPE000219-held_on","held_on",1.0,245
"SPE000220","DAT000190","SPE000220-held_on","held_on",1.0,247
"SPE000221","DAT000191","SPE000221-held_on","held_on",1.0,248
"SPE000222","DAT000191","SPE000222-held_on","held_on",1.0,249
"SPE000223","DAT000192","SPE000223-held_on","held_on",1.0,250
"SPE000224","DAT000193","SPE000224-held_on","held_on",1.0,251
"SPE000225","DAT000194","SPE000225-held_on","held_on",1.0,252
"SPE000226","DAT000194","SPE000226-held_on","held_on",1.0,253
"SPE000227","DAT000195","SPE000227-held_on","held_on",1.0,254
"SPE000228","DAT000196","SPE000228-held_on","held_on",1.0,255
"SPE000229","DAT000197","SPE000229-held_on","held_on",1.0,256
"SPE000230","DAT000199","SPE000230-held_on","held_on",1.0,259
"SPE000231","DAT000200","SPE000231-held_on","held_on",1.0,260
"SPE000232","DAT000201","SPE000232-held_on","held_on",1.0,261
"SPE000233","DAT000202","SPE000233-held_on","held_on",1.0,262
"SPE000234","DAT000203","SPE000234-held_on","held_on",1.0,263
"SPE000235","DAT000204","SPE000235-held_on","held_on",1.0,264
"SPE000236","DAT000205","SPE000236-held_on","held_on",1.0,265
"SPE000237","DAT000205","SPE000237-held_on","held_on",1.0,266
"SPE000238","DAT000206","SPE000238-held_on","held_on",1.0,267
"SPE000238","DAT000474","SPE000238-held_on","held_on",1.0,623
"SPE000239","DAT000207","SPE000239-held_on","held_on",1.0,268
"SPE000239","DAT000214","SPE000239-held_on","held_on",1.0,276
"SPE000240","DAT000209","SPE000240-held_on","held_on",1.0,270
"SPE000241","DAT000210","SPE000241-held_on","held_on",1.0,271
"SPE000241","DAT000225","SPE000241-held_on","held_on",1.0,291
"SPE000242","DAT000211","SPE000242-held_on","held_on",1.0,272
"SPE000243","DAT000211","SPE000243-held_on","held_on",1.0,273
"SPE000244","DAT000212","SPE000244-held_on","held_on",1.0,274
"SPE000245","DAT000213","SPE000245-held_on","held_on",1.0,275
"SPE000245","DAT000219","SPE000245-held_on","held_on",1.0,282
"SPE000245","DAT000221","SPE000245-held_on","held_on",1.0,285
"SPE000246","DAT000214","SPE000246-held_on","held_on",1.0,277
"SPE000247","DAT000215","SPE000247-held_on","held_on",1.0,278
"SPE000248","DAT000220","SPE000248-held_on","held_on",1.0,283
"SPE000249","DAT000220","SPE000249-held_on","held_on",1.0,284
"SPE000250","DAT000222","SPE000250-held_on","held_on",1.0,286
"SPE000251","DAT000223","SPE000251-held_on","held_on",1.0,287
"SPE000252","DAT000223","SPE000252-held_on","held_on",1.0,289
"SPE000253","DAT000226","SPE000253-held_on","held_on",1.0,292
"SPE000254","DAT000226","SPE000254-held_on","held_on",1.0,293
"SPE000255","DAT000227","SPE000255-held_on","held_on",1.0,294
"SPE000256","DAT000228","SPE000256-held_on","held_on",1.0,295
"SPE000257","DAT000229","SPE000257-held_on","held_on",1.0,296
"SPE000258","DAT000230","SPE000258-held_on","held_on",1.0,297
"SPE000259","DAT000230","SPE000259-held_on","held_on",1.0,298
"SPE000260","DAT000232","SPE000260-held_on","held_on",1.0,301
"SPE000261","DAT000232","SPE000261-held_on","held_on",1.0,302
"SPE000262","DAT000233","SPE000262-held_on","held_on",1.0,303
"SPE000263","DAT000234","SPE000263-held_on","held_on",1.0,304
"SPE000264","DAT000235","SPE000264-held_on","held_on",1.0,305
"SPE000265","DAT000236","SPE000265-held_on","held_on",1.0,306
"SPE000266","DAT000236","SPE000266-held_on","held_on",1.0,307
"SPE000267","DAT000237","SPE000267-held_on","held_on",1.0,308
"SPE000268","DAT000237","SPE000268-held_on","held_on",1.0,309
"SPE000269","DAT000238","SPE000269-held_on","held_on",1.0,310
"SPE000269","DAT000258","SPE000269-held_on","held_on",1.0,336
"SPE000269","DAT000267","SPE000269-held_on","held_on",1.0,345
"SPE000270","DAT000240","SPE000270-held_on","held_on",1.0,312
"SPE000271","DAT000241","SPE000271-held_on","held_on",1.0,313
"SPE000271","DAT002071","SPE000271-held_on","held_on",1.0,2729
"SPE000272","DAT000242","SPE000272-held_on","held_on",1.0,314
"SPE000273","DAT000243","SPE000273-held_on","held_on",1.0,315
"SPE000274","DAT000244","SPE000274-held_on","held_on",1.0,317
"SPE000275","DAT000245","SPE000275-held_on","held_on",1.0,318
"SPE000276","DAT000245","SPE000276-held_on","held_on",1.0,319
"SPE000277","DAT000246","SPE000277-held_on","held_on",1.0,320
"SPE000278","DAT000247","SPE000278-held_on","held_on",1.0,321
"SPE000279","DAT000248","SPE000279-held_on","held_on",1.0,322
"SPE000280","DAT000249","SPE000280-held_on","held_on",1.0,323
"SPE000281","DAT000249","SPE000281-held_on","held_on",1.0,324
"SPE000282","DAT000250","SPE000282-held_on","held_on",1.0,325
"SPE000283","DAT000251","SPE000283-held_on","held_on",1.0,326
"SPE000284","DAT000254","SPE000284-held_on","held_on",1.0,329
"SPE000285","DAT000255","SPE000285-held_on","held_on",1.0,330
"SPE000286","DAT000255","SPE000286-held_on","held_on",1.0,331
"SPE000287","DAT000255","SPE000287-held_on","held_on",1.0,332
"SPE000288","DAT000256","SPE000288-held_on","held_on",1.0,333
"SPE000289","DAT000257","SPE000289-held_on","held_on",1.0,335
"SPE000290","DAT000260","SPE000290-held_on","held_on",1.0,338
"SPE000291","DAT000261","SPE000291-held_on","held_on",1.0,339
"SPE000292","DAT000262","SPE000292-held_on","held_on",1.0,340
"SPE000293","DAT000263","SPE000293-held_on","held_on",1.0,341
"SPE000294","DAT000264","SPE000294-held_on","held_on",1.0,342
"SPE000295","DAT000265","SPE000295-held_on","held_on",1.0,343
"SPE000296","DAT000266","SPE000296-held_on","held_on",1.0,344
"SPE000297","DAT000268","SPE000297-held_on","held_on",1.0,346
"SPE000298","DAT000269","SPE000298-held_on","held_on",1.0,348
"SPE000299","DAT000270","SPE000299-held_on","held_on",1.0,349
"SPE000300","DAT000271","SPE000300-held_on","held_on",1.0,350
"SPE000301","DAT000273","SPE000301-held_on","held_on",1.0,353
"SPE000302","DAT000274","SPE000302-held_on","held_on",1.0,354
"SPE000303","DAT000275","SPE000303-held_on","held_on",1.0,355
"SPE000304","DAT000276","SPE000304-held_on","held_on",1.0,356
"SPE000305","DAT000277","SPE000305-held_on","held_on",1.0,357
"SPE000306","DAT000277","SPE000306-held_on","held_on",1.0,358
"SPE000307","DAT000277","SPE000307-held_on","held_on",1.0,359
"SPE000308","DAT000278","SPE000308-held_on","held_on",1.0,360
"SPE000309","DAT000278","SPE000309-held_on","held_on",1.0,361
"SPE000310","DAT000279","SPE000310-held_on","held_on",1.0,362
"SPE000311","DAT000280","SPE000311-held_on","held_on",1.0,363
"SPE000311","DAT000422","SPE000311-held_on","held_on",1.0,552
"SPE000312","DAT000281","SPE000312-held_on","held_on",1.0,364
"SPE000313","DAT000282","SPE000313-held_on","held_on",1.0,365
"SPE000314","DAT000282","SPE000314-held_on","held_on",1.0,366
"SPE000315","DAT000283","SPE000315-held_on","held_on",1.0,367
"SPE000316","DAT000284","SPE000316-held_on","held_on",1.0,368
"SPE000317","DAT000285","SPE000317-held_on","held_on",1.0,369
"SPE000318","DAT000285","SPE000318-held_on","held_on",1.0,370
"SPE000319","DAT000286","SPE000319-held_on","held_on",1.0,371
"SPE000320","DAT000287","SPE000320-held_on","held_on",1.0,372
"SPE000321","DAT000289","SPE000321-held_on","held_on",1.0,374
"SPE000322","DAT000290","SPE000322-held_on","held_on",1.0,375
"SPE000323","DAT000290","SPE000323-held_on","held_on",1.0,376
"SPE000324","DAT000291","SPE000324-held_on","held_on",1.0,377
"SPE000325","DAT000292","SPE000325-held_on","held_on",1.0,378
"SPE000326","DAT000293","SPE000326-held_on","held_on",1.0,379
"SPE000327","DAT000293","SPE000327-held_on","held_on",1.0,380
"SPE000328","DAT000294","SPE000328-held_on","held_on",1.0,381
"SPE000329","DAT000295","SPE000329-held_on","held_on",1.0,382
"SPE000330","DAT000296","SPE000330-held_on","held_on",1.0,383
"SPE000331","DAT000296","SPE000331-held_on","held_on",1.0,385
"SPE000332","DAT000297","SPE000332-held_on","held_on",1.0,386
"SPE000333","DAT000298","SPE000333-held_on","held_on",1.0,387
"SPE000334","DAT000299","SPE000334-held_on","held_on",1.0,388
"SPE000335","DAT000300","SPE000335-held_on","held_on",1.0,389
"SPE000336","DAT000301","SPE000336-held_on","held_on",1.0,390
"SPE000337","DAT000302","SPE000337-held_on","held_on",1.0,391
"SPE000338","DAT000302","SPE000338-held_on","held_on",1.0,392
"SPE000339","DAT000303","SPE000339-held_on","held_on",1.0,393
"SPE000340","DAT000303","SPE000340-held_on","held_on",1.0,394
"SPE000341","DAT000304","SPE000341-held_on","held_on",1.0,395
"SPE000342","DAT000304","SPE000342-held_on","held_on",1.0,396
"SPE000343","DAT000305","SPE000343-held_on","held_on",1.0,398
"SPE000344","DAT000306","SPE000344-held_on","held_on",1.0,399
"SPE000345","DAT000308","SPE000345-held_on","held_on",1.0,401
"SPE000346","DAT000309","SPE000346-held_on","held_on",1.0,402
"SPE000347","DAT000310","SPE000347-held_on","held_on",1.0,403
"SPE000348","DAT000311","SPE000348-held_on","held_on",1.0,404
"SPE000349","DAT000312","SPE000349-held_on","held_on",1.0,405
"SPE000350","DAT000312","SPE000350-held_on","held_on",1.0,406
"SPE000351","DAT000312","SPE000351-held_on","held_on",1.0,407
"SPE000352","DAT000313","SPE000352-held_on","held_on",1.0,408
"SPE000353","DAT000313","SPE000353-held_on","held_on",1.0,409
"SPE000353","DAT000315","SPE000353-held_on","held_on",1.0,412
"SPE000354","DAT000314","SPE000354-held_on","held_on",1.0,410
"SPE000355","DAT000315","SPE000355-held_on","held_on",1.0,411
"SPE000356","DAT000316","SPE000356-held_on","held_on",1.0,413
"SPE000356","DAT000349","SPE000356-held_on","held_on",1.0,454
"SPE000357","DAT000316","SPE000357-held_on","held_on",1.0,414
"SPE000358","DAT000317","SPE000358-held_on","held_on",1.0,415
"SPE000359","DAT000318","SPE000359-held_on","held_on",1.0,416
"SPE000360","DAT000319","SPE000360-held_on","held_on",1.0,417
"SPE000361","DAT000320","SPE000361-held_on","held_on",1.0,418
"SPE000362","DAT000321","SPE000362-held_on","held_on",1.0,419
"SPE000363","DAT000322","SPE000363-held_on","held_on",1.0,421
"SPE000364","DAT000323","SPE000364-held_on","held_on",1.0,422
"SPE000365","DAT000324","SPE000365-held_on","held_on",1.0,423
"SPE000366","DAT000324","SPE000366-held_on","held_on",1.0,425
"SPE000367","DAT000325","SPE000367-held_on","held_on",1.0,426
"SPE000368","DAT000326","SPE000368-held_on","held_on",1.0,427
"SPE000369","DAT000327","SPE000369-held_on","held_on",1.0,428
"SPE000370","DAT000328","SPE000370-held_on","held_on",1.0,429
"SPE000371","DAT000328","SPE000371-held_on","held_on",1.0,430
"SPE000372","DAT000329","SPE000372-held_on","held_on",1.0,431
"SPE000373","DAT000330","SPE000373-held_on","held_on",1.0,432
"SPE000374","DAT000330","SPE000374-held_on","held_on",1.0,433
"SPE000375","DAT000331","SPE000375-held_on","held_on",1.0,434
"SPE000376","DAT000333","SPE000376-held_on","held_on",1.0,436
"SPE000377","DAT000334","SPE000377-held_on","held_on",1.0,437
"SPE000378","DAT000335","SPE000378-held_on","held_on",1.0,438
"SPE000379","DAT000336","SPE000379-held_on","held_on",1.0,439
"SPE000380","DAT000336","SPE000380-held_on","held_on",1.0,440
"SPE000381","DAT000337","SPE000381-held_on","held_on",1.0,441
"SPE000382","DAT000338","SPE000382-held_on","held_on",1.0,442
"SPE000383","DAT000339","SPE000383-held_on","held_on",1.0,443
"SPE000384","DAT000340","SPE000384-held_on","held_on",1.0,444
"SPE000385","DAT000342","SPE000385-held_on","held_on",1.0,446
"SPE000386","DAT000343","SPE000386-held_on","held_on",1.0,447
"SPE000387","DAT000344","SPE000387-held_on","held_on",1.0,448
"SPE000388","DAT000345","SPE000388-held_on","held_on",1.0,449
"SPE000389","DAT000345","SPE000389-held_on","held_on",1.0,450
"SPE000390","DAT000346","SPE000390-held_on","held_on",1.0,451
"SPE000391","DAT000347","SPE000391-held_on","held_on",1.0,452
"SPE000392","DAT000348","SPE000392-held_on","held_on",1.0,453
"SPE000393","DAT000350","SPE000393-held_on","held_on",1.0,455
"SPE000394","DAT000351","SPE000394-held_on","held_on",1.0,456
"SPE000395","DAT000352","SPE000395-held_on","held_on",1.0,457
"SPE000396","DAT000353","SPE000396-held_on","held_on",1.0,458
"SPE000397","DAT000353","SPE000397-held_on","held_on",1.0,459
"SPE000398","DAT000354","SPE000398-held_on","held_on",1.0,460
"SPE000399","DAT000355","SPE000399-held_on","held_on",1.0,462
"SPE000399","DAT000387","SPE000399-held_on","held_on",1.0,507
"SPE000400","DAT000357","SPE000400-held_on","held_on",1.0,464
"SPE000401","DAT000358","SPE000401-held_on","held_on",1.0,465
"SPE000402","DAT000359","SPE000402-held_on","held_on",1.0,466
"SPE000403","DAT000360","SPE000403-held_on","held_on",1.0,467
"SPE000404","DAT000361","SPE000404-held_on","held_on",1.0,468
"SPE000405","DAT000362","SPE000405-held_on","held_on",1.0,469
"SPE000406","DAT000362","SPE000406-held_on","held_on",1.0,470
"SPE000407","DAT000363","SPE000407-held_on","held_on",1.0,471
"SPE000408","DAT000364","SPE000408-held_on","held_on",1.0,472
"SPE000409","DAT000365","SPE000409-held_on","held_on",1.0,473
"SPE000410","DAT000366","SPE000410-held_on","held_on",1.0,474
"SPE000411","DAT000367","SPE000411-held_on","held_on",1.0,475
"SPE000412","DAT000368","SPE000412-held_on","held_on",1.0,476
"SPE000413","DAT000368","SPE000413-held_on","held_on",1.0,477
"SPE000414","DAT000369","SPE000414-held_on","held_on",1.0,478
"SPE000415","DAT000369","SPE000415-held_on","held_on",1.0,479
"SPE000416","DAT000369","SPE000416-held_on","held_on",1.0,480
"SPE000417","DAT000371","SPE000417-held_on","held_on",1.0,482
"SPE000418","DAT000372","SPE000418-held_on","held_on",1.0,483
"SPE000419","DAT000373","SPE000419-held_on","held_on",1.0,485
"SPE000420","DAT000374","SPE000420-held_on","held_on",1.0,487
"SPE000421","DAT000374","SPE000421-held_on","held_on",1.0,488
"SPE000422","DAT000375","SPE000422-held_on","held_on",1.0,489
"SPE000423","DAT000376","SPE000423-held_on","held_on",1.0,490
"SPE000424","DAT000376","SPE000424-held_on","held_on",1.0,491
"SPE000425","DAT000377","SPE000425-held_on","held_on",1.0,492
"SPE000426","DAT000378","SPE000426-held_on","held_on",1.0,493
"SPE000427","DAT000378","SPE000427-held_on","held_on",1.0,494
"SPE000428","DAT000379","SPE000428-held_on","held_on",1.0,495
"SPE000429","DAT000380","SPE000429-held_on","held_on",1.0,496
"SPE000430","DAT000381","SPE000430-held_on","held_on",1.0,497
"SPE000431","DAT000383","SPE000431-held_on","held_on",1.0,499
"SPE000432","DAT000384","SPE000432-held_on","held_on",1.0,500
"SPE000433","DAT000384","SPE000433-held_on","held_on",1.0,501
"SPE000433","DAT000394","SPE000433-held_on","held_on",1.0,517
"SPE000433","DAT000412","SPE000433-held_on","held_on",1.0,539
"SPE000433","DAT000434","SPE000433-held_on","held_on",1.0,568
"SPE000433","DAT000449","SPE000433-held_on","held_on",1.0,590
"SPE000433","DAT000460","SPE000433-held_on","held_on",1.0,604
"SPE000433","DAT000487","SPE000433-held_on","held_on",1.0,639
"SPE000433","DAT000935","SPE000433-held_on","held_on",1.0,1246
"SPE000433","DAT000969","SPE000433-held_on","held_on",1.0,1291
"SPE000433","DAT000983","SPE000433-held_on","held_on",1.0,1306
"SPE000433","DAT001020","SPE000433-held_on","held_on",1.0,1352
"SPE000433","DAT001036","SPE000433-held_on","held_on",1.0,1370
"SPE000433","DAT001119","SPE000433-held_on","held_on",1.0,1478
"SPE000433","DAT001136","SPE000433-held_on","held_on",1.0,1498
"SPE000433","DAT001156","SPE000433-held_on","held_on",1.0,1526
"SPE000433","DAT001176","SPE000433-held_on","held_on",1.0,1550
"SPE000433","DAT001197","SPE000433-held_on","held_on",1.0,1576
"SPE000433","DAT001202","SPE000433-held_on","held_on",1.0,1583
"SPE000433","DAT001212","SPE000433-held_on","held_on",1.0,1595
"SPE000433","DAT001217","SPE000433-held_on","held_on",1.0,1600
"SPE000433","DAT001256","SPE000433-held_on","held_on",1.0,1657
"SPE000433","DAT001309","SPE000433-held_on","held_on",1.0,1728
"SPE000434","DAT000384","SPE000434-held_on","held_on",1.0,502
"SPE000435","DAT000384","SPE000435-held_on","held_on",1.0,503
"SPE000435","DAT000548","SPE000435-held_on","held_on",1.0,719
"SPE000436","DAT000385","SPE000436-held_on","held_on",1.0,504
"SPE000437","DAT000386","SPE000437-held_on","held_on",1.0,505
"SPE000438","DAT000386","SPE000438-held_on","held_on",1.0,506
"SPE000439","DAT000388","SPE000439-held_on","held_on",1.0,509
"SPE000440","DAT000389","SPE000440-held_on","held_on",1.0,510
"SPE000441","DAT000390","SPE000441-held_on","held_on",1.0,511
"SPE000442","DAT000391","SPE000442-held_on","held_on",1.0,512
"SPE000443","DAT000391","SPE000443-held_on","held_on",1.0,513
"SPE000444","DAT000392","SPE000444-held_on","held_on",1.0,514
"SPE000445","DAT000393","SPE000445-held_on","held_on",1.0,515
"SPE000446","DAT000394","SPE000446-held_on","held_on",1.0,516
"SPE000447","DAT000395","SPE000447-held_on","held_on",1.0,518
"SPE000448","DAT000396","SPE000448-held_on","held_on",1.0,519
"SPE000449","DAT000397","SPE000449-held_on","held_on",1.0,520
"SPE000450","DAT000398","SPE000450-held_on","held_on",1.0,521
"SPE000450","DAT000415","SPE000450-held_on","held_on",1.0,544
"SPE000451","DAT000399","SPE000451-held_on","held_on",1.0,522
"SPE000452","SPE000453","SPE000453-delivered","delivered",1.0,523
"SPE000452","TOP001360","SPE000453-TOP001360-covers","covers",1.0,523
"SPE000452","TOP001361","SPE000453-TOP001361-covers","covers",1.0,523
"SPE000452","TOP001362","SPE000453-TOP001362-covers","covers",1.0,523
"SPE000452","SPE000455","SPE000455-delivered","delivered",1.0,525
"SPE000452","TOP001366","SPE000455-TOP001366-covers","covers",1.0,525
"SPE000452","TOP001367","SPE000455-TOP001367-covers","covers",1.0,525
"SPE000452","TOP001368","SPE000455-TOP001368-covers","covers",1.0,525
"SPE000452","SPE000459","SPE000459-delivered","delivered",1.0,529
"SPE000452","TOP001376","SPE000459-TOP001376-covers","covers",1.0,529
"SPE000452","TOP001377","SPE000459-TOP001377-covers","covers",1.0,529
"SPE000452","TOP001378","SPE000459-TOP001378-covers","covers",1.0,529
"SPE000452","SPE000464","SPE000464-delivered","delivered",1.0,535
"SPE000452","TOP001393","SPE000464-TOP001393-covers","covers",1.0,535
"SPE000452","TOP001394","SPE000464-TOP001394-covers","covers",1.0,535
"SPE000452","TOP001395","SPE000464-TOP001395-covers","covers",1.0,535
"SPE000452","SPE000474","SPE000474-delivered","delivered",1.0,547
"SPE000452","TOP001427","SPE000474-TOP001427-covers","covers",1.0,547
"SPE000452","TOP001428","SPE000474-TOP001428-covers","covers",1.0,547
"SPE000452","TOP001429","SPE000474-TOP001429-covers","covers",1.0,547
"SPE000452","SPE000483","SPE000483-delivered","delivered",1.0,557
"SPE000452","TOP001457","SPE000483-TOP001457-covers","covers",1.0,557
"SPE000452","TOP001458","SPE000483-TOP001458-covers","covers",1.0,557
"SPE000452","TOP001459","SPE000483-TOP001459-covers","covers",1.0,557
"SPE000452","SPE000485","SPE000485-delivered","delivered",1.0,560
"SPE000452","TOP001466","SPE000485-TOP001466-covers","covers",1.0,560
"SPE000452","TOP001467","SPE000485-TOP001467-covers","covers",1.0,560
"SPE000452","TOP001468","SPE000485-TOP001468-covers","covers",1.0,560
"SPE000452","SPE000495","SPE000495-delivered","delivered",1.0,571
"SPE000452","TOP001496","SPE000495-TOP001496-covers","covers",1.0,571
"SPE000452","TOP001497","SPE000495-TOP001497-covers","covers",1.0,571
"SPE000452","TOP001498","SPE000495-TOP001498-covers","covers",1.0,571
"SPE000452","SPE000515","SPE000515-delivered","delivered",1.0,593
"SPE000452","TOP001554","SPE000515-TOP001554-covers","covers",1.0,593
"SPE000452","TOP001555","SPE000515-TOP001555-covers","covers",1.0,593
"SPE000452","TOP001556","SPE000515-TOP001556-covers","covers",1.0,593
"SPE000452","SPE000531","SPE000531-delivered","delivered",1.0,610
"SPE000452","TOP001603","SPE000531-TOP001603-covers","covers",1.0,610
"SPE000452","TOP001604","SPE000531-TOP001604-covers","covers",1.0,610
"SPE000452","TOP001605","SPE000531-TOP001605-covers","covers",1.0,610
"SPE000452","SPE000535","SPE000535-delivered","delivered",1.0,614
"SPE000452","TOP001615","SPE000535-TOP001615-covers","covers",1.0,614
"SPE000452","TOP001616","SPE000535-TOP001616-covers","covers",1.0,614
"SPE000452","TOP001617","SPE000535-TOP001617-covers","covers",1.0,614
"SPE000452","SPE000538","SPE000538-delivered","delivered",1.0,617
"SPE000452","TOP001623","SPE000538-TOP001623-covers","covers",1.0,617
"SPE000452","TOP001624","SPE000538-TOP001624-covers","covers",1.0,617
"SPE000452","TOP001625","SPE000538-TOP001625-covers","covers",1.0,617
"SPE000452","TOP001625","SPE000914-TOP001625-covers","covers",1.0,1036
"SPE000452","SPE000540","SPE000540-delivered","delivered",1.0,619
"SPE000452","TOP001629","SPE000540-TOP001629-covers","covers",1.0,619
"SPE000452","TOP001630","SPE000540-TOP001630-covers","covers",1.0,619
"SPE000452","TOP000115","SPE000540-TOP000115-covers","covers",1.0,619
"SPE000452","TOP000115","SPE001189-TOP000115-covers","covers",1.0,1327
"SPE000452","SPE000011","SPE000011-delivered","delivered",1.0,621
"SPE000452","TOP001634","SPE000011-TOP001634-covers","covers",1.0,621
"SPE000452","TOP001635","SPE000011-TOP001635-covers","covers",1.0,621
"SPE000452","TOP001636","SPE000011-TOP001636-covers","covers",1.0,621
"SPE000452","SPE000562","SPE000562-delivered","delivered",1.0,644
"SPE000452","TOP001699","SPE000562-TOP001699-covers","covers",1.0,644
"SPE000452","TOP001700","SPE000562-TOP001700-covers","covers",1.0,644
"SPE000452","TOP001701","SPE000562-TOP001701-covers","covers",1.0,644
"SPE000452","SPE000564","SPE000564-delivered","delivered",1.0,646
"SPE000452","TOP001704","SPE000564-TOP001704-covers","covers",1.0,646
"SPE000452","TOP001705","SPE000564-TOP001705-covers","covers",1.0,646
"SPE000452","TOP001706","SPE000564-TOP001706-covers","covers",1.0,646
"SPE000452","SPE000570","SPE000570-delivered","delivered",1.0,653
"SPE000452","TOP001725","SPE000570-TOP001725-covers","covers",1.0,653
"SPE000452","TOP001726","SPE000570-TOP001726-covers","covers",1.0,653
"SPE000452","TOP001727","SPE000570-TOP001727-covers","covers",1.0,653
"SPE000452","SPE000578","SPE000578-delivered","delivered",1.0,663
"SPE000452","TOP001753","SPE000578-TOP001753-covers","covers",1.0,663
"SPE000452","TOP001754","SPE000578-TOP001754-covers","covers",1.0,663
"SPE000452","TOP001570","SPE000578-TOP001570-covers","covers",1.0,663
"SPE000452","SPE000593","SPE000593-delivered","delivered",1.0,678
"SPE000452","TOP001795","SPE000593-TOP001795-covers","covers",1.0,678
"SPE000452","TOP001796","SPE000593-TOP001796-covers","covers",1.0,678
"SPE000452","TOP001797","SPE000593-TOP001797-covers","covers",1.0,678
"SPE000452","SPE000596","SPE000596-delivered","delivered",1.0,681
"SPE000452","TOP001803","SPE000596-TOP001803-covers","covers",1.0,681
"SPE000452","TOP001804","SPE000596-TOP001804-covers","covers",1.0,681
"SPE000452","TOP001805","SPE000596-TOP001805-covers","covers",1.0,681
"SPE000452","SPE000600","SPE000600-delivered","delivered",1.0,686
"SPE000452","TOP001818","SPE000600-TOP001818-covers","covers",1.0,686
"SPE000452","TOP001819","SPE000600-TOP001819-covers","covers",1.0,686
"SPE000452","TOP000661","SPE000600-TOP000661-covers","covers",1.0,686
"SPE000452","SPE000606","SPE000606-delivered","delivered",1.0,693
"SPE000452","TOP001837","SPE000606-TOP001837-covers","covers",1.0,693
"SPE000452","TOP001838","SPE000606-TOP001838-covers","covers",1.0,693
"SPE000452","TOP001839","SPE000606-TOP001839-covers","covers",1.0,693
"SPE000452","SPE000614","SPE000614-delivered","delivered",1.0,701
"SPE000452","TOP001861","SPE000614-TOP001861-covers","covers",1.0,701
"SPE000452","TOP001862","SPE000614-TOP001862-covers","covers",1.0,701
"SPE000452","TOP001863","SPE000614-TOP001863-covers","covers",1.0,701
"SPE000452","SPE000615","SPE000615-delivered","delivered",1.0,702
"SPE000452","TOP001864","SPE000615-TOP001864-covers","covers",1.0,702
"SPE000452","TOP001865","SPE000615-TOP001865-covers","covers",1.0,702
"SPE000452","TOP001866","SPE000615-TOP001866-covers","covers",1.0,702
"SPE000452","SPE000616","SPE000616-delivered","delivered",1.0,703
"SPE000452","TOP001867","SPE000616-TOP001867-covers","covers",1.0,703
"SPE000452","TOP000856","SPE000616-TOP000856-covers","covers",1.0,703
"SPE000452","TOP001868","SPE000616-TOP001868-covers","covers",1.0,703
"SPE000452","SPE000620","SPE000620-delivered","delivered",1.0,709
"SPE000452","TOP001884","SPE000620-TOP001884-covers","covers",1.0,709
"SPE000452","TOP001885","SPE000620-TOP001885-covers","covers",1.0,709
"SPE000452","TOP001886","SPE000620-TOP001886-covers","covers",1.0,709
"SPE000452","SPE000626","SPE000626-delivered","delivered",1.0,716
"SPE000452","TOP001905","SPE000626-TOP001905-covers","covers",1.0,716
"SPE000452","TOP001906","SPE000626-TOP001906-covers","covers",1.0,716
"SPE000452","TOP001907","SPE000626-TOP001907-covers","covers",1.0,716
"SPE000452","SPE000435","SPE000435-delivered","delivered",1.0,719
"SPE000452","TOP001914","SPE000435-TOP001914-covers","covers",1.0,719
"SPE000452","TOP001915","SPE000435-TOP001915-covers","covers",1.0,719
"SPE000452","TOP001916","SPE000435-TOP001916-covers","covers",1.0,719
"SPE000452","SPE000631","SPE000631-delivered","delivered",1.0,724
"SPE000452","TOP001929","SPE000631-TOP001929-covers","covers",1.0,724
"SPE000452","TOP001930","SPE000631-TOP001930-covers","covers",1.0,724
"SPE000452","TOP001931","SPE000631-TOP001931-covers","covers",1.0,724
"SPE000452","SPE000648","SPE000648-delivered","delivered",1.0,743
"SPE000452","TOP001985","SPE000648-TOP001985-covers","covers",1.0,743
"SPE000452","TOP001985","SPE000671-TOP001985-covers","covers",1.0,768
"SPE000452","TOP001986","SPE000648-TOP001986-covers","covers",1.0,743
"SPE000452","TOP001987","SPE000648-TOP001987-covers","covers",1.0,743
"SPE000452","SPE000651","SPE000651-delivered","delivered",1.0,746
"SPE000452","TOP001994","SPE000651-TOP001994-covers","covers",1.0,746
"SPE000452","TOP001995","SPE000651-TOP001995-covers","covers",1.0,746
"SPE000452","TOP001996","SPE000651-TOP001996-covers","covers",1.0,746
"SPE000452","SPE000661","SPE000661-delivered","delivered",1.0,757
"SPE000452","TOP002023","SPE000661-TOP002023-covers","covers",1.0,757
"SPE000452","TOP002024","SPE000661-TOP002024-covers","covers",1.0,757
"SPE000452","TOP002025","SPE000661-TOP002025-covers","covers",1.0,757
"SPE000452","SPE000663","SPE000663-delivered","delivered",1.0,759
"SPE000452","TOP002028","SPE000663-TOP002028-covers","covers",1.0,759
"SPE000452","TOP002029","SPE000663-TOP002029-covers","covers",1.0,759
"SPE000452","TOP002030","SPE000663-TOP002030-covers","covers",1.0,759
"SPE000452","SPE000668","SPE000668-delivered","delivered",1.0,765
"SPE000452","TOP002042","SPE000668-TOP002042-covers","covers",1.0,765
"SPE000452","TOP002043","SPE000668-TOP002043-covers","covers",1.0,765
"SPE000452","TOP002044","SPE000668-TOP002044-covers","covers",1.0,765
"SPE000452","SPE000671","SPE000671-delivered","delivered",1.0,768
"SPE000452","TOP002046","SPE000671-TOP002046-covers","covers",1.0,768
"SPE000452","TOP002047","SPE000671-TOP002047-covers","covers",1.0,768
"SPE000452","SPE000675","SPE000675-delivered","delivered",1.0,773
"SPE000452","TOP002058","SPE000675-TOP002058-covers","covers",1.0,773
"SPE000452","TOP002059","SPE000675-TOP002059-covers","covers",1.0,773
"SPE000452","TOP002060","SPE000675-TOP002060-covers","covers",1.0,773
"SPE000452","SPE000678","SPE000678-delivered","delivered",1.0,776
"SPE000452","TOP002066","SPE000678-TOP002066-covers","covers",1.0,776
"SPE000452","TOP002067","SPE000678-TOP002067-covers","covers",1.0,776
"SPE000452","TOP002068","SPE000678-TOP002068-covers","covers",1.0,776
"SPE000452","SPE000685","SPE000685-delivered","delivered",1.0,783
"SPE000452","TOP002087","SPE000685-TOP002087-covers","covers",1.0,783
"SPE000452","TOP002088","SPE000685-TOP002088-covers","covers",1.0,783
"SPE000452","TOP002089","SPE000685-TOP002089-covers","covers",1.0,783
"SPE000452","SPE000690","SPE000690-delivered","delivered",1.0,789
"SPE000452","TOP001194","SPE000690-TOP001194-covers","covers",1.0,789
"SPE000452","TOP002101","SPE000690-TOP002101-covers","covers",1.0,789
"SPE000452","TOP000076","SPE000690-TOP000076-covers","covers",1.0,789
"SPE000452","TOP000076","SPE000861-TOP000076-covers","covers",1.0,976
"SPE000452","TOP000076","SPE000884-TOP000076-covers","covers",1.0,1000
"SPE000452","TOP000076","SPE001274-TOP000076-covers","covers",1.0,1415
"SPE000452","SPE000698","SPE000698-delivered","delivered",1.0,799
"SPE000452","TOP002129","SPE000698-TOP002129-covers","covers",1.0,799
"SPE000452","TOP002130","SPE000698-TOP002130-covers","covers",1.0,799
"SPE000452","TOP002131","SPE000698-TOP002131-covers","covers",1.0,799
"SPE000452","SPE000706","SPE000706-delivered","delivered",1.0,808
"SPE000452","TOP002154","SPE000706-TOP002154-covers","covers",1.0,808
"SPE000452","TOP002155","SPE000706-TOP002155-covers","covers",1.0,808
"SPE000452","TOP002156","SPE000706-TOP002156-covers","covers",1.0,808
"SPE000452","SPE000709","SPE000709-delivered","delivered",1.0,812
"SPE000452","TOP002166","SPE000709-TOP002166-covers","covers",1.0,812
"SPE000452","TOP002167","SPE000709-TOP002167-covers","covers",1.0,812
"SPE000452","TOP002168","SPE000709-TOP002168-covers","covers",1.0,812
"SPE000452","SPE000713","SPE000713-delivered","delivered",1.0,816
"SPE000452","TOP002176","SPE000713-TOP002176-covers","covers",1.0,816
"SPE000452","TOP002177","SPE000713-TOP002177-covers","covers",1.0,816
"SPE000452","TOP002178","SPE000713-TOP002178-covers","covers",1.0,816
"SPE000452","SPE000714","SPE000714-delivered","delivered",1.0,817
"SPE000452","TOP002179","SPE000714-TOP002179-covers","covers",1.0,817
"SPE000452","TOP002180","SPE000714-TOP002180-covers","covers",1.0,817
"SPE000452","TOP002181","SPE000714-TOP002181-covers","covers",1.0,817
"SPE000452","SPE000716","SPE000716-delivered","delivered",1.0,819
"SPE000452","TOP002185","SPE000716-TOP002185-covers","covers",1.0,819
"SPE000452","TOP002186","SPE000716-TOP002186-covers","covers",1.0,819
"SPE000452","TOP002187","SPE000716-TOP002187-covers","covers",1.0,819
"SPE000452","SPE000720","SPE000720-delivered","delivered",1.0,824
"SPE000452","TOP002198","SPE000720-TOP002198-covers","covers",1.0,824
"SPE000452","TOP002199","SPE000720-TOP002199-covers","covers",1.0,824
"SPE000452","TOP002200","SPE000720-TOP002200-covers","covers",1.0,824
"SPE000452","SPE000725","SPE000725-delivered","delivered",1.0,829
"SPE000452","TOP002213","SPE000725-TOP002213-covers","covers",1.0,829
"SPE000452","TOP002214","SPE000725-TOP002214-covers","covers",1.0,829
"SPE000452","TOP002215","SPE000725-TOP002215-covers","covers",1.0,829
"SPE000452","SPE000727","SPE000727-delivered","delivered",1.0,831
"SPE000452","TOP002219","SPE000727-TOP002219-covers","covers",1.0,831
"SPE000452","TOP002220","SPE000727-TOP002220-covers","covers",1.0,831
"SPE000452","TOP002221","SPE000727-TOP002221-covers","covers",1.0,831
"SPE000452","SPE000735","SPE000735-delivered","delivered",1.0,840
"SPE000452","TOP002243","SPE000735-TOP002243-covers","covers",1.0,840
"SPE000452","TOP002244","SPE000735-TOP002244-covers","covers",1.0,840
"SPE000452","TOP002245","SPE000735-TOP002245-covers","covers",1.0,840
"SPE000452","SPE000740","SPE000740-delivered","delivered",1.0,845
"SPE000452","TOP002258","SPE000740-TOP002258-covers","covers",1.0,845
"SPE000452","TOP002259","SPE000740-TOP002259-covers","covers",1.0,845
"SPE000452","TOP002260","SPE000740-TOP002260-covers","covers",1.0,845
"SPE000452","SPE000745","SPE000745-delivered","delivered",1.0,850
"SPE000452","TOP002273","SPE000745-TOP002273-covers","covers",1.0,850
"SPE000452","TOP002274","SPE000745-TOP002274-covers","covers",1.0,850
"SPE000452","TOP002275","SPE000745-TOP002275-covers","covers",1.0,850
"SPE000452","SPE000759","SPE000759-delivered","delivered",1.0,866
"SPE000452","TOP002318","SPE000759-TOP002318-covers","covers",1.0,866
"SPE000452","TOP002319","SPE000759-TOP002319-covers","covers",1.0,866
"SPE000452","TOP002320","SPE000759-TOP002320-covers","covers",1.0,866
"SPE000452","SPE000762","SPE000762-delivered","delivered",1.0,871
"SPE000452","TOP002329","SPE000762-TOP002329-covers","covers",1.0,871
"SPE000452","TOP002330","SPE000762-TOP002330-covers","covers",1.0,871
"SPE000452","TOP002331","SPE000762-TOP002331-covers","covers",1.0,871
"SPE000452","SPE000772","SPE000772-delivered","delivered",1.0,881
"SPE000452","TOP002359","SPE000772-TOP002359-covers","covers",1.0,881
"SPE000452","TOP002360","SPE000772-TOP002360-covers","covers",1.0,881
"SPE000452","TOP002361","SPE000772-TOP002361-covers","covers",1.0,881
"SPE000452","SPE000776","SPE000776-delivered","delivered",1.0,885
"SPE000452","TOP002371","SPE000776-TOP002371-covers","covers",1.0,885
"SPE000452","TOP002372","SPE000776-TOP002372-covers","covers",1.0,885
"SPE000452","TOP002373","SPE000776-TOP002373-covers","covers",1.0,885
"SPE000452","SPE000782","SPE000782-delivered","delivered",1.0,891
"SPE000452","TOP002389","SPE000782-TOP002389-covers","covers",1.0,891
"SPE000452","TOP002390","SPE000782-TOP002390-covers","covers",1.0,891
"SPE000452","TOP002391","SPE000782-TOP002391-covers","covers",1.0,891
"SPE000452","SPE000783","SPE000783-delivered","delivered",1.0,892
"SPE000452","TOP002392","SPE000783-TOP002392-covers","covers",1.0,892
"SPE000452","TOP002393","SPE000783-TOP002393-covers","covers",1.0,892
"SPE000452","TOP002394","SPE000783-TOP002394-covers","covers",1.0,892
"SPE000452","SPE000785","SPE000785-delivered","delivered",1.0,894
"SPE000452","TOP002397","SPE000785-TOP002397-covers","covers",1.0,894
"SPE000452","TOP002398","SPE000785-TOP002398-covers","covers",1.0,894
"SPE000452","TOP002399","SPE000785-TOP002399-covers","covers",1.0,894
"SPE000452","SPE000787","SPE000787-delivered","delivered",1.0,896
"SPE000452","TOP002402","SPE000787-TOP002402-covers","covers",1.0,896
"SPE000452","TOP002403","SPE000787-TOP002403-covers","covers",1.0,896
"SPE000452","TOP002404","SPE000787-TOP002404-covers","covers",1.0,896
"SPE000452","SPE000807","SPE000807-delivered","delivered",1.0,918
"SPE000452","TOP002462","SPE000807-TOP002462-covers","covers",1.0,918
"SPE000452","TOP002463","SPE000807-TOP002463-covers","covers",1.0,918
"SPE000452","TOP002464","SPE000807-TOP002464-covers","covers",1.0,918
"SPE000452","SPE000808","SPE000808-delivered","delivered",1.0,919
"SPE000452","TOP002465","SPE000808-TOP002465-covers","covers",1.0,919
"SPE000452","TOP002466","SPE000808-TOP002466-covers","covers",1.0,919
"SPE000452","TOP002467","SPE000808-TOP002467-covers","covers",1.0,919
"SPE000452","SPE000814","SPE000814-delivered","delivered",1.0,925
"SPE000452","TOP002478","SPE000814-TOP002478-covers","covers",1.0,925
"SPE000452","TOP002479","SPE000814-TOP002479-covers","covers",1.0,925
"SPE000452","TOP002480","SPE000814-TOP002480-covers","covers",1.0,925
"SPE000452","SPE000815","SPE000815-delivered","delivered",1.0,926
"SPE000452","TOP002481","SPE000815-TOP002481-covers","covers",1.0,926
"SPE000452","TOP002482","SPE000815-TOP002482-covers","covers",1.0,926
"SPE000452","TOP002483","SPE000815-TOP002483-covers","covers",1.0,926
"SPE000452","SPE000818","SPE000818-delivered","delivered",1.0,929
"SPE000452","TOP002490","SPE000818-TOP002490-covers","covers",1.0,929
"SPE000452","TOP002491","SPE000818-TOP002491-covers","covers",1.0,929
"SPE000452","TOP002492","SPE000818-TOP002492-covers","covers",1.0,929
"SPE000452","SPE000823","SPE000823-delivered","delivered",1.0,935
"SPE000452","TOP002505","SPE000823-TOP002505-covers","covers",1.0,935
"SPE000452","TOP002506","SPE000823-TOP002506-covers","covers",1.0,935
"SPE000452","TOP002507","SPE000823-TOP002507-covers","covers",1.0,935
"SPE000452","SPE000833","SPE000833-delivered","delivered",1.0,946
"SPE000452","TOP002533","SPE000833-TOP002533-covers","covers",1.0,946
"SPE000452","TOP002534","SPE000833-TOP002534-covers","covers",1.0,946
"SPE000452","TOP002535","SPE000833-TOP002535-covers","covers",1.0,946
"SPE000452","SPE000849","SPE000849-delivered","delivered",1.0,962
"SPE000452","TOP002578","SPE000849-TOP002578-covers","covers",1.0,962
"SPE000452","TOP002579","SPE000849-TOP002579-covers","covers",1.0,962
"SPE000452","TOP002580","SPE000849-TOP002580-covers","covers",1.0,962
"SPE000452","SPE000854","SPE000854-delivered","delivered",1.0,968
"SPE000452","TOP002594","SPE000854-TOP002594-covers","covers",1.0,968
"SPE000452","TOP002595","SPE000854-TOP002595-covers","covers",1.0,968
"SPE000452","TOP002596","SPE000854-TOP002596-covers","covers",1.0,968
"SPE000452","SPE000855","SPE000855-delivered","delivered",1.0,970
"SPE000452","TOP002599","SPE000855-TOP002599-covers","covers",1.0,970
"SPE000452","TOP002600","SPE000855-TOP002600-covers","covers",1.0,970
"SPE000452","TOP002601","SPE000855-TOP002601-covers","covers",1.0,970
"SPE000452","SPE000861","SPE000861-delivered","delivered",1.0,976
"SPE000452","TOP002617","SPE000861-TOP002617-covers","covers",1.0,976
"SPE000452","TOP001927","SPE000861-TOP001927-covers","covers",1.0,976
"SPE000452","SPE000862","SPE000862-delivered","delivered",1.0,977
"SPE000452","TOP002618","SPE000862-TOP002618-covers","covers",1.0,977
"SPE000452","TOP002619","SPE000862-TOP002619-covers","covers",1.0,977
"SPE000452","TOP002620","SPE000862-TOP002620-covers","covers",1.0,977
"SPE000452","SPE000864","SPE000864-delivered","delivered",1.0,979
"SPE000452","TOP002624","SPE000864-TOP002624-covers","covers",1.0,979
"SPE000452","TOP002625","SPE000864-TOP002625-covers","covers",1.0,979
"SPE000452","TOP002626","SPE000864-TOP002626-covers","covers",1.0,979
"SPE000452","SPE000873","SPE000873-delivered","delivered",1.0,989
"SPE000452","TOP002654","SPE000873-TOP002654-covers","covers",1.0,989
"SPE000452","TOP002655","SPE000873-TOP002655-covers","covers",1.0,989
"SPE000452","TOP002656","SPE000873-TOP002656-covers","covers",1.0,989
"SPE000452","SPE000878","SPE000878-delivered","delivered",1.0,994
"SPE000452","TOP002669","SPE000878-TOP002669-covers","covers",1.0,994
"SPE000452","TOP002670","SPE000878-TOP002670-covers","covers",1.0,994
"SPE000452","TOP002671","SPE000878-TOP002671-covers","covers",1.0,994
"SPE000452","SPE000884","SPE000884-delivered","delivered",1.0,1000
"SPE000452","TOP002687","SPE000884-TOP002687-covers","covers",1.0,1000
"SPE000452","TOP002688","SPE000884-TOP002688-covers","covers",1.0,1000
"SPE000452","SPE000886","SPE000886-delivered","delivered",1.0,1003
"SPE000452","TOP002695","SPE000886-TOP002695-covers","covers",1.0,1003
"SPE000452","TOP002696","SPE000886-TOP002696-covers","covers",1.0,1003
"SPE000452","TOP002697","SPE000886-TOP002697-covers","covers",1.0,1003
"SPE000452","SPE000888","SPE000888-delivered","delivered",1.0,1005
"SPE000452","TOP002701","SPE000888-TOP002701-covers","covers",1.0,1005
"SPE000452","TOP002702","SPE000888-TOP002702-covers","covers",1.0,1005
"SPE000452","TOP002703","SPE000888-TOP002703-covers","covers",1.0,1005
"SPE000452","SPE000892","SPE000892-delivered","delivered",1.0,1012
"SPE000452","TOP002717","SPE000892-TOP002717-covers","covers",1.0,1012
"SPE000452","TOP002718","SPE000892-TOP002718-covers","covers",1.0,1012
"SPE000452","TOP002719","SPE000892-TOP002719-covers","covers",1.0,1012
"SPE000452","SPE000897","SPE000897-delivered","delivered",1.0,1018
"SPE000452","TOP002734","SPE000897-TOP002734-covers","covers",1.0,1018
"SPE000452","TOP002735","SPE000897-TOP002735-covers","covers",1.0,1018
"SPE000452","TOP002736","SPE000897-TOP002736-covers","covers",1.0,1018
"SPE000452","SPE000898","SPE000898-delivered","delivered",1.0,1020
"SPE000452","TOP002740","SPE000898-TOP002740-covers","covers",1.0,1020
"SPE000452","TOP002741","SPE000898-TOP002741-covers","covers",1.0,1020
"SPE000452","TOP002742","SPE000898-TOP002742-covers","covers",1.0,1020
"SPE000452","SPE000903","SPE000903-delivered","delivered",1.0,1025
"SPE000452","TOP002755","SPE000903-TOP002755-covers","covers",1.0,1025
"SPE000452","TOP002756","SPE000903-TOP002756-covers","covers",1.0,1025
"SPE000452","TOP002757","SPE000903-TOP002757-covers","covers",1.0,1025
"SPE000452","SPE000912","SPE000912-delivered","delivered",1.0,1034
"SPE000452","TOP002778","SPE000912-TOP002778-covers","covers",1.0,1034
"SPE000452","TOP002779","SPE000912-TOP002779-covers","covers",1.0,1034
"SPE000452","TOP002780","SPE000912-TOP002780-covers","covers",1.0,1034
"SPE000452","SPE000914","SPE000914-delivered","delivered",1.0,1036
"SPE000452","TOP002784","SPE000914-TOP002784-covers","covers",1.0,1036
"SPE000452","TOP002785","SPE000914-TOP002785-covers","covers",1.0,1036
"SPE000452","SPE000919","SPE000919-delivered","delivered",1.0,1042
"SPE000452","TOP002801","SPE000919-TOP002801-covers","covers",1.0,1042
"SPE000452","TOP002802","SPE000919-TOP002802-covers","covers",1.0,1042
"SPE000452","TOP002803","SPE000919-TOP002803-covers","covers",1.0,1042
"SPE000452","SPE000921","SPE000921-delivered","delivered",1.0,1044
"SPE000452","TOP002807","SPE000921-TOP002807-covers","covers",1.0,1044
"SPE000452","TOP002808","SPE000921-TOP002808-covers","covers",1.0,1044
"SPE000452","TOP002809","SPE000921-TOP002809-covers","covers",1.0,1044
"SPE000452","SPE000923","SPE000923-delivered","delivered",1.0,1046
"SPE000452","TOP002813","SPE000923-TOP002813-covers","covers",1.0,1046
"SPE000452","TOP002814","SPE000923-TOP002814-covers","covers",1.0,1046
"SPE000452","TOP002815","SPE000923-TOP002815-covers","covers",1.0,1046
"SPE000452","SPE000934","SPE000934-delivered","delivered",1.0,1057
"SPE000452","TOP002843","SPE000934-TOP002843-covers","covers",1.0,1057
"SPE000452","TOP002844","SPE000934-TOP002844-covers","covers",1.0,1057
"SPE000452","TOP002845","SPE000934-TOP002845-covers","covers",1.0,1057
"SPE000452","SPE000938","SPE000938-delivered","delivered",1.0,1062
"SPE000452","TOP002855","SPE000938-TOP002855-covers","covers",1.0,1062
"SPE000452","TOP002856","SPE000938-TOP002856-covers","covers",1.0,1062
"SPE000452","TOP002857","SPE000938-TOP002857-covers","covers",1.0,1062
"SPE000452","SPE000943","SPE000943-delivered","delivered",1.0,1067
"SPE000452","TOP002869","SPE000943-TOP002869-covers","covers",1.0,1067
"SPE000452","TOP002870","SPE000943-TOP002870-covers","covers",1.0,1067
"SPE000452","TOP002871","SPE000943-TOP002871-covers","covers",1.0,1067
"SPE000452","SPE000950","SPE000950-delivered","delivered",1.0,1074
"SPE000452","TOP001077","SPE000950-TOP001077-covers","covers",1.0,1074
"SPE000452","TOP001077","SPE001001-TOP001077-covers","covers",1.0,1127
"SPE000452","TOP000269","SPE000950-TOP000269-covers","covers",1.0,1074
"SPE000452","TOP002889","SPE000950-TOP002889-covers","covers",1.0,1074
"SPE000452","SPE000953","SPE000953-delivered","delivered",1.0,1077
"SPE000452","TOP002896","SPE000953-TOP002896-covers","covers",1.0,1077
"SPE000452","TOP002897","SPE000953-TOP002897-covers","covers",1.0,1077
"SPE000452","TOP002898","SPE000953-TOP002898-covers","covers",1.0,1077
"SPE000452","SPE000958","SPE000958-delivered","delivered",1.0,1082
"SPE000452","TOP002910","SPE000958-TOP002910-covers","covers",1.0,1082
"SPE000452","TOP002911","SPE000958-TOP002911-covers","covers",1.0,1082
"SPE000452","TOP002912","SPE000958-TOP002912-covers","covers",1.0,1082
"SPE000452","SPE000962","SPE000962-delivered","delivered",1.0,1086
"SPE000452","TOP002922","SPE000962-TOP002922-covers","covers",1.0,1086
"SPE000452","TOP002923","SPE000962-TOP002923-covers","covers",1.0,1086
"SPE000452","TOP002924","SPE000962-TOP002924-covers","covers",1.0,1086
"SPE000452","SPE000971","SPE000971-delivered","delivered",1.0,1095
"SPE000452","TOP002948","SPE000971-TOP002948-covers","covers",1.0,1095
"SPE000452","TOP002949","SPE000971-TOP002949-covers","covers",1.0,1095
"SPE000452","TOP002950","SPE000971-TOP002950-covers","covers",1.0,1095
"SPE000452","SPE000977","SPE000977-delivered","delivered",1.0,1102
"SPE000452","TOP002968","SPE000977-TOP002968-covers","covers",1.0,1102
"SPE000452","TOP002969","SPE000977-TOP002969-covers","covers",1.0,1102
"SPE000452","TOP001820","SPE000977-TOP001820-covers","covers",1.0,1102
"SPE000452","SPE000979","SPE000979-delivered","delivered",1.0,1104
"SPE000452","TOP002973","SPE000979-TOP002973-covers","covers",1.0,1104
"SPE000452","TOP002974","SPE000979-TOP002974-covers","covers",1.0,1104
"SPE000452","TOP002975","SPE000979-TOP002975-covers","covers",1.0,1104
"SPE000452","SPE000981","SPE000981-delivered","delivered",1.0,1106
"SPE000452","TOP002979","SPE000981-TOP002979-covers","covers",1.0,1106
"SPE000452","TOP002980","SPE000981-TOP002980-covers","covers",1.0,1106
"SPE000452","TOP002981","SPE000981-TOP002981-covers","covers",1.0,1106
"SPE000452","SPE000982","SPE000982-delivered","delivered",1.0,1108
"SPE000452","TOP002985","SPE000982-TOP002985-covers","covers",1.0,1108
"SPE000452","TOP002986","SPE000982-TOP002986-covers","covers",1.0,1108
"SPE000452","TOP002987","SPE000982-TOP002987-covers","covers",1.0,1108
"SPE000452","SPE000985","SPE000985-delivered","delivered",1.0,1111
"SPE000452","TOP002993","SPE000985-TOP002993-covers","covers",1.0,1111
"SPE000452","TOP002994","SPE000985-TOP002994-covers","covers",1.0,1111
"SPE000452","TOP002994","SPE001061-TOP002994-covers","covers",1.0,1190
"SPE000452","TOP002995","SPE000985-TOP002995-covers","covers",1.0,1111
"SPE000452","SPE000996","SPE000996-delivered","delivered",1.0,1122
"SPE000452","TOP003022","SPE000996-TOP003022-covers","covers",1.0,1122
"SPE000452","TOP003023","SPE000996-TOP003023-covers","covers",1.0,1122
"SPE000452","TOP003024","SPE000996-TOP003024-covers","covers",1.0,1122
"SPE000452","SPE001000","SPE001000-delivered","delivered",1.0,1126
"SPE000452","TOP003033","SPE001000-TOP003033-covers","covers",1.0,1126
"SPE000452","TOP003034","SPE001000-TOP003034-covers","covers",1.0,1126
"SPE000452","TOP003035","SPE001000-TOP003035-covers","covers",1.0,1126
"SPE000452","SPE001001","SPE001001-delivered","delivered",1.0,1127
"SPE000452","TOP003036","SPE001001-TOP003036-covers","covers",1.0,1127
"SPE000452","TOP003037","SPE001001-TOP003037-covers","covers",1.0,1127
"SPE000452","SPE001009","SPE001009-delivered","delivered",1.0,1135
"SPE000452","TOP003056","SPE001009-TOP003056-covers","covers",1.0,1135
"SPE000452","TOP003057","SPE001009-TOP003057-covers","covers",1.0,1135
"SPE000452","TOP003058","SPE001009-TOP003058-covers","covers",1.0,1135
"SPE000452","SPE001016","SPE001016-delivered","delivered",1.0,1142
"SPE000452","TOP003076","SPE001016-TOP003076-covers","covers",1.0,1142
"SPE000452","TOP003077","SPE001016-TOP003077-covers","covers",1.0,1142
"SPE000452","TOP000496","SPE001016-TOP000496-covers","covers",1.0,1142
"SPE000452","SPE001022","SPE001022-delivered","delivered",1.0,1148
"SPE000452","TOP003091","SPE001022-TOP003091-covers","covers",1.0,1148
"SPE000452","TOP003092","SPE001022-TOP003092-covers","covers",1.0,1148
"SPE000452","TOP003093","SPE001022-TOP003093-covers","covers",1.0,1148
"SPE000452","SPE001024","SPE001024-delivered","delivered",1.0,1150
"SPE000452","TOP003097","SPE001024-TOP003097-covers","covers",1.0,1150
"SPE000452","TOP003098","SPE001024-TOP003098-covers","covers",1.0,1150
"SPE000452","TOP003099","SPE001024-TOP003099-covers","covers",1.0,1150
"SPE000452","SPE001027","SPE001027-delivered","delivered",1.0,1153
"SPE000452","TOP003106","SPE001027-TOP003106-covers","covers",1.0,1153
"SPE000452","TOP003107","SPE001027-TOP003107-covers","covers",1.0,1153
"SPE000452","TOP003108","SPE001027-TOP003108-covers","covers",1.0,1153
"SPE000452","SPE001029","SPE001029-delivered","delivered",1.0,1155
"SPE000452","TOP003112","SPE001029-TOP003112-covers","covers",1.0,1155
"SPE000452","TOP003113","SPE001029-TOP003113-covers","covers",1.0,1155
"SPE000452","TOP003114","SPE001029-TOP003114-covers","covers",1.0,1155
"SPE000452","SPE001031","SPE001031-delivered","delivered",1.0,1158
"SPE000452","TOP003121","SPE001031-TOP003121-covers","covers",1.0,1158
"SPE000452","TOP003122","SPE001031-TOP003122-covers","covers",1.0,1158
"SPE000452","TOP003123","SPE001031-TOP003123-covers","covers",1.0,1158
"SPE000452","SPE001032","SPE001032-delivered","delivered",1.0,1159
"SPE000452","TOP003124","SPE001032-TOP003124-covers","covers",1.0,1159
"SPE000452","TOP003125","SPE001032-TOP003125-covers","covers",1.0,1159
"SPE000452","TOP003126","SPE001032-TOP003126-covers","covers",1.0,1159
"SPE000452","SPE001036","SPE001036-delivered","delivered",1.0,1163
"SPE000452","TOP003136","SPE001036-TOP003136-covers","covers",1.0,1163
"SPE000452","TOP003137","SPE001036-TOP003137-covers","covers",1.0,1163
"SPE000452","TOP003138","SPE001036-TOP003138-covers","covers",1.0,1163
"SPE000452","SPE001042","SPE001042-delivered","delivered",1.0,1169
"SPE000452","TOP003152","SPE001042-TOP003152-covers","covers",1.0,1169
"SPE000452","TOP003153","SPE001042-TOP003153-covers","covers",1.0,1169
"SPE000452","TOP003154","SPE001042-TOP003154-covers","covers",1.0,1169
"SPE000452","SPE001061","SPE001061-delivered","delivered",1.0,1190
"SPE000452","TOP003210","SPE001061-TOP003210-covers","covers",1.0,1190
"SPE000452","TOP003211","SPE001061-TOP003211-covers","covers",1.0,1190
"SPE000452","SPE001068","SPE001068-delivered","delivered",1.0,1198
"SPE000452","TOP003233","SPE001068-TOP003233-covers","covers",1.0,1198
"SPE000452","TOP003234","SPE001068-TOP003234-covers","covers",1.0,1198
"SPE000452","TOP003235","SPE001068-TOP003235-covers","covers",1.0,1198
"SPE000452","SPE001078","SPE001078-delivered","delivered",1.0,1209
"SPE000452","TOP003265","SPE001078-TOP003265-covers","covers",1.0,1209
"SPE000452","TOP003266","SPE001078-TOP003266-covers","covers",1.0,1209
"SPE000452","TOP003267","SPE001078-TOP003267-covers","covers",1.0,1209
"SPE000452","SPE001088","SPE001088-delivered","delivered",1.0,1219
"SPE000452","TOP003293","SPE001088-TOP003293-covers","covers",1.0,1219
"SPE000452","TOP003294","SPE001088-TOP003294-covers","covers",1.0,1219
"SPE000452","TOP003295","SPE001088-TOP003295-covers","covers",1.0,1219
"SPE000452","SPE001091","SPE001091-delivered","delivered",1.0,1222
"SPE000452","TOP003302","SPE001091-TOP003302-covers","covers",1.0,1222
"SPE000452","TOP003303","SPE001091-TOP003303-covers","covers",1.0,1222
"SPE000452","TOP003304","SPE001091-TOP003304-covers","covers",1.0,1222
"SPE000452","SPE001099","SPE001099-delivered","delivered",1.0,1231
"SPE000452","TOP003328","SPE001099-TOP003328-covers","covers",1.0,1231
"SPE000452","TOP003329","SPE001099-TOP003329-covers","covers",1.0,1231
"SPE000452","TOP003330","SPE001099-TOP003330-covers","covers",1.0,1231
"SPE000452","SPE001102","SPE001102-delivered","delivered",1.0,1235
"SPE000452","TOP003340","SPE001102-TOP003340-covers","covers",1.0,1235
"SPE000452","TOP003341","SPE001102-TOP003341-covers","covers",1.0,1235
"SPE000452","TOP003342","SPE001102-TOP003342-covers","covers",1.0,1235
"SPE000452","SPE001104","SPE001104-delivered","delivered",1.0,1237
"SPE000452","TOP003346","SPE001104-TOP003346-covers","covers",1.0,1237
"SPE000452","TOP003347","SPE001104-TOP003347-covers","covers",1.0,1237
"SPE000452","TOP003348","SPE001104-TOP003348-covers","covers",1.0,1237
"SPE000452","SPE001122","SPE001122-delivered","delivered",1.0,1256
"SPE000452","TOP003402","SPE001122-TOP003402-covers","covers",1.0,1256
"SPE000452","TOP003403","SPE001122-TOP003403-covers","covers",1.0,1256
"SPE000452","TOP003404","SPE001122-TOP003404-covers","covers",1.0,1256
"SPE000452","SPE001125","SPE001125-delivered","delivered",1.0,1259
"SPE000452","TOP003411","SPE001125-TOP003411-covers","covers",1.0,1259
"SPE000452","TOP003412","SPE001125-TOP003412-covers","covers",1.0,1259
"SPE000452","TOP003413","SPE001125-TOP003413-covers","covers",1.0,1259
"SPE000452","SPE001129","SPE001129-delivered","delivered",1.0,1263
"SPE000452","TOP003423","SPE001129-TOP003423-covers","covers",1.0,1263
"SPE000452","TOP003424","SPE001129-TOP003424-covers","covers",1.0,1263
"SPE000452","TOP003425","SPE001129-TOP003425-covers","covers",1.0,1263
"SPE000452","SPE001131","SPE001131-delivered","delivered",1.0,1265
"SPE000452","TOP003428","SPE001131-TOP003428-covers","covers",1.0,1265
"SPE000452","TOP003429","SPE001131-TOP003429-covers","covers",1.0,1265
"SPE000452","TOP003430","SPE001131-TOP003430-covers","covers",1.0,1265
"SPE000452","SPE001133","SPE001133-delivered","delivered",1.0,1267
"SPE000452","TOP003434","SPE001133-TOP003434-covers","covers",1.0,1267
"SPE000452","TOP003435","SPE001133-TOP003435-covers","covers",1.0,1267
"SPE000452","TOP003436","SPE001133-TOP003436-covers","covers",1.0,1267
"SPE000452","SPE001134","SPE001134-delivered","delivered",1.0,1268
"SPE000452","TOP003437","SPE001134-TOP003437-covers","covers",1.0,1268
"SPE000452","TOP003438","SPE001134-TOP003438-covers","covers",1.0,1268
"SPE000452","TOP003439","SPE001134-TOP003439-covers","covers",1.0,1268
"SPE000452","SPE001136","SPE001136-delivered","delivered",1.0,1270
"SPE000452","TOP003443","SPE001136-TOP003443-covers","covers",1.0,1270
"SPE000452","TOP003444","SPE001136-TOP003444-covers","covers",1.0,1270
"SPE000452","TOP003445","SPE001136-TOP003445-covers","covers",1.0,1270
"SPE000452","SPE000589","SPE000589-delivered","delivered",1.0,1271
"SPE000452","TOP003446","SPE000589-TOP003446-covers","covers",1.0,1271
"SPE000452","TOP003447","SPE000589-TOP003447-covers","covers",1.0,1271
"SPE000452","TOP003448","SPE000589-TOP003448-covers","covers",1.0,1271
"SPE000452","SPE001138","SPE001138-delivered","delivered",1.0,1273
"SPE000452","TOP003452","SPE001138-TOP003452-covers","covers",1.0,1273
"SPE000452","TOP003453","SPE001138-TOP003453-covers","covers",1.0,1273
"SPE000452","TOP002914","SPE001138-TOP002914-covers","covers",1.0,1273
"SPE000452","SPE001143","SPE001143-delivered","delivered",1.0,1278
"SPE000452","TOP003466","SPE001143-TOP003466-covers","covers",1.0,1278
"SPE000452","TOP003467","SPE001143-TOP003467-covers","covers",1.0,1278
"SPE000452","TOP002412","SPE001143-TOP002412-covers","covers",1.0,1278
"SPE000452","SPE001148","SPE001148-delivered","delivered",1.0,1284
"SPE000452","TOP003483","SPE001148-TOP003483-covers","covers",1.0,1284
"SPE000452","TOP003484","SPE001148-TOP003484-covers","covers",1.0,1284
"SPE000452","TOP003485","SPE001148-TOP003485-covers","covers",1.0,1284
"SPE000452","SPE001151","SPE001151-delivered","delivered",1.0,1287
"SPE000452","TOP003491","SPE001151-TOP003491-covers","covers",1.0,1287
"SPE000452","TOP003492","SPE001151-TOP003492-covers","covers",1.0,1287
"SPE000452","TOP003493","SPE001151-TOP003493-covers","covers",1.0,1287
"SPE000452","SPE001154","SPE001154-delivered","delivered",1.0,1290
"SPE000452","TOP003500","SPE001154-TOP003500-covers","covers",1.0,1290
"SPE000452","TOP003501","SPE001154-TOP003501-covers","covers",1.0,1290
"SPE000452","TOP003502","SPE001154-TOP003502-covers","covers",1.0,1290
"SPE000452","SPE001156","SPE001156-delivered","delivered",1.0,1293
"SPE000452","TOP003509","SPE001156-TOP003509-covers","covers",1.0,1293
"SPE000452","TOP003510","SPE001156-TOP003510-covers","covers",1.0,1293
"SPE000452","TOP003511","SPE001156-TOP003511-covers","covers",1.0,1293
"SPE000452","SPE000070","SPE000070-delivered","delivered",1.0,1297
"SPE000452","TOP003521","SPE000070-TOP003521-covers","covers",1.0,1297
"SPE000452","TOP003522","SPE000070-TOP003522-covers","covers",1.0,1297
"SPE000452","TOP003523","SPE000070-TOP003523-covers","covers",1.0,1297
"SPE000452","SPE001165","SPE001165-delivered","delivered",1.0,1303
"SPE000452","TOP003539","SPE001165-TOP003539-covers","covers",1.0,1303
"SPE000452","TOP003540","SPE001165-TOP003540-covers","covers",1.0,1303
"SPE000452","TOP003541","SPE001165-TOP003541-covers","covers",1.0,1303
"SPE000452","SPE001166","SPE001166-delivered","delivered",1.0,1304
"SPE000452","TOP003542","SPE001166-TOP003542-covers","covers",1.0,1304
"SPE000452","TOP003543","SPE001166-TOP003543-covers","covers",1.0,1304
"SPE000452","TOP003544","SPE001166-TOP003544-covers","covers",1.0,1304
"SPE000452","SPE001167","SPE001167-delivered","delivered",1.0,1305
"SPE000452","TOP003545","SPE001167-TOP003545-covers","covers",1.0,1305
"SPE000452","TOP003546","SPE001167-TOP003546-covers","covers",1.0,1305
"SPE000452","TOP003547","SPE001167-TOP003547-covers","covers",1.0,1305
"SPE000452","SPE001173","SPE001173-delivered","delivered",1.0,1311
"SPE000452","TOP003563","SPE001173-TOP003563-covers","covers",1.0,1311
"SPE000452","TOP003564","SPE001173-TOP003564-covers","covers",1.0,1311
"SPE000452","TOP003565","SPE001173-TOP003565-covers","covers",1.0,1311
"SPE000452","SPE001175","SPE001175-delivered","delivered",1.0,1313
"SPE000452","TOP003569","SPE001175-TOP003569-covers","covers",1.0,1313
"SPE000452","TOP003570","SPE001175-TOP003570-covers","covers",1.0,1313
"SPE000452","TOP003571","SPE001175-TOP003571-covers","covers",1.0,1313
"SPE000452","SPE001177","SPE001177-delivered","delivered",1.0,1315
"SPE000452","TOP003574","SPE001177-TOP003574-covers","covers",1.0,1315
"SPE000452","TOP003575","SPE001177-TOP003575-covers","covers",1.0,1315
"SPE000452","TOP003576","SPE001177-TOP003576-covers","covers",1.0,1315
"SPE000452","SPE001180","SPE001180-delivered","delivered",1.0,1318
"SPE000452","TOP003583","SPE001180-TOP003583-covers","covers",1.0,1318
"SPE000452","TOP003584","SPE001180-TOP003584-covers","covers",1.0,1318
"SPE000452","TOP003585","SPE001180-TOP003585-covers","covers",1.0,1318
"SPE000452","SPE001186","SPE001186-delivered","delivered",1.0,1324
"SPE000452","TOP003598","SPE001186-TOP003598-covers","covers",1.0,1324
"SPE000452","TOP003599","SPE001186-TOP003599-covers","covers",1.0,1324
"SPE000452","TOP003600","SPE001186-TOP003600-covers","covers",1.0,1324
"SPE000452","SPE001188","SPE001188-delivered","delivered",1.0,1326
"SPE000452","TOP003604","SPE001188-TOP003604-covers","covers",1.0,1326
"SPE000452","TOP003605","SPE001188-TOP003605-covers","covers",1.0,1326
"SPE000452","TOP003606","SPE001188-TOP003606-covers","covers",1.0,1326
"SPE000452","SPE001189","SPE001189-delivered","delivered",1.0,1327
"SPE000452","TOP003607","SPE001189-TOP003607-covers","covers",1.0,1327
"SPE000452","TOP003608","SPE001189-TOP003608-covers","covers",1.0,1327
"SPE000452","SPE001192","SPE001192-delivered","delivered",1.0,1330
"SPE000452","TOP003615","SPE001192-TOP003615-covers","covers",1.0,1330
"SPE000452","TOP003616","SPE001192-TOP003616-covers","covers",1.0,1330
"SPE000452","TOP003617","SPE001192-TOP003617-covers","covers",1.0,1330
"SPE000452","SPE001206","SPE001206-delivered","delivered",1.0,1345
"SPE000452","TOP003658","SPE001206-TOP003658-covers","covers",1.0,1345
"SPE000452","TOP003659","SPE001206-TOP003659-covers","covers",1.0,1345
"SPE000452","TOP003660","SPE001206-TOP003660-covers","covers",1.0,1345
"SPE000452","SPE001210","SPE001210-delivered","delivered",1.0,1349
"SPE000452","TOP003669","SPE001210-TOP003669-covers","covers",1.0,1349
"SPE000452","TOP003670","SPE001210-TOP003670-covers","covers",1.0,1349
"SPE000452","TOP003671","SPE001210-TOP003671-covers","covers",1.0,1349
"SPE000452","SPE001211","SPE001211-delivered","delivered",1.0,1350
"SPE000452","TOP003672","SPE001211-TOP003672-covers","covers",1.0,1350
"SPE000452","TOP003673","SPE001211-TOP003673-covers","covers",1.0,1350
"SPE000452","TOP003674","SPE001211-TOP003674-covers","covers",1.0,1350
"SPE000452","SPE001217","SPE001217-delivered","delivered",1.0,1357
"SPE000452","TOP003691","SPE001217-TOP003691-covers","covers",1.0,1357
"SPE000452","TOP003692","SPE001217-TOP003692-covers","covers",1.0,1357
"SPE000452","TOP003693","SPE001217-TOP003693-covers","covers",1.0,1357
"SPE000452","SPE001220","SPE001220-delivered","delivered",1.0,1360
"SPE000452","TOP003698","SPE001220-TOP003698-covers","covers",1.0,1360
"SPE000452","TOP003699","SPE001220-TOP003699-covers","covers",1.0,1360
"SPE000452","TOP003700","SPE001220-TOP003700-covers","covers",1.0,1360
"SPE000452","SPE001231","SPE001231-delivered","delivered",1.0,1372
"SPE000452","TOP003734","SPE001231-TOP003734-covers","covers",1.0,1372
"SPE000452","TOP003735","SPE001231-TOP003735-covers","covers",1.0,1372
"SPE000452","TOP003736","SPE001231-TOP003736-covers","covers",1.0,1372
"SPE000452","SPE001239","SPE001239-delivered","delivered",1.0,1380
"SPE000452","TOP003758","SPE001239-TOP003758-covers","covers",1.0,1380
"SPE000452","TOP003759","SPE001239-TOP003759-covers","covers",1.0,1380
"SPE000452","TOP003760","SPE001239-TOP003760-covers","covers",1.0,1380
"SPE000452","SPE001241","SPE001241-delivered","delivered",1.0,1382
"SPE000452","TOP003764","SPE001241-TOP003764-covers","covers",1.0,1382
"SPE000452","TOP003765","SPE001241-TOP003765-covers","covers",1.0,1382
"SPE000452","TOP003766","SPE001241-TOP003766-covers","covers",1.0,1382
"SPE000452","SPE001252","SPE001252-delivered","delivered",1.0,1393
"SPE000452","TOP003796","SPE001252-TOP003796-covers","covers",1.0,1393
"SPE000452","TOP003797","SPE001252-TOP003797-covers","covers",1.0,1393
"SPE000452","TOP003798","SPE001252-TOP003798-covers","covers",1.0,1393
"SPE000452","SPE001256","SPE001256-delivered","delivered",1.0,1397
"SPE000452","TOP003808","SPE001256-TOP003808-covers","covers",1.0,1397
"SPE000452","TOP003809","SPE001256-TOP003809-covers","covers",1.0,1397
"SPE000452","TOP003810","SPE001256-TOP003810-covers","covers",1.0,1397
"SPE000452","SPE001272","SPE001272-delivered","delivered",1.0,1413
"SPE000452","TOP003854","SPE001272-TOP003854-covers","covers",1.0,1413
"SPE000452","TOP003855","SPE001272-TOP003855-covers","covers",1.0,1413
"SPE000452","TOP003856","SPE001272-TOP003856-covers","covers",1.0,1413
"SPE000452","SPE001274","SPE001274-delivered","delivered",1.0,1415
"SPE000452","TOP003860","SPE001274-TOP003860-covers","covers",1.0,1415
"SPE000452","TOP003861","SPE001274-TOP003861-covers","covers",1.0,1415
"SPE000452","SPE001276","SPE001276-delivered","delivered",1.0,1417
"SPE000452","TOP003865","SPE001276-TOP003865-covers","covers",1.0,1417
"SPE000452","TOP003866","SPE001276-TOP003866-covers","covers",1.0,1417
"SPE000452","TOP003867","SPE001276-TOP003867-covers","covers",1.0,1417
"SPE000452","SPE001283","SPE001283-delivered","delivered",1.0,1424
"SPE000452","TOP003883","SPE001283-TOP003883-covers","covers",1.0,1424
"SPE000452","TOP003884","SPE001283-TOP003884-covers","covers",1.0,1424
"SPE000452","TOP003885","SPE001283-TOP003885-covers","covers",1.0,1424
"SPE000452","SPE001285","SPE001285-delivered","delivered",1.0,1426
"SPE000452","TOP003889","SPE001285-TOP003889-covers","covers",1.0,1426
"SPE000452","TOP003890","SPE001285-TOP003890-covers","covers",1.0,1426
"SPE000452","TOP003891","SPE001285-TOP003891-covers","covers",1.0,1426
"SPE000453","DAT000399","SPE000453-held_on","held_on",1.0,523
"SPE000454","DAT000399","SPE000454-held_on","held_on",1.0,524
"SPE000455","DAT000400","SPE000455-held_on","held_on",1.0,525
"SPE000456","DAT000401","SPE000456-held_on","held_on",1.0,526
"SPE000457","DAT000402","SPE000457-held_on","held_on",1.0,527
"SPE000458","DAT000402","SPE000458-held_on","held_on",1.0,528
"SPE000459","DAT000403","SPE000459-held_on","held_on",1.0,529
"SPE000460","DAT000404","SPE000460-held_on","held_on",1.0,530
"SPE000461","DAT000406","SPE000461-held_on","held_on",1.0,532
"SPE000462","DAT000407","SPE000462-held_on","held_on",1.0,533
"SPE000463","DAT000407","SPE000463-held_on","held_on",1.0,534
"SPE000464","DAT000408","SPE000464-held_on","held_on",1.0,535
"SPE000465","DAT000409","SPE000465-held_on","held_on",1.0,536
"SPE000466","DAT000410","SPE000466-held_on","held_on",1.0,537
"SPE000467","DAT000411","SPE000467-held_on","held_on",1.0,538
"SPE000468","DAT000412","SPE000468-held_on","held_on",1.0,540
"SPE000469","DAT000412","SPE000469-held_on","held_on",1.0,541
"SPE000470","DAT000413","SPE000470-held_on","held_on",1.0,542
"SPE000471","DAT000414","SPE000471-held_on","held_on",1.0,543
"SPE000472","DAT000416","SPE000472-held_on","held_on",1.0,545
"SPE000473","DAT000417","SPE000473-held_on","held_on",1.0,546
"SPE000474","DAT000418","SPE000474-held_on","held_on",1.0,547
"SPE000475","DAT000418","SPE000475-held_on","held_on",1.0,548
"SPE000476","DAT000419","SPE000476-held_on","held_on",1.0,549
"SPE000477","DAT000420","SPE000477-held_on","held_on",1.0,550
"SPE000478","DAT000421","SPE000478-held_on","held_on",1.0,551
"SPE000479","DAT000423","SPE000479-held_on","held_on",1.0,553
"SPE000480","DAT000424","SPE000480-held_on","held_on",1.0,554
"SPE000481","DAT000425","SPE000481-held_on","held_on",1.0,555
"SPE000482","DAT000426","SPE000482-held_on","held_on",1.0,556
"SPE000482","DAT000428","SPE000482-held_on","held_on",1.0,559
"SPE000483","DAT000426","SPE000483-held_on","held_on",1.0,557
"SPE000484","DAT000427","SPE000484-held_on","held_on",1.0,558
"SPE000485","DAT000429","SPE000485-held_on","held_on",1.0,560
"SPE000486","DAT000429","SPE000486-held_on","held_on",1.0,561
"SPE000487","DAT000430","SPE000487-held_on","held_on",1.0,562
"SPE000488","DAT000431","SPE000488-held_on","held_on",1.0,563
"SPE000489","DAT000431","SPE000489-held_on","held_on",1.0,564
"SPE000490","DAT000432","SPE000490-held_on","held_on",1.0,565
"SPE000491","DAT000433","SPE000491-held_on","held_on",1.0,566
"SPE000492","DAT000433","SPE000492-held_on","held_on",1.0,567
"SPE000493","DAT000435","SPE000493-held_on","held_on",1.0,569
"SPE000494","DAT000436","SPE000494-held_on","held_on",1.0,570
"SPE000495","DAT000437","SPE000495-held_on","held_on",1.0,571
"SPE000496","DAT000438","SPE000496-held_on","held_on",1.0,572
"SPE000497","DAT000439","SPE000497-held_on","held_on",1.0,573
"SPE000498","DAT000440","SPE000498-held_on","held_on",1.0,575
"SPE000499","DAT000441","SPE000499-held_on","held_on",1.0,576
"SPE000500","DAT000442","SPE000500-held_on","held_on",1.0,577
"SPE000501","DAT000442","SPE000501-held_on","held_on",1.0,578
"SPE000502","DAT000442","SPE000502-held_on","held_on",1.0,579
"SPE000503","DAT000442","SPE000503-held_on","held_on",1.0,580
"SPE000504","DAT000443","SPE000504-held_on","held_on",1.0,581
"SPE000505","DAT000444","SPE000505-held_on","held_on",1.0,582
"SPE000506","DAT000445","SPE000506-held_on","held_on",1.0,583
"SPE000507","DAT000446","SPE000507-held_on","held_on",1.0,584
"SPE000508","DAT000447","SPE000508-held_on","held_on",1.0,585
"SPE000509","DAT000448","SPE000509-held_on","held_on",1.0,586
"SPE000510","DAT000448","SPE000510-held_on","held_on",1.0,587
"SPE000511","DAT000448","SPE000511-held_on","held_on",1.0,588
"SPE000511","DAT000539","SPE000511-held_on","held_on",1.0,707
"SPE000512","DAT000449","SPE000512-held_on","held_on",1.0,589
"SPE000513","DAT000450","SPE000513-held_on","held_on",1.0,591
"SPE000514","DAT000450","SPE000514-held_on","held_on",1.0,592
"SPE000515","DAT000451","SPE000515-held_on","held_on",1.0,593
"SPE000516","DAT000452","SPE000516-held_on","held_on",1.0,594
"SPE000517","DAT000453","SPE000517-held_on","held_on",1.0,595
"SPE000518","DAT000454","SPE000518-held_on","held_on",1.0,596
"SPE000519","DAT000454","SPE000519-held_on","held_on",1.0,597
"SPE000520","DAT000455","SPE000520-held_on","held_on",1.0,598
"SPE000521","SPE000522","SPE000522-delivered","delivered",1.0,599
"SPE000521","TOP001572","SPE000522-TOP001572-covers","covers",1.0,599
"SPE000521","TOP001573","SPE000522-TOP001573-covers","covers",1.0,599
"SPE000521","TOP001574","SPE000522-TOP001574-covers","covers",1.0,599
"SPE000521","SPE000526","SPE000526-delivered","delivered",1.0,603
"SPE000521","TOP001583","SPE000526-TOP001583-covers","covers",1.0,603
"SPE000521","TOP001584","SPE000526-TOP001584-covers","covers",1.0,603
"SPE000521","TOP001585","SPE000526-TOP001585-covers","covers",1.0,603
"SPE000521","SPE000529","SPE000529-delivered","delivered",1.0,607
"SPE000521","TOP001594","SPE000529-TOP001594-covers","covers",1.0,607
"SPE000521","TOP001595","SPE000529-TOP001595-covers","covers",1.0,607
"SPE000521","TOP001596","SPE000529-TOP001596-covers","covers",1.0,607
"SPE000521","SPE000530","SPE000530-delivered","delivered",1.0,609
"SPE000521","TOP001600","SPE000530-TOP001600-covers","covers",1.0,609
"SPE000521","TOP001601","SPE000530-TOP001601-covers","covers",1.0,609
"SPE000521","TOP001602","SPE000530-TOP001602-covers","covers",1.0,609
"SPE000521","SPE000541","SPE000541-delivered","delivered",1.0,620
"SPE000521","TOP001631","SPE000541-TOP001631-covers","covers",1.0,620
"SPE000521","TOP001632","SPE000541-TOP001632-covers","covers",1.0,620
"SPE000521","TOP001633","SPE000541-TOP001633-covers","covers",1.0,620
"SPE000521","SPE000555","SPE000555-delivered","delivered",1.0,1181
"SPE000521","TOP001677","SPE000555-TOP001677-covers","covers",1.0,636
"SPE000521","TOP001678","SPE000555-TOP001678-covers","covers",1.0,636
"SPE000521","TOP001679","SPE000555-TOP001679-covers","covers",1.0,636
"SPE000521","SPE000558","SPE000558-delivered","delivered",1.0,640
"SPE000521","TOP001301","SPE000558-TOP001301-covers","covers",1.0,640
"SPE000521","TOP001688","SPE000558-TOP001688-covers","covers",1.0,640
"SPE000521","TOP001689","SPE000558-TOP001689-covers","covers",1.0,640
"SPE000521","SPE000566","SPE000566-delivered","delivered",1.0,648
"SPE000521","TOP001710","SPE000566-TOP001710-covers","covers",1.0,648
"SPE000521","TOP001711","SPE000566-TOP001711-covers","covers",1.0,648
"SPE000521","TOP001712","SPE000566-TOP001712-covers","covers",1.0,648
"SPE000521","SPE000567","SPE000567-delivered","delivered",1.0,649
"SPE000521","TOP001713","SPE000567-TOP001713-covers","covers",1.0,649
"SPE000521","TOP001714","SPE000567-TOP001714-covers","covers",1.0,649
"SPE000521","TOP001715","SPE000567-TOP001715-covers","covers",1.0,649
"SPE000521","SPE000572","SPE000572-delivered","delivered",1.0,655
"SPE000521","TOP001731","SPE000572-TOP001731-covers","covers",1.0,655
"SPE000521","TOP001732","SPE000572-TOP001732-covers","covers",1.0,655
"SPE000521","TOP001733","SPE000572-TOP001733-covers","covers",1.0,655
"SPE000521","SPE000577","SPE000577-delivered","delivered",1.0,660
"SPE000521","TOP001744","SPE000577-TOP001744-covers","covers",1.0,660
"SPE000521","TOP001745","SPE000577-TOP001745-covers","covers",1.0,660
"SPE000521","TOP001746","SPE000577-TOP001746-covers","covers",1.0,660
"SPE000521","SPE000579","SPE000579-delivered","delivered",1.0,664
"SPE000521","TOP001755","SPE000579-TOP001755-covers","covers",1.0,664
"SPE000521","TOP001756","SPE000579-TOP001756-covers","covers",1.0,664
"SPE000521","TOP001757","SPE000579-TOP001757-covers","covers",1.0,664
"SPE000521","SPE000582","SPE000582-delivered","delivered",1.0,667
"SPE000521","TOP001764","SPE000582-TOP001764-covers","covers",1.0,667
"SPE000521","TOP001765","SPE000582-TOP001765-covers","covers",1.0,667
"SPE000521","TOP001766","SPE000582-TOP001766-covers","covers",1.0,667
"SPE000521","SPE000586","SPE000586-delivered","delivered",1.0,670
"SPE000521","TOP001773","SPE000586-TOP001773-covers","covers",1.0,670
"SPE000521","TOP001774","SPE000586-TOP001774-covers","covers",1.0,670
"SPE000521","TOP001752","SPE000586-TOP001752-covers","covers",1.0,670
"SPE000521","SPE000587","SPE000587-delivered","delivered",1.0,671
"SPE000521","TOP001775","SPE000587-TOP001775-covers","covers",1.0,671
"SPE000521","TOP001776","SPE000587-TOP001776-covers","covers",1.0,671
"SPE000521","TOP001777","SPE000587-TOP001777-covers","covers",1.0,671
"SPE000521","SPE000595","SPE000595-delivered","delivered",1.0,680
"SPE000521","TOP001800","SPE000595-TOP001800-covers","covers",1.0,680
"SPE000521","TOP001801","SPE000595-TOP001801-covers","covers",1.0,680
"SPE000521","TOP001802","SPE000595-TOP001802-covers","covers",1.0,680
"SPE000521","SPE000602","SPE000602-delivered","delivered",1.0,689
"SPE000521","TOP001826","SPE000602-TOP001826-covers","covers",1.0,689
"SPE000521","TOP001827","SPE000602-TOP001827-covers","covers",1.0,689
"SPE000521","TOP001828","SPE000602-TOP001828-covers","covers",1.0,689
"SPE000521","SPE000604","SPE000604-delivered","delivered",1.0,691
"SPE000521","TOP001832","SPE000604-TOP001832-covers","covers",1.0,691
"SPE000521","TOP001570","SPE000604-TOP001570-covers","covers",1.0,691
"SPE000521","TOP001570","SPE000830-TOP001570-covers","covers",1.0,943
"SPE000521","TOP001833","SPE000604-TOP001833-covers","covers",1.0,691
"SPE000521","SPE000605","SPE000605-delivered","delivered",1.0,692
"SPE000521","TOP001834","SPE000605-TOP001834-covers","covers",1.0,692
"SPE000521","TOP001835","SPE000605-TOP001835-covers","covers",1.0,692
"SPE000521","TOP001836","SPE000605-TOP001836-covers","covers",1.0,692
"SPE000521","SPE000611","SPE000611-delivered","delivered",1.0,698
"SPE000521","TOP001852","SPE000611-TOP001852-covers","covers",1.0,698
"SPE000521","TOP001853","SPE000611-TOP001853-covers","covers",1.0,698
"SPE000521","TOP001854","SPE000611-TOP001854-covers","covers",1.0,698
"SPE000521","SPE000617","SPE000617-delivered","delivered",1.0,704
"SPE000521","TOP001869","SPE000617-TOP001869-covers","covers",1.0,704
"SPE000521","TOP001870","SPE000617-TOP001870-covers","covers",1.0,704
"SPE000521","TOP001871","SPE000617-TOP001871-covers","covers",1.0,704
"SPE000521","SPE000571","SPE000571-delivered","delivered",1.0,715
"SPE000521","TOP001902","SPE000571-TOP001902-covers","covers",1.0,715
"SPE000521","TOP001903","SPE000571-TOP001903-covers","covers",1.0,715
"SPE000521","TOP001904","SPE000571-TOP001904-covers","covers",1.0,715
"SPE000521","SPE000523","SPE000523-delivered","delivered",1.0,718
"SPE000521","TOP001911","SPE000523-TOP001911-covers","covers",1.0,718
"SPE000521","TOP001912","SPE000523-TOP001912-covers","covers",1.0,718
"SPE000521","TOP001913","SPE000523-TOP001913-covers","covers",1.0,718
"SPE000521","SPE000628","SPE000628-delivered","delivered",1.0,721
"SPE000521","TOP001920","SPE000628-TOP001920-covers","covers",1.0,721
"SPE000521","TOP001921","SPE000628-TOP001921-covers","covers",1.0,721
"SPE000521","TOP001922","SPE000628-TOP001922-covers","covers",1.0,721
"SPE000521","SPE000634","SPE000634-delivered","delivered",1.0,727
"SPE000521","TOP001938","SPE000634-TOP001938-covers","covers",1.0,727
"SPE000521","TOP001939","SPE000634-TOP001939-covers","covers",1.0,727
"SPE000521","TOP001940","SPE000634-TOP001940-covers","covers",1.0,727
"SPE000521","SPE000639","SPE000639-delivered","delivered",1.0,733
"SPE000521","TOP001955","SPE000639-TOP001955-covers","covers",1.0,733
"SPE000521","TOP001956","SPE000639-TOP001956-covers","covers",1.0,733
"SPE000521","TOP001957","SPE000639-TOP001957-covers","covers",1.0,733
"SPE000521","SPE000643","SPE000643-delivered","delivered",1.0,737
"SPE000521","TOP001967","SPE000643-TOP001967-covers","covers",1.0,737
"SPE000521","TOP001968","SPE000643-TOP001968-covers","covers",1.0,737
"SPE000521","TOP001968","SPE000784-TOP001968-covers","covers",1.0,893
"SPE000521","TOP001969","SPE000643-TOP001969-covers","covers",1.0,737
"SPE000521","SPE000650","SPE000650-delivered","delivered",1.0,745
"SPE000521","TOP001991","SPE000650-TOP001991-covers","covers",1.0,745
"SPE000521","TOP001992","SPE000650-TOP001992-covers","covers",1.0,745
"SPE000521","TOP001993","SPE000650-TOP001993-covers","covers",1.0,745
"SPE000521","SPE000654","SPE000654-delivered","delivered",1.0,749
"SPE000521","TOP002002","SPE000654-TOP002002-covers","covers",1.0,749
"SPE000521","TOP002003","SPE000654-TOP002003-covers","covers",1.0,749
"SPE000521","TOP002004","SPE000654-TOP002004-covers","covers",1.0,749
"SPE000521","SPE000659","SPE000659-delivered","delivered",1.0,755
"SPE000521","TOP002018","SPE000659-TOP002018-covers","covers",1.0,755
"SPE000521","TOP002019","SPE000659-TOP002019-covers","covers",1.0,755
"SPE000521","TOP000115","SPE000659-TOP000115-covers","covers",1.0,755
"SPE000521","SPE000667","SPE000667-delivered","delivered",1.0,764
"SPE000521","TOP002039","SPE000667-TOP002039-covers","covers",1.0,764
"SPE000521","TOP002040","SPE000667-TOP002040-covers","covers",1.0,764
"SPE000521","TOP002041","SPE000667-TOP002041-covers","covers",1.0,764
"SPE000521","SPE000673","SPE000673-delivered","delivered",1.0,770
"SPE000521","TOP002050","SPE000673-TOP002050-covers","covers",1.0,770
"SPE000521","TOP002051","SPE000673-TOP002051-covers","covers",1.0,770
"SPE000521","TOP002052","SPE000673-TOP002052-covers","covers",1.0,770
"SPE000521","SPE000674","SPE000674-delivered","delivered",1.0,772
"SPE000521","TOP000153","SPE000674-TOP000153-covers","covers",1.0,772
"SPE000521","TOP002056","SPE000674-TOP002056-covers","covers",1.0,772
"SPE000521","TOP002056","SPE000928-TOP002056-covers","covers",1.0,1051
"SPE000521","TOP002056","SPE000995-TOP002056-covers","covers",1.0,1121
"SPE000521","TOP002056","SPE001050-TOP002056-covers","covers",1.0,1178
"SPE000521","TOP002056","SPE001054-TOP002056-covers","covers",1.0,1183
"SPE000521","TOP002056","SPE001301-TOP002056-covers","covers",1.0,1442
"SPE000521","TOP002056","SPE001351-TOP002056-covers","covers",1.0,1495
"SPE000521","TOP002057","SPE000674-TOP002057-covers","covers",1.0,772
"SPE000521","SPE000679","SPE000679-delivered","delivered",1.0,777
"SPE000521","TOP002069","SPE000679-TOP002069-covers","covers",1.0,777
"SPE000521","TOP002070","SPE000679-TOP002070-covers","covers",1.0,777
"SPE000521","TOP002071","SPE000679-TOP002071-covers","covers",1.0,777
"SPE000521","SPE000682","SPE000682-delivered","delivered",1.0,779
"SPE000521","TOP002075","SPE000682-TOP002075-covers","covers",1.0,779
"SPE000521","TOP002076","SPE000682-TOP002076-covers","covers",1.0,779
"SPE000521","TOP002077","SPE000682-TOP002077-covers","covers",1.0,779
"SPE000521","SPE000691","SPE000691-delivered","delivered",1.0,790
"SPE000521","TOP002102","SPE000691-TOP002102-covers","covers",1.0,790
"SPE000521","TOP002103","SPE000691-TOP002103-covers","covers",1.0,790
"SPE000521","TOP002103","SPE000793-TOP002103-covers","covers",1.0,902
"SPE000521","TOP002103","SPE001076-TOP002103-covers","covers",1.0,1206
"SPE000521","TOP002104","SPE000691-TOP002104-covers","covers",1.0,790
"SPE000521","SPE000693","SPE000693-delivered","delivered",1.0,793
"SPE000521","TOP002111","SPE000693-TOP002111-covers","covers",1.0,793
"SPE000521","TOP002112","SPE000693-TOP002112-covers","covers",1.0,793
"SPE000521","TOP002113","SPE000693-TOP002113-covers","covers",1.0,793
"SPE000521","SPE000696","SPE000696-delivered","delivered",1.0,797
"SPE000521","TOP002123","SPE000696-TOP002123-covers","covers",1.0,797
"SPE000521","TOP002124","SPE000696-TOP002124-covers","covers",1.0,797
"SPE000521","TOP002125","SPE000696-TOP002125-covers","covers",1.0,797
"SPE000521","SPE000700","SPE000700-delivered","delivered",1.0,801
"SPE000521","TOP002135","SPE000700-TOP002135-covers","covers",1.0,801
"SPE000521","TOP002136","SPE000700-TOP002136-covers","covers",1.0,801
"SPE000521","TOP002137","SPE000700-TOP002137-covers","covers",1.0,801
"SPE000521","SPE000703","SPE000703-delivered","delivered",1.0,805
"SPE000521","TOP002145","SPE000703-TOP002145-covers","covers",1.0,805
"SPE000521","TOP002146","SPE000703-TOP002146-covers","covers",1.0,805
"SPE000521","TOP002147","SPE000703-TOP002147-covers","covers",1.0,805
"SPE000521","SPE000705","SPE000705-delivered","delivered",1.0,807
"SPE000521","TOP002151","SPE000705-TOP002151-covers","covers",1.0,807
"SPE000521","TOP002152","SPE000705-TOP002152-covers","covers",1.0,807
"SPE000521","TOP002153","SPE000705-TOP002153-covers","covers",1.0,807
"SPE000521","SPE000707","SPE000707-delivered","delivered",1.0,810
"SPE000521","TOP002160","SPE000707-TOP002160-covers","covers",1.0,810
"SPE000521","TOP002161","SPE000707-TOP002161-covers","covers",1.0,810
"SPE000521","TOP002162","SPE000707-TOP002162-covers","covers",1.0,810
"SPE000521","SPE000708","SPE000708-delivered","delivered",1.0,811
"SPE000521","TOP002163","SPE000708-TOP002163-covers","covers",1.0,811
"SPE000521","TOP002164","SPE000708-TOP002164-covers","covers",1.0,811
"SPE000521","TOP002165","SPE000708-TOP002165-covers","covers",1.0,811
"SPE000521","SPE000710","SPE000710-delivered","delivered",1.0,813
"SPE000521","TOP002169","SPE000710-TOP002169-covers","covers",1.0,813
"SPE000521","TOP002170","SPE000710-TOP002170-covers","covers",1.0,813
"SPE000521","TOP002171","SPE000710-TOP002171-covers","covers",1.0,813
"SPE000521","SPE000718","SPE000718-delivered","delivered",1.0,821
"SPE000521","TOP002190","SPE000718-TOP002190-covers","covers",1.0,821
"SPE000521","TOP002191","SPE000718-TOP002191-covers","covers",1.0,821
"SPE000521","TOP002192","SPE000718-TOP002192-covers","covers",1.0,821
"SPE000521","SPE000719","SPE000719-delivered","delivered",1.0,823
"SPE000521","TOP002195","SPE000719-TOP002195-covers","covers",1.0,823
"SPE000521","TOP002196","SPE000719-TOP002196-covers","covers",1.0,823
"SPE000521","TOP002197","SPE000719-TOP002197-covers","covers",1.0,823
"SPE000521","SPE000721","SPE000721-delivered","delivered",1.0,825
"SPE000521","TOP002201","SPE000721-TOP002201-covers","covers",1.0,825
"SPE000521","TOP002201","SPE000730-TOP002201-covers","covers",1.0,834
"SPE000521","TOP002202","SPE000721-TOP002202-covers","covers",1.0,825
"SPE000521","TOP002203","SPE000721-TOP002203-covers","covers",1.0,825
"SPE000521","TOP002203","SPE001057-TOP002203-covers","covers",1.0,1186
"SPE000521","SPE000724","SPE000724-delivered","delivered",1.0,828
"SPE000521","TOP002210","SPE000724-TOP002210-covers","covers",1.0,828
"SPE000521","TOP002211","SPE000724-TOP002211-covers","covers",1.0,828
"SPE000521","TOP002212","SPE000724-TOP002212-covers","covers",1.0,828
"SPE000521","SPE000729","SPE000729-delivered","delivered",1.0,833
"SPE000521","TOP002225","SPE000729-TOP002225-covers","covers",1.0,833
"SPE000521","TOP002226","SPE000729-TOP002226-covers","covers",1.0,833
"SPE000521","TOP002227","SPE000729-TOP002227-covers","covers",1.0,833
"SPE000521","SPE000730","SPE000730-delivered","delivered",1.0,834
"SPE000521","TOP002228","SPE000730-TOP002228-covers","covers",1.0,834
"SPE000521","TOP002229","SPE000730-TOP002229-covers","covers",1.0,834
"SPE000521","SPE000737","SPE000737-delivered","delivered",1.0,842
"SPE000521","TOP002249","SPE000737-TOP002249-covers","covers",1.0,842
"SPE000521","TOP002250","SPE000737-TOP002250-covers","covers",1.0,842
"SPE000521","TOP002251","SPE000737-TOP002251-covers","covers",1.0,842
"SPE000521","SPE000746","SPE000746-delivered","delivered",1.0,852
"SPE000521","TOP002279","SPE000746-TOP002279-covers","covers",1.0,852
"SPE000521","TOP002280","SPE000746-TOP002280-covers","covers",1.0,852
"SPE000521","TOP002281","SPE000746-TOP002281-covers","covers",1.0,852
"SPE000521","SPE000755","SPE000755-delivered","delivered",1.0,862
"SPE000521","TOP002308","SPE000755-TOP002308-covers","covers",1.0,862
"SPE000521","TOP002309","SPE000755-TOP002309-covers","covers",1.0,862
"SPE000521","TOP002310","SPE000755-TOP002310-covers","covers",1.0,862
"SPE000521","SPE000767","SPE000767-delivered","delivered",1.0,876
"SPE000521","TOP002344","SPE000767-TOP002344-covers","covers",1.0,876
"SPE000521","TOP002345","SPE000767-TOP002345-covers","covers",1.0,876
"SPE000521","TOP002346","SPE000767-TOP002346-covers","covers",1.0,876
"SPE000521","SPE000775","SPE000775-delivered","delivered",1.0,884
"SPE000521","TOP002368","SPE000775-TOP002368-covers","covers",1.0,884
"SPE000521","TOP002369","SPE000775-TOP002369-covers","covers",1.0,884
"SPE000521","TOP002370","SPE000775-TOP002370-covers","covers",1.0,884
"SPE000521","SPE000784","SPE000784-delivered","delivered",1.0,893
"SPE000521","TOP002395","SPE000784-TOP002395-covers","covers",1.0,893
"SPE000521","TOP002396","SPE000784-TOP002396-covers","covers",1.0,893
"SPE000521","SPE000789","SPE000789-delivered","delivered",1.0,898
"SPE000521","TOP002408","SPE000789-TOP002408-covers","covers",1.0,898
"SPE000521","TOP002409","SPE000789-TOP002409-covers","covers",1.0,898
"SPE000521","TOP002410","SPE000789-TOP002410-covers","covers",1.0,898
"SPE000521","SPE000793","SPE000793-delivered","delivered",1.0,902
"SPE000521","TOP002419","SPE000793-TOP002419-covers","covers",1.0,902
"SPE000521","TOP002420","SPE000793-TOP002420-covers","covers",1.0,902
"SPE000521","TOP002421","SPE000555-TOP002421-covers","covers",1.0,903
"SPE000521","TOP002422","SPE000555-TOP002422-covers","covers",1.0,903
"SPE000521","TOP001032","SPE000555-TOP001032-covers","covers",1.0,903
"SPE000521","SPE000799","SPE000799-delivered","delivered",1.0,909
"SPE000521","TOP002437","SPE000799-TOP002437-covers","covers",1.0,909
"SPE000521","TOP002438","SPE000799-TOP002438-covers","covers",1.0,909
"SPE000521","TOP002439","SPE000799-TOP002439-covers","covers",1.0,909
"SPE000521","SPE000804","SPE000804-delivered","delivered",1.0,915
"SPE000521","TOP002455","SPE000804-TOP002455-covers","covers",1.0,915
"SPE000521","TOP002456","SPE000804-TOP002456-covers","covers",1.0,915
"SPE000521","TOP002457","SPE000804-TOP002457-covers","covers",1.0,915
"SPE000521","SPE000809","SPE000809-delivered","delivered",1.0,920
"SPE000521","TOP002468","SPE000809-TOP002468-covers","covers",1.0,920
"SPE000521","TOP002469","SPE000809-TOP002469-covers","covers",1.0,920
"SPE000521","TOP002470","SPE000809-TOP002470-covers","covers",1.0,920
"SPE000521","SPE000819","SPE000819-delivered","delivered",1.0,931
"SPE000521","TOP002495","SPE000819-TOP002495-covers","covers",1.0,931
"SPE000521","TOP002496","SPE000819-TOP002496-covers","covers",1.0,931
"SPE000521","TOP000076","SPE000819-TOP000076-covers","covers",1.0,931
"SPE000521","TOP000076","SPE001181-TOP000076-covers","covers",1.0,1319
"SPE000521","TOP000076","SPE001332-TOP000076-covers","covers",1.0,1474
"SPE000521","SPE000821","SPE000821-delivered","delivered",1.0,933
"SPE000521","TOP002499","SPE000821-TOP002499-covers","covers",1.0,933
"SPE000521","TOP002500","SPE000821-TOP002500-covers","covers",1.0,933
"SPE000521","TOP002501","SPE000821-TOP002501-covers","covers",1.0,933
"SPE000521","SPE000830","SPE000830-delivered","delivered",1.0,943
"SPE000521","TOP002525","SPE000830-TOP002525-covers","covers",1.0,943
"SPE000521","TOP002526","SPE000830-TOP002526-covers","covers",1.0,943
"SPE000521","SPE000831","SPE000831-delivered","delivered",1.0,944
"SPE000521","TOP002527","SPE000831-TOP002527-covers","covers",1.0,944
"SPE000521","TOP002528","SPE000831-TOP002528-covers","covers",1.0,944
"SPE000521","TOP002529","SPE000831-TOP002529-covers","covers",1.0,944
"SPE000521","SPE000835","SPE000835-delivered","delivered",1.0,948
"SPE000521","TOP002539","SPE000835-TOP002539-covers","covers",1.0,948
"SPE000521","TOP002540","SPE000835-TOP002540-covers","covers",1.0,948
"SPE000521","TOP002541","SPE000835-TOP002541-covers","covers",1.0,948
"SPE000521","SPE000836","SPE000836-delivered","delivered",1.0,949
"SPE000521","TOP002542","SPE000836-TOP002542-covers","covers",1.0,949
"SPE000521","TOP002543","SPE000836-TOP002543-covers","covers",1.0,949
"SPE000521","TOP002544","SPE000836-TOP002544-covers","covers",1.0,949
"SPE000521","SPE000848","SPE000848-delivered","delivered",1.0,961
"SPE000521","TOP002575","SPE000848-TOP002575-covers","covers",1.0,961
"SPE000521","TOP002576","SPE000848-TOP002576-covers","covers",1.0,961
"SPE000521","TOP002577","SPE000848-TOP002577-covers","covers",1.0,961
"SPE000521","SPE000851","SPE000851-delivered","delivered",1.0,965
"SPE000521","TOP002587","SPE000851-TOP002587-covers","covers",1.0,965
"SPE000521","TOP002588","SPE000851-TOP002588-covers","covers",1.0,965
"SPE000521","TOP002589","SPE000851-TOP002589-covers","covers",1.0,965
"SPE000521","SPE000859","SPE000859-delivered","delivered",1.0,974
"SPE000521","TOP002611","SPE000859-TOP002611-covers","covers",1.0,974
"SPE000521","TOP002612","SPE000859-TOP002612-covers","covers",1.0,974
"SPE000521","TOP002613","SPE000859-TOP002613-covers","covers",1.0,974
"SPE000521","SPE000866","SPE000866-delivered","delivered",1.0,982
"SPE000521","TOP002633","SPE000866-TOP002633-covers","covers",1.0,982
"SPE000521","TOP002634","SPE000866-TOP002634-covers","covers",1.0,982
"SPE000521","TOP002635","SPE000866-TOP002635-covers","covers",1.0,982
"SPE000521","SPE000869","SPE000869-delivered","delivered",1.0,985
"SPE000521","TOP002642","SPE000869-TOP002642-covers","covers",1.0,985
"SPE000521","TOP002643","SPE000869-TOP002643-covers","covers",1.0,985
"SPE000521","TOP002644","SPE000869-TOP002644-covers","covers",1.0,985
"SPE000521","SPE000882","SPE000882-delivered","delivered",1.0,998
"SPE000521","TOP002681","SPE000882-TOP002681-covers","covers",1.0,998
"SPE000521","TOP002682","SPE000882-TOP002682-covers","covers",1.0,998
"SPE000521","TOP002683","SPE000882-TOP002683-covers","covers",1.0,998
"SPE000521","SPE000883","SPE000883-delivered","delivered",1.0,999
"SPE000521","TOP002684","SPE000883-TOP002684-covers","covers",1.0,999
"SPE000521","TOP002685","SPE000883-TOP002685-covers","covers",1.0,999
"SPE000521","TOP002686","SPE000883-TOP002686-covers","covers",1.0,999
"SPE000521","SPE000887","SPE000887-delivered","delivered",1.0,1004
"SPE000521","TOP002698","SPE000887-TOP002698-covers","covers",1.0,1004
"SPE000521","TOP002699","SPE000887-TOP002699-covers","covers",1.0,1004
"SPE000521","TOP002700","SPE000887-TOP002700-covers","covers",1.0,1004
"SPE000521","SPE000895","SPE000895-delivered","delivered",1.0,1015
"SPE000521","TOP002725","SPE000895-TOP002725-covers","covers",1.0,1015
"SPE000521","TOP002726","SPE000895-TOP002726-covers","covers",1.0,1015
"SPE000521","TOP002727","SPE000895-TOP002727-covers","covers",1.0,1015
"SPE000521","SPE000896","SPE000896-delivered","delivered",1.0,1017
"SPE000521","TOP002731","SPE000896-TOP002731-covers","covers",1.0,1017
"SPE000521","TOP002732","SPE000896-TOP002732-covers","covers",1.0,1017
"SPE000521","TOP002733","SPE000896-TOP002733-covers","covers",1.0,1017
"SPE000521","SPE000899","SPE000899-delivered","delivered",1.0,1021
"SPE000521","TOP002743","SPE000899-TOP002743-covers","covers",1.0,1021
"SPE000521","TOP002744","SPE000899-TOP002744-covers","covers",1.0,1021
"SPE000521","TOP002745","SPE000899-TOP002745-covers","covers",1.0,1021
"SPE000521","SPE000905","SPE000905-delivered","delivered",1.0,1027
"SPE000521","TOP002761","SPE000905-TOP002761-covers","covers",1.0,1027
"SPE000521","TOP002762","SPE000905-TOP002762-covers","covers",1.0,1027
"SPE000521","TOP002763","SPE000905-TOP002763-covers","covers",1.0,1027
"SPE000521","SPE000906","SPE000906-delivered","delivered",1.0,1028
"SPE000521","TOP002764","SPE000906-TOP002764-covers","covers",1.0,1028
"SPE000521","TOP002765","SPE000906-TOP002765-covers","covers",1.0,1028
"SPE000521","TOP002766","SPE000906-TOP002766-covers","covers",1.0,1028
"SPE000521","SPE000918","SPE000918-delivered","delivered",1.0,1041
"SPE000521","TOP002798","SPE000918-TOP002798-covers","covers",1.0,1041
"SPE000521","TOP002799","SPE000918-TOP002799-covers","covers",1.0,1041
"SPE000521","TOP002800","SPE000918-TOP002800-covers","covers",1.0,1041
"SPE000521","SPE000924","SPE000924-delivered","delivered",1.0,1047
"SPE000521","TOP002816","SPE000924-TOP002816-covers","covers",1.0,1047
"SPE000521","TOP002817","SPE000924-TOP002817-covers","covers",1.0,1047
"SPE000521","TOP002818","SPE000924-TOP002818-covers","covers",1.0,1047
"SPE000521","SPE000928","SPE000928-delivered","delivered",1.0,1051
"SPE000521","TOP002325","SPE000928-TOP002325-covers","covers",1.0,1051
"SPE000521","TOP002325","SPE000995-TOP002325-covers","covers",1.0,1121
"SPE000521","TOP002827","SPE000928-TOP002827-covers","covers",1.0,1051
"SPE000521","SPE000930","SPE000930-delivered","delivered",1.0,1053
"SPE000521","TOP002831","SPE000930-TOP002831-covers","covers",1.0,1053
"SPE000521","TOP002832","SPE000930-TOP002832-covers","covers",1.0,1053
"SPE000521","TOP002833","SPE000930-TOP002833-covers","covers",1.0,1053
"SPE000521","SPE000945","SPE000945-delivered","delivered",1.0,1069
"SPE000521","TOP002875","SPE000945-TOP002875-covers","covers",1.0,1069
"SPE000521","TOP002876","SPE000945-TOP002876-covers","covers",1.0,1069
"SPE000521","TOP002877","SPE000945-TOP002877-covers","covers",1.0,1069
"SPE000521","SPE000946","SPE000946-delivered","delivered",1.0,1070
"SPE000521","TOP002878","SPE000946-TOP002878-covers","covers",1.0,1070
"SPE000521","TOP001783","SPE000946-TOP001783-covers","covers",1.0,1070
"SPE000521","TOP001783","SPE000955-TOP001783-covers","covers",1.0,1079
"SPE000521","TOP002879","SPE000946-TOP002879-covers","covers",1.0,1070
"SPE000521","SPE000947","SPE000947-delivered","delivered",1.0,1071
"SPE000521","TOP002880","SPE000947-TOP002880-covers","covers",1.0,1071
"SPE000521","TOP002881","SPE000947-TOP002881-covers","covers",1.0,1071
"SPE000521","TOP002882","SPE000947-TOP002882-covers","covers",1.0,1071
"SPE000521","SPE000955","SPE000955-delivered","delivered",1.0,1079
"SPE000521","TOP002902","SPE000955-TOP002902-covers","covers",1.0,1079
"SPE000521","TOP002903","SPE000955-TOP002903-covers","covers",1.0,1079
"SPE000521","SPE000959","SPE000959-delivered","delivered",1.0,1083
"SPE000521","TOP002913","SPE000959-TOP002913-covers","covers",1.0,1083
"SPE000521","TOP002914","SPE000959-TOP002914-covers","covers",1.0,1083
"SPE000521","TOP002915","SPE000959-TOP002915-covers","covers",1.0,1083
"SPE000521","SPE000963","SPE000963-delivered","delivered",1.0,1087
"SPE000521","TOP002925","SPE000963-TOP002925-covers","covers",1.0,1087
"SPE000521","TOP002926","SPE000963-TOP002926-covers","covers",1.0,1087
"SPE000521","TOP002927","SPE000963-TOP002927-covers","covers",1.0,1087
"SPE000521","SPE000965","SPE000965-delivered","delivered",1.0,1089
"SPE000521","TOP002931","SPE000965-TOP002931-covers","covers",1.0,1089
"SPE000521","TOP002932","SPE000965-TOP002932-covers","covers",1.0,1089
"SPE000521","TOP002933","SPE000965-TOP002933-covers","covers",1.0,1089
"SPE000521","SPE000974","SPE000974-delivered","delivered",1.0,1098
"SPE000521","TOP002957","SPE000974-TOP002957-covers","covers",1.0,1098
"SPE000521","TOP002958","SPE000974-TOP002958-covers","covers",1.0,1098
"SPE000521","TOP002959","SPE000974-TOP002959-covers","covers",1.0,1098
"SPE000521","SPE000992","SPE000992-delivered","delivered",1.0,1118
"SPE000521","TOP003013","SPE000992-TOP003013-covers","covers",1.0,1118
"SPE000521","TOP003014","SPE000992-TOP003014-covers","covers",1.0,1118
"SPE000521","TOP003015","SPE000992-TOP003015-covers","covers",1.0,1118
"SPE000521","SPE000995","SPE000995-delivered","delivered",1.0,1121
"SPE000521","TOP003021","SPE000995-TOP003021-covers","covers",1.0,1121
"SPE000521","SPE000998","SPE000998-delivered","delivered",1.0,1124
"SPE000521","TOP003028","SPE000998-TOP003028-covers","covers",1.0,1124
"SPE000521","TOP001077","SPE000998-TOP001077-covers","covers",1.0,1124
"SPE000521","TOP003029","SPE000998-TOP003029-covers","covers",1.0,1124
"SPE000521","SPE001006","SPE001006-delivered","delivered",1.0,1132
"SPE000521","TOP003049","SPE001006-TOP003049-covers","covers",1.0,1132
"SPE000521","TOP003050","SPE001006-TOP003050-covers","covers",1.0,1132
"SPE000521","TOP003051","SPE001006-TOP003051-covers","covers",1.0,1132
"SPE000521","SPE001017","SPE001017-delivered","delivered",1.0,1143
"SPE000521","TOP003078","SPE001017-TOP003078-covers","covers",1.0,1143
"SPE000521","TOP002022","SPE001017-TOP002022-covers","covers",1.0,1143
"SPE000521","TOP003079","SPE001017-TOP003079-covers","covers",1.0,1143
"SPE000521","SPE001020","SPE001020-delivered","delivered",1.0,1146
"SPE000521","TOP003086","SPE001020-TOP003086-covers","covers",1.0,1146
"SPE000521","TOP003087","SPE001020-TOP003087-covers","covers",1.0,1146
"SPE000521","TOP003088","SPE001020-TOP003088-covers","covers",1.0,1146
"SPE000521","SPE001035","SPE001035-delivered","delivered",1.0,1162
"SPE000521","TOP003133","SPE001035-TOP003133-covers","covers",1.0,1162
"SPE000521","TOP003134","SPE001035-TOP003134-covers","covers",1.0,1162
"SPE000521","TOP003135","SPE001035-TOP003135-covers","covers",1.0,1162
"SPE000521","SPE001038","SPE001038-delivered","delivered",1.0,1165
"SPE000521","TOP003141","SPE001038-TOP003141-covers","covers",1.0,1165
"SPE000521","TOP003142","SPE001038-TOP003142-covers","covers",1.0,1165
"SPE000521","TOP003143","SPE001038-TOP003143-covers","covers",1.0,1165
"SPE000521","SPE001039","SPE001039-delivered","delivered",1.0,1166
"SPE000521","TOP003144","SPE001039-TOP003144-covers","covers",1.0,1166
"SPE000521","TOP003145","SPE001039-TOP003145-covers","covers",1.0,1166
"SPE000521","TOP003146","SPE001039-TOP003146-covers","covers",1.0,1166
"SPE000521","SPE001048","SPE001048-delivered","delivered",1.0,1176
"SPE000521","TOP003172","SPE001048-TOP003172-covers","covers",1.0,1176
"SPE000521","TOP003173","SPE001048-TOP003173-covers","covers",1.0,1176
"SPE000521","TOP003174","SPE001048-TOP003174-covers","covers",1.0,1176
"SPE000521","SPE001050","SPE001050-delivered","delivered",1.0,1178
"SPE000521","TOP003178","SPE001050-TOP003178-covers","covers",1.0,1178
"SPE000521","TOP003179","SPE001050-TOP003179-covers","covers",1.0,1178
"SPE000521","TOP003186","SPE000555-TOP003186-covers","covers",1.0,1181
"SPE000521","TOP003187","SPE000555-TOP003187-covers","covers",1.0,1181
"SPE000521","TOP003188","SPE000555-TOP003188-covers","covers",1.0,1181
"SPE000521","SPE001054","SPE001054-delivered","delivered",1.0,1183
"SPE000521","TOP003192","SPE001054-TOP003192-covers","covers",1.0,1183
"SPE000521","TOP003193","SPE001054-TOP003193-covers","covers",1.0,1183
"SPE000521","SPE001057","SPE001057-delivered","delivered",1.0,1186
"SPE000521","TOP003200","SPE001057-TOP003200-covers","covers",1.0,1186
"SPE000521","TOP003201","SPE001057-TOP003201-covers","covers",1.0,1186
"SPE000521","SPE001060","SPE001060-delivered","delivered",1.0,1189
"SPE000521","TOP003207","SPE001060-TOP003207-covers","covers",1.0,1189
"SPE000521","TOP003208","SPE001060-TOP003208-covers","covers",1.0,1189
"SPE000521","TOP003209","SPE001060-TOP003209-covers","covers",1.0,1189
"SPE000521","SPE001066","SPE001066-delivered","delivered",1.0,1196
"SPE000521","TOP003227","SPE001066-TOP003227-covers","covers",1.0,1196
"SPE000521","TOP003228","SPE001066-TOP003228-covers","covers",1.0,1196
"SPE000521","TOP003229","SPE001066-TOP003229-covers","covers",1.0,1196
"SPE000521","SPE001076","SPE001076-delivered","delivered",1.0,1206
"SPE000521","TOP003257","SPE001076-TOP003257-covers","covers",1.0,1206
"SPE000521","TOP003258","SPE001076-TOP003258-covers","covers",1.0,1206
"SPE000521","SPE001079","SPE001079-delivered","delivered",1.0,1210
"SPE000521","TOP003268","SPE001079-TOP003268-covers","covers",1.0,1210
"SPE000521","TOP003269","SPE001079-TOP003269-covers","covers",1.0,1210
"SPE000521","TOP003270","SPE001079-TOP003270-covers","covers",1.0,1210
"SPE000521","SPE001082","SPE001082-delivered","delivered",1.0,1213
"SPE000521","TOP003277","SPE001082-TOP003277-covers","covers",1.0,1213
"SPE000521","TOP003278","SPE001082-TOP003278-covers","covers",1.0,1213
"SPE000521","TOP003279","SPE001082-TOP003279-covers","covers",1.0,1213
"SPE000521","SPE001085","SPE001085-delivered","delivered",1.0,1216
"SPE000521","TOP003285","SPE001085-TOP003285-covers","covers",1.0,1216
"SPE000521","TOP003286","SPE001085-TOP003286-covers","covers",1.0,1216
"SPE000521","TOP003287","SPE001085-TOP003287-covers","covers",1.0,1216
"SPE000521","SPE001089","SPE001089-delivered","delivered",1.0,1220
"SPE000521","TOP003296","SPE001089-TOP003296-covers","covers",1.0,1220
"SPE000521","TOP003297","SPE001089-TOP003297-covers","covers",1.0,1220
"SPE000521","TOP003298","SPE001089-TOP003298-covers","covers",1.0,1220
"SPE000521","SPE001092","SPE001092-delivered","delivered",1.0,1223
"SPE000521","TOP003305","SPE001092-TOP003305-covers","covers",1.0,1223
"SPE000521","TOP003306","SPE001092-TOP003306-covers","covers",1.0,1223
"SPE000521","TOP003307","SPE001092-TOP003307-covers","covers",1.0,1223
"SPE000521","SPE001100","SPE001100-delivered","delivered",1.0,1232
"SPE000521","TOP003331","SPE001100-TOP003331-covers","covers",1.0,1232
"SPE000521","TOP003332","SPE001100-TOP003332-covers","covers",1.0,1232
"SPE000521","TOP003333","SPE001100-TOP003333-covers","covers",1.0,1232
"SPE000521","SPE001105","SPE001105-delivered","delivered",1.0,1238
"SPE000521","TOP003349","SPE001105-TOP003349-covers","covers",1.0,1238
"SPE000521","TOP003350","SPE001105-TOP003350-covers","covers",1.0,1238
"SPE000521","TOP003351","SPE001105-TOP003351-covers","covers",1.0,1238
"SPE000521","SPE001109","SPE001109-delivered","delivered",1.0,1242
"SPE000521","TOP003361","SPE001109-TOP003361-covers","covers",1.0,1242
"SPE000521","TOP003362","SPE001109-TOP003362-covers","covers",1.0,1242
"SPE000521","TOP003363","SPE001109-TOP003363-covers","covers",1.0,1242
"SPE000521","SPE001112","SPE001112-delivered","delivered",1.0,1245
"SPE000521","TOP003370","SPE001112-TOP003370-covers","covers",1.0,1245
"SPE000521","TOP003371","SPE001112-TOP003371-covers","covers",1.0,1245
"SPE000521","TOP003372","SPE001112-TOP003372-covers","covers",1.0,1245
"SPE000521","SPE001115","SPE001115-delivered","delivered",1.0,1249
"SPE000521","TOP003382","SPE001115-TOP003382-covers","covers",1.0,1249
"SPE000521","TOP003383","SPE001115-TOP003383-covers","covers",1.0,1249
"SPE000521","TOP003384","SPE001115-TOP003384-covers","covers",1.0,1249
"SPE000521","SPE001117","SPE001117-delivered","delivered",1.0,1251
"SPE000521","TOP003388","SPE001117-TOP003388-covers","covers",1.0,1251
"SPE000521","TOP003389","SPE001117-TOP003389-covers","covers",1.0,1251
"SPE000521","TOP003390","SPE001117-TOP003390-covers","covers",1.0,1251
"SPE000521","SPE001119","SPE001119-delivered","delivered",1.0,1253
"SPE000521","TOP003393","SPE001119-TOP003393-covers","covers",1.0,1253
"SPE000521","TOP003394","SPE001119-TOP003394-covers","covers",1.0,1253
"SPE000521","TOP003395","SPE001119-TOP003395-covers","covers",1.0,1253
"SPE000521","SPE001132","SPE001132-delivered","delivered",1.0,1266
"SPE000521","TOP003431","SPE001132-TOP003431-covers","covers",1.0,1266
"SPE000521","TOP003432","SPE001132-TOP003432-covers","covers",1.0,1266
"SPE000521","TOP003433","SPE001132-TOP003433-covers","covers",1.0,1266
"SPE000521","SPE001139","SPE001139-delivered","delivered",1.0,1274
"SPE000521","TOP003454","SPE001139-TOP003454-covers","covers",1.0,1274
"SPE000521","TOP003455","SPE001139-TOP003455-covers","covers",1.0,1274
"SPE000521","TOP003456","SPE001139-TOP003456-covers","covers",1.0,1274
"SPE000521","SPE001144","SPE001144-delivered","delivered",1.0,1279
"SPE000521","TOP003468","SPE001144-TOP003468-covers","covers",1.0,1279
"SPE000521","TOP003469","SPE001144-TOP003469-covers","covers",1.0,1279
"SPE000521","TOP003470","SPE001144-TOP003470-covers","covers",1.0,1279
"SPE000521","SPE001149","SPE001149-delivered","delivered",1.0,1285
"SPE000521","TOP003486","SPE001149-TOP003486-covers","covers",1.0,1285
"SPE000521","TOP003487","SPE001149-TOP003487-covers","covers",1.0,1285
"SPE000521","TOP001286","SPE001149-TOP001286-covers","covers",1.0,1285
"SPE000521","SPE001152","SPE001152-delivered","delivered",1.0,1288
"SPE000521","TOP003494","SPE001152-TOP003494-covers","covers",1.0,1288
"SPE000521","TOP003495","SPE001152-TOP003495-covers","covers",1.0,1288
"SPE000521","TOP003496","SPE001152-TOP003496-covers","covers",1.0,1288
"SPE000521","SPE001158","SPE001158-delivered","delivered",1.0,1295
"SPE000521","TOP003515","SPE001158-TOP003515-covers","covers",1.0,1295
"SPE000521","TOP003516","SPE001158-TOP003516-covers","covers",1.0,1295
"SPE000521","TOP003517","SPE001158-TOP003517-covers","covers",1.0,1295
"SPE000521","SPE001161","SPE001161-delivered","delivered",1.0,1299
"SPE000521","TOP003527","SPE001161-TOP003527-covers","covers",1.0,1299
"SPE000521","TOP003528","SPE001161-TOP003528-covers","covers",1.0,1299
"SPE000521","TOP003529","SPE001161-TOP003529-covers","covers",1.0,1299
"SPE000521","SPE001162","SPE001162-delivered","delivered",1.0,1300
"SPE000521","TOP003530","SPE001162-TOP003530-covers","covers",1.0,1300
"SPE000521","TOP003531","SPE001162-TOP003531-covers","covers",1.0,1300
"SPE000521","TOP003532","SPE001162-TOP003532-covers","covers",1.0,1300
"SPE000521","SPE001163","SPE001163-delivered","delivered",1.0,1301
"SPE000521","TOP003533","SPE001163-TOP003533-covers","covers",1.0,1301
"SPE000521","TOP003534","SPE001163-TOP003534-covers","covers",1.0,1301
"SPE000521","TOP003535","SPE001163-TOP003535-covers","covers",1.0,1301
"SPE000521","SPE001164","SPE001164-delivered","delivered",1.0,1302
"SPE000521","TOP003536","SPE001164-TOP003536-covers","covers",1.0,1302
"SPE000521","TOP003537","SPE001164-TOP003537-covers","covers",1.0,1302
"SPE000521","TOP003538","SPE001164-TOP003538-covers","covers",1.0,1302
"SPE000521","SPE001174","SPE001174-delivered","delivered",1.0,1312
"SPE000521","TOP003566","SPE001174-TOP003566-covers","covers",1.0,1312
"SPE000521","TOP003567","SPE001174-TOP003567-covers","covers",1.0,1312
"SPE000521","TOP003568","SPE001174-TOP003568-covers","covers",1.0,1312
"SPE000521","SPE001181","SPE001181-delivered","delivered",1.0,1319
"SPE000521","TOP003586","SPE001181-TOP003586-covers","covers",1.0,1319
"SPE000521","TOP003587","SPE001181-TOP003587-covers","covers",1.0,1319
"SPE000521","SPE001195","SPE001195-delivered","delivered",1.0,1333
"SPE000521","TOP003623","SPE001195-TOP003623-covers","covers",1.0,1333
"SPE000521","TOP003624","SPE001195-TOP003624-covers","covers",1.0,1333
"SPE000521","TOP003625","SPE001195-TOP003625-covers","covers",1.0,1333
"SPE000521","SPE001197","SPE001197-delivered","delivered",1.0,1335
"SPE000521","TOP003628","SPE001197-TOP003628-covers","covers",1.0,1335
"SPE000521","TOP003629","SPE001197-TOP003629-covers","covers",1.0,1335
"SPE000521","TOP003630","SPE001197-TOP003630-covers","covers",1.0,1335
"SPE000521","SPE001199","SPE001199-delivered","delivered",1.0,1337
"SPE000521","TOP003634","SPE001199-TOP003634-covers","covers",1.0,1337
"SPE000521","TOP003635","SPE001199-TOP003635-covers","covers",1.0,1337
"SPE000521","TOP003636","SPE001199-TOP003636-covers","covers",1.0,1337
"SPE000521","SPE001203","SPE001203-delivered","delivered",1.0,1342
"SPE000521","TOP003649","SPE001203-TOP003649-covers","covers",1.0,1342
"SPE000521","TOP003650","SPE001203-TOP003650-covers","covers",1.0,1342
"SPE000521","TOP003651","SPE001203-TOP003651-covers","covers",1.0,1342
"SPE000521","SPE001205","SPE001205-delivered","delivered",1.0,1344
"SPE000521","TOP003655","SPE001205-TOP003655-covers","covers",1.0,1344
"SPE000521","TOP003656","SPE001205-TOP003656-covers","covers",1.0,1344
"SPE000521","TOP003657","SPE001205-TOP003657-covers","covers",1.0,1344
"SPE000521","SPE001207","SPE001207-delivered","delivered",1.0,1346
"SPE000521","TOP003661","SPE001207-TOP003661-covers","covers",1.0,1346
"SPE000521","TOP001718","SPE001207-TOP001718-covers","covers",1.0,1346
"SPE000521","TOP003662","SPE001207-TOP003662-covers","covers",1.0,1346
"SPE000521","SPE001209","SPE001209-delivered","delivered",1.0,1348
"SPE000521","TOP003666","SPE001209-TOP003666-covers","covers",1.0,1348
"SPE000521","TOP003667","SPE001209-TOP003667-covers","covers",1.0,1348
"SPE000521","TOP003668","SPE001209-TOP003668-covers","covers",1.0,1348
"SPE000521","SPE001215","SPE001215-delivered","delivered",1.0,1355
"SPE000521","TOP003685","SPE001215-TOP003685-covers","covers",1.0,1355
"SPE000521","TOP003686","SPE001215-TOP003686-covers","covers",1.0,1355
"SPE000521","TOP003687","SPE001215-TOP003687-covers","covers",1.0,1355
"SPE000521","SPE001219","SPE001219-delivered","delivered",1.0,1359
"SPE000521","TOP002371","SPE001219-TOP002371-covers","covers",1.0,1359
"SPE000521","TOP002371","SPE001332-TOP002371-covers","covers",1.0,1474
"SPE000521","TOP003696","SPE001219-TOP003696-covers","covers",1.0,1359
"SPE000521","TOP003697","SPE001219-TOP003697-covers","covers",1.0,1359
"SPE000521","SPE001223","SPE001223-delivered","delivered",1.0,1363
"SPE000521","TOP003707","SPE001223-TOP003707-covers","covers",1.0,1363
"SPE000521","TOP003708","SPE001223-TOP003708-covers","covers",1.0,1363
"SPE000521","TOP003709","SPE001223-TOP003709-covers","covers",1.0,1363
"SPE000521","SPE001224","SPE001224-delivered","delivered",1.0,1364
"SPE000521","TOP003710","SPE001224-TOP003710-covers","covers",1.0,1364
"SPE000521","TOP003711","SPE001224-TOP003711-covers","covers",1.0,1364
"SPE000521","TOP003712","SPE001224-TOP003712-covers","covers",1.0,1364
"SPE000521","SPE001226","SPE001226-delivered","delivered",1.0,1366
"SPE000521","TOP003716","SPE001226-TOP003716-covers","covers",1.0,1366
"SPE000521","TOP003717","SPE001226-TOP003717-covers","covers",1.0,1366
"SPE000521","TOP003718","SPE001226-TOP003718-covers","covers",1.0,1366
"SPE000521","SPE001228","SPE001228-delivered","delivered",1.0,1368
"SPE000521","TOP003722","SPE001228-TOP003722-covers","covers",1.0,1368
"SPE000521","TOP003723","SPE001228-TOP003723-covers","covers",1.0,1368
"SPE000521","TOP003724","SPE001228-TOP003724-covers","covers",1.0,1368
"SPE000521","SPE001230","SPE001230-delivered","delivered",1.0,1371
"SPE000521","TOP003731","SPE001230-TOP003731-covers","covers",1.0,1371
"SPE000521","TOP003732","SPE001230-TOP003732-covers","covers",1.0,1371
"SPE000521","TOP003733","SPE001230-TOP003733-covers","covers",1.0,1371
"SPE000521","SPE001235","SPE001235-delivered","delivered",1.0,1376
"SPE000521","TOP003746","SPE001235-TOP003746-covers","covers",1.0,1376
"SPE000521","TOP003747","SPE001235-TOP003747-covers","covers",1.0,1376
"SPE000521","TOP003748","SPE001235-TOP003748-covers","covers",1.0,1376
"SPE000521","SPE001244","SPE001244-delivered","delivered",1.0,1385
"SPE000521","TOP003773","SPE001244-TOP003773-covers","covers",1.0,1385
"SPE000521","TOP003774","SPE001244-TOP003774-covers","covers",1.0,1385
"SPE000521","TOP002158","SPE001244-TOP002158-covers","covers",1.0,1385
"SPE000521","SPE001245","SPE001245-delivered","delivered",1.0,1386
"SPE000521","TOP003775","SPE001245-TOP003775-covers","covers",1.0,1386
"SPE000521","TOP003776","SPE001245-TOP003776-covers","covers",1.0,1386
"SPE000521","TOP003777","SPE001245-TOP003777-covers","covers",1.0,1386
"SPE000521","SPE001250","SPE001250-delivered","delivered",1.0,1391
"SPE000521","TOP003790","SPE001250-TOP003790-covers","covers",1.0,1391
"SPE000521","TOP003791","SPE001250-TOP003791-covers","covers",1.0,1391
"SPE000521","TOP003792","SPE001250-TOP003792-covers","covers",1.0,1391
"SPE000521","SPE001253","SPE001253-delivered","delivered",1.0,1394
"SPE000521","TOP003799","SPE001253-TOP003799-covers","covers",1.0,1394
"SPE000521","TOP003800","SPE001253-TOP003800-covers","covers",1.0,1394
"SPE000521","TOP003801","SPE001253-TOP003801-covers","covers",1.0,1394
"SPE000521","SPE001258","SPE001258-delivered","delivered",1.0,1399
"SPE000521","TOP003814","SPE001258-TOP003814-covers","covers",1.0,1399
"SPE000521","TOP003815","SPE001258-TOP003815-covers","covers",1.0,1399
"SPE000521","TOP003816","SPE001258-TOP003816-covers","covers",1.0,1399
"SPE000521","SPE001264","SPE001264-delivered","delivered",1.0,1405
"SPE000521","TOP003830","SPE001264-TOP003830-covers","covers",1.0,1405
"SPE000521","TOP003831","SPE001264-TOP003831-covers","covers",1.0,1405
"SPE000521","TOP003832","SPE001264-TOP003832-covers","covers",1.0,1405
"SPE000521","SPE001269","SPE001269-delivered","delivered",1.0,1410
"SPE000521","TOP003845","SPE001269-TOP003845-covers","covers",1.0,1410
"SPE000521","TOP003846","SPE001269-TOP003846-covers","covers",1.0,1410
"SPE000521","TOP003847","SPE001269-TOP003847-covers","covers",1.0,1410
"SPE000521","SPE001271","SPE001271-delivered","delivered",1.0,1412
"SPE000521","TOP003851","SPE001271-TOP003851-covers","covers",1.0,1412
"SPE000521","TOP003852","SPE001271-TOP003852-covers","covers",1.0,1412
"SPE000521","TOP003853","SPE001271-TOP003853-covers","covers",1.0,1412
"SPE000521","SPE001273","SPE001273-delivered","delivered",1.0,1414
"SPE000521","TOP003857","SPE001273-TOP003857-covers","covers",1.0,1414
"SPE000521","TOP003858","SPE001273-TOP003858-covers","covers",1.0,1414
"SPE000521","TOP003859","SPE001273-TOP003859-covers","covers",1.0,1414
"SPE000521","SPE001281","SPE001281-delivered","delivered",1.0,1422
"SPE000521","TOP003878","SPE001281-TOP003878-covers","covers",1.0,1422
"SPE000521","TOP003879","SPE001281-TOP003879-covers","covers",1.0,1422
"SPE000521","TOP003880","SPE001281-TOP003880-covers","covers",1.0,1422
"SPE000521","SPE001284","SPE001284-delivered","delivered",1.0,1425
"SPE000521","TOP003886","SPE001284-TOP003886-covers","covers",1.0,1425
"SPE000521","TOP003887","SPE001284-TOP003887-covers","covers",1.0,1425
"SPE000521","TOP003888","SPE001284-TOP003888-covers","covers",1.0,1425
"SPE000521","SPE001289","SPE001289-delivered","delivered",1.0,1430
"SPE000521","TOP003901","SPE001289-TOP003901-covers","covers",1.0,1430
"SPE000521","TOP003902","SPE001289-TOP003902-covers","covers",1.0,1430
"SPE000521","TOP003903","SPE001289-TOP003903-covers","covers",1.0,1430
"SPE000521","SPE001295","SPE001295-delivered","delivered",1.0,1436
"SPE000521","TOP003919","SPE001295-TOP003919-covers","covers",1.0,1436
"SPE000521","TOP003920","SPE001295-TOP003920-covers","covers",1.0,1436
"SPE000521","TOP003921","SPE001295-TOP003921-covers","covers",1.0,1436
"SPE000521","SPE001300","SPE001300-delivered","delivered",1.0,1441
"SPE000521","TOP003931","SPE001300-TOP003931-covers","covers",1.0,1441
"SPE000521","TOP003932","SPE001300-TOP003932-covers","covers",1.0,1441
"SPE000521","TOP003933","SPE001300-TOP003933-covers","covers",1.0,1441
"SPE000521","SPE001301","SPE001301-delivered","delivered",1.0,1442
"SPE000521","TOP003934","SPE001301-TOP003934-covers","covers",1.0,1442
"SPE000521","TOP000453","SPE001301-TOP000453-covers","covers",1.0,1442
"SPE000521","SPE001302","SPE001302-delivered","delivered",1.0,1443
"SPE000521","TOP003935","SPE001302-TOP003935-covers","covers",1.0,1443
"SPE000521","TOP003936","SPE001302-TOP003936-covers","covers",1.0,1443
"SPE000521","TOP003937","SPE001302-TOP003937-covers","covers",1.0,1443
"SPE000521","SPE001306","SPE001306-delivered","delivered",1.0,1448
"SPE000521","TOP003947","SPE001306-TOP003947-covers","covers",1.0,1448
"SPE000521","TOP003948","SPE001306-TOP003948-covers","covers",1.0,1448
"SPE000521","TOP003949","SPE001306-TOP003949-covers","covers",1.0,1448
"SPE000521","SPE001309","SPE001309-delivered","delivered",1.0,1451
"SPE000521","TOP003956","SPE001309-TOP003956-covers","covers",1.0,1451
"SPE000521","TOP003957","SPE001309-TOP003957-covers","covers",1.0,1451
"SPE000521","TOP003958","SPE001309-TOP003958-covers","covers",1.0,1451
"SPE000521","SPE001311","SPE001311-delivered","delivered",1.0,1453
"SPE000521","TOP003962","SPE001311-TOP003962-covers","covers",1.0,1453
"SPE000521","TOP003963","SPE001311-TOP003963-covers","covers",1.0,1453
"SPE000521","TOP003346","SPE001311-TOP003346-covers","covers",1.0,1453
"SPE000521","SPE001315","SPE001315-delivered","delivered",1.0,1457
"SPE000521","TOP003972","SPE001315-TOP003972-covers","covers",1.0,1457
"SPE000521","TOP003973","SPE001315-TOP003973-covers","covers",1.0,1457
"SPE000521","TOP003974","SPE001315-TOP003974-covers","covers",1.0,1457
"SPE000521","SPE001319","SPE001319-delivered","delivered",1.0,1461
"SPE000521","TOP003984","SPE001319-TOP003984-covers","covers",1.0,1461
"SPE000521","TOP003985","SPE001319-TOP003985-covers","covers",1.0,1461
"SPE000521","TOP003986","SPE001319-TOP003986-covers","covers",1.0,1461
"SPE000521","SPE001320","SPE001320-delivered","delivered",1.0,1462
"SPE000521","TOP003987","SPE001320-TOP003987-covers","covers",1.0,1462
"SPE000521","TOP003988","SPE001320-TOP003988-covers","covers",1.0,1462
"SPE000521","TOP003989","SPE001320-TOP003989-covers","covers",1.0,1462
"SPE000521","SPE001322","SPE001322-delivered","delivered",1.0,1464
"SPE000521","TOP003993","SPE001322-TOP003993-covers","covers",1.0,1464
"SPE000521","TOP003994","SPE001322-TOP003994-covers","covers",1.0,1464
"SPE000521","TOP003995","SPE001322-TOP003995-covers","covers",1.0,1464
"SPE000521","SPE001328","SPE001328-delivered","delivered",1.0,1470
"SPE000521","TOP004009","SPE001328-TOP004009-covers","covers",1.0,1470
"SPE000521","TOP004010","SPE001328-TOP004010-covers","covers",1.0,1470
"SPE000521","TOP004011","SPE001328-TOP004011-covers","covers",1.0,1470
"SPE000521","SPE001332","SPE001332-delivered","delivered",1.0,1474
"SPE000521","TOP000326","SPE001332-TOP000326-covers","covers",1.0,1474
"SPE000521","SPE001336","SPE001336-delivered","delivered",1.0,1479
"SPE000521","TOP004032","SPE001336-TOP004032-covers","covers",1.0,1479
"SPE000521","TOP004033","SPE001336-TOP004033-covers","covers",1.0,1479
"SPE000521","TOP004034","SPE001336-TOP004034-covers","covers",1.0,1479
"SPE000521","SPE001338","SPE001338-delivered","delivered",1.0,1481
"SPE000521","TOP004038","SPE001338-TOP004038-covers","covers",1.0,1481
"SPE000521","TOP004039","SPE001338-TOP004039-covers","covers",1.0,1481
"SPE000521","TOP001493","SPE001338-TOP001493-covers","covers",1.0,1481
"SPE000521","SPE001341","SPE001341-delivered","delivered",1.0,1484
"SPE000521","TOP004046","SPE001341-TOP004046-covers","covers",1.0,1484
"SPE000521","TOP004047","SPE001341-TOP004047-covers","covers",1.0,1484
"SPE000521","TOP004048","SPE001341-TOP004048-covers","covers",1.0,1484
"SPE000521","SPE001343","SPE001343-delivered","delivered",1.0,1486
"SPE000521","TOP004052","SPE001343-TOP004052-covers","covers",1.0,1486
"SPE000521","TOP004053","SPE001343-TOP004053-covers","covers",1.0,1486
"SPE000521","TOP004054","SPE001343-TOP004054-covers","covers",1.0,1486
"SPE000521","SPE001347","SPE001347-delivered","delivered",1.0,1491
"SPE000521","TOP004067","SPE001347-TOP004067-covers","covers",1.0,1491
"SPE000521","TOP004068","SPE001347-TOP004068-covers","covers",1.0,1491
"SPE000521","TOP004069","SPE001347-TOP004069-covers","covers",1.0,1491
"SPE000521","SPE001351","SPE001351-delivered","delivered",1.0,1495
"SPE000521","TOP004079","SPE001351-TOP004079-covers","covers",1.0,1495
"SPE000521","TOP003876","SPE001351-TOP003876-covers","covers",1.0,1495
"SPE000521","SPE001352","SPE001352-delivered","delivered",1.0,1496
"SPE000521","TOP004080","SPE001352-TOP004080-covers","covers",1.0,1496
"SPE000521","TOP004081","SPE001352-TOP004081-covers","covers",1.0,1496
"SPE000521","TOP004082","SPE001352-TOP004082-covers","covers",1.0,1496
"SPE000521","SPE001356","SPE001356-delivered","delivered",1.0,1501
"SPE000521","TOP004094","SPE001356-TOP004094-covers","covers",1.0,1501
"SPE000521","TOP004095","SPE001356-TOP004095-covers","covers",1.0,1501
"SPE000521","TOP004096","SPE001356-TOP004096-covers","covers",1.0,1501
"SPE000521","SPE001359","SPE001359-delivered","delivered",1.0,1504
"SPE000521","TOP004103","SPE001359-TOP004103-covers","covers",1.0,1504
"SPE000521","TOP004104","SPE001359-TOP004104-covers","covers",1.0,1504
"SPE000521","TOP004105","SPE001359-TOP004105-covers","covers",1.0,1504
"SPE000521","SPE001366","SPE001366-delivered","delivered",1.0,1511
"SPE000521","TOP004123","SPE001366-TOP004123-covers","covers",1.0,1511
"SPE000521","TOP004124","SPE001366-TOP004124-covers","covers",1.0,1511
"SPE000521","TOP004125","SPE001366-TOP004125-covers","covers",1.0,1511
"SPE000521","SPE001376","SPE001376-delivered","delivered",1.0,1520
"SPE000521","TOP004149","SPE001376-TOP004149-covers","covers",1.0,1520
"SPE000521","TOP004150","SPE001376-TOP004150-covers","covers",1.0,1520
"SPE000521","TOP004151","SPE001376-TOP004151-covers","covers",1.0,1520
"SPE000521","SPE001382","SPE001382-delivered","delivered",1.0,1528
"SPE000521","TOP004171","SPE001382-TOP004171-covers","covers",1.0,1528
"SPE000521","TOP004172","SPE001382-TOP004172-covers","covers",1.0,1528
"SPE000521","TOP004173","SPE001382-TOP004173-covers","covers",1.0,1528
"SPE000521","SPE001389","SPE001389-delivered","delivered",1.0,1535
"SPE000521","TOP004191","SPE001389-TOP004191-covers","covers",1.0,1535
"SPE000521","TOP004192","SPE001389-TOP004192-covers","covers",1.0,1535
"SPE000521","TOP004193","SPE001389-TOP004193-covers","covers",1.0,1535
"SPE000521","SPE001393","SPE001393-delivered","delivered",1.0,1539
"SPE000521","TOP004202","SPE001393-TOP004202-covers","covers",1.0,1539
"SPE000521","TOP004203","SPE001393-TOP004203-covers","covers",1.0,1539
"SPE000521","TOP004204","SPE001393-TOP004204-covers","covers",1.0,1539
"SPE000521","SPE001398","SPE001398-delivered","delivered",1.0,1544
"SPE000521","TOP004217","SPE001398-TOP004217-covers","covers",1.0,1544
"SPE000521","TOP004218","SPE001398-TOP004218-covers","covers",1.0,1544
"SPE000521","TOP004219","SPE001398-TOP004219-covers","covers",1.0,1544
"SPE000521","SPE001402","SPE001402-delivered","delivered",1.0,1548
"SPE000521","TOP004228","SPE001402-TOP004228-covers","covers",1.0,1548
"SPE000521","TOP004229","SPE001402-TOP004229-covers","covers",1.0,1548
"SPE000521","TOP004230","SPE001402-TOP004230-covers","covers",1.0,1548
"SPE000521","SPE001403","SPE001403-delivered","delivered",1.0,1549
"SPE000521","TOP004231","SPE001403-TOP004231-covers","covers",1.0,1549
"SPE000521","TOP004232","SPE001403-TOP004232-covers","covers",1.0,1549
"SPE000521","TOP004233","SPE001403-TOP004233-covers","covers",1.0,1549
"SPE000522","DAT000456","SPE000522-held_on","held_on",1.0,599
"SPE000523","DAT000457","SPE000523-held_on","held_on",1.0,600
"SPE000523","DAT000473","SPE000523-held_on","held_on",1.0,622
"SPE000523","DAT000504","SPE000523-held_on","held_on",1.0,661
"SPE000523","DAT000547","SPE000523-held_on","held_on",1.0,718
"SPE000524","DAT000457","SPE000524-held_on","held_on",1.0,601
"SPE000525","DAT000458","SPE000525-held_on","held_on",1.0,602
"SPE000526","DAT000459","SPE000526-held_on","held_on",1.0,603
"SPE000527","DAT000461","SPE000527-held_on","held_on",1.0,605
"SPE000528","DAT000462","SPE000528-held_on","held_on",1.0,606
"SPE000529","DAT000462","SPE000529-held_on","held_on",1.0,607
"SPE000530","DAT000464","SPE000530-held_on","held_on",1.0,609
"SPE000531","DAT000465","SPE000531-held_on","held_on",1.0,610
"SPE000532","DAT000465","SPE000532-held_on","held_on",1.0,611
"SPE000533","DAT000466","SPE000533-held_on","held_on",1.0,612
"SPE000534","DAT000467","SPE000534-held_on","held_on",1.0,613
"SPE000535","DAT000467","SPE000535-held_on","held_on",1.0,614
"SPE000536","DAT000468","SPE000536-held_on","held_on",1.0,615
"SPE000537","DAT000469","SPE000537-held_on","held_on",1.0,616
"SPE000538","DAT000469","SPE000538-held_on","held_on",1.0,617
"SPE000539","DAT000470","SPE000539-held_on","held_on",1.0,618
"SPE000540","DAT000471","SPE000540-held_on","held_on",1.0,619
"SPE000541","DAT000471","SPE000541-held_on","held_on",1.0,620
"SPE000542","SPE000543","SPE000543-delivered","delivered",1.0,624
"SPE000542","TOP001643","SPE000543-TOP001643-covers","covers",1.0,624
"SPE000542","TOP001644","SPE000543-TOP001644-covers","covers",1.0,624
"SPE000542","TOP001645","SPE000543-TOP001645-covers","covers",1.0,624
"SPE000542","SPE000571","SPE000571-delivered","delivered",1.0,654
"SPE000542","TOP001728","SPE000571-TOP001728-covers","covers",1.0,654
"SPE000542","TOP001729","SPE000571-TOP001729-covers","covers",1.0,654
"SPE000542","TOP001730","SPE000571-TOP001730-covers","covers",1.0,654
"SPE000542","SPE000574","SPE000574-delivered","delivered",1.0,657
"SPE000542","TOP000116","SPE000574-TOP000116-covers","covers",1.0,657
"SPE000542","TOP001737","SPE000574-TOP001737-covers","covers",1.0,657
"SPE000542","TOP001738","SPE000574-TOP001738-covers","covers",1.0,657
"SPE000542","SPE000576","SPE000576-delivered","delivered",1.0,659
"SPE000542","TOP000037","SPE000576-TOP000037-covers","covers",1.0,659
"SPE000542","TOP001742","SPE000576-TOP001742-covers","covers",1.0,659
"SPE000542","TOP001743","SPE000576-TOP001743-covers","covers",1.0,659
"SPE000542","SPE000588","SPE000588-delivered","delivered",1.0,672
"SPE000542","TOP001778","SPE000588-TOP001778-covers","covers",1.0,672
"SPE000542","TOP001779","SPE000588-TOP001779-covers","covers",1.0,672
"SPE000542","TOP001780","SPE000588-TOP001780-covers","covers",1.0,672
"SPE000542","SPE000590","SPE000590-delivered","delivered",1.0,674
"SPE000542","TOP001784","SPE000590-TOP001784-covers","covers",1.0,674
"SPE000542","TOP001785","SPE000590-TOP001785-covers","covers",1.0,674
"SPE000542","TOP001786","SPE000590-TOP001786-covers","covers",1.0,674
"SPE000542","SPE000592","SPE000592-delivered","delivered",1.0,676
"SPE000542","TOP001790","SPE000592-TOP001790-covers","covers",1.0,676
"SPE000542","TOP001791","SPE000592-TOP001791-covers","covers",1.0,676
"SPE000542","TOP001792","SPE000592-TOP001792-covers","covers",1.0,676
"SPE000542","SPE000598","SPE000598-delivered","delivered",1.0,683
"SPE000542","TOP001809","SPE000598-TOP001809-covers","covers",1.0,683
"SPE000542","TOP001810","SPE000598-TOP001810-covers","covers",1.0,683
"SPE000542","TOP001811","SPE000598-TOP001811-covers","covers",1.0,683
"SPE000542","SPE000603","SPE000603-delivered","delivered",1.0,690
"SPE000542","TOP001829","SPE000603-TOP001829-covers","covers",1.0,690
"SPE000542","TOP001830","SPE000603-TOP001830-covers","covers",1.0,690
"SPE000542","TOP001831","SPE000603-TOP001831-covers","covers",1.0,690
"SPE000542","SPE000612","SPE000612-delivered","delivered",1.0,699
"SPE000542","TOP001855","SPE000612-TOP001855-covers","covers",1.0,699
"SPE000542","TOP001856","SPE000612-TOP001856-covers","covers",1.0,699
"SPE000542","TOP001857","SPE000612-TOP001857-covers","covers",1.0,699
"SPE000542","SPE000618","SPE000618-delivered","delivered",1.0,706
"SPE000542","TOP001875","SPE000618-TOP001875-covers","covers",1.0,706
"SPE000542","TOP001876","SPE000618-TOP001876-covers","covers",1.0,706
"SPE000542","TOP001877","SPE000618-TOP001877-covers","covers",1.0,706
"SPE000542","SPE000624","SPE000624-delivered","delivered",1.0,713
"SPE000542","TOP001896","SPE000624-TOP001896-covers","covers",1.0,713
"SPE000542","TOP001897","SPE000624-TOP001897-covers","covers",1.0,713
"SPE000542","TOP001898","SPE000624-TOP001898-covers","covers",1.0,713
"SPE000542","SPE000636","SPE000636-delivered","delivered",1.0,729
"SPE000542","TOP001944","SPE000636-TOP001944-covers","covers",1.0,729
"SPE000542","TOP001945","SPE000636-TOP001945-covers","covers",1.0,729
"SPE000542","TOP001946","SPE000636-TOP001946-covers","covers",1.0,729
"SPE000542","SPE000640","SPE000640-delivered","delivered",1.0,734
"SPE000542","TOP001958","SPE000640-TOP001958-covers","covers",1.0,734
"SPE000542","TOP001959","SPE000640-TOP001959-covers","covers",1.0,734
"SPE000542","TOP001960","SPE000640-TOP001960-covers","covers",1.0,734
"SPE000542","SPE000642","SPE000642-delivered","delivered",1.0,736
"SPE000542","TOP001964","SPE000642-TOP001964-covers","covers",1.0,736
"SPE000542","TOP001965","SPE000642-TOP001965-covers","covers",1.0,736
"SPE000542","TOP001966","SPE000642-TOP001966-covers","covers",1.0,736
"SPE000542","SPE000647","SPE000647-delivered","delivered",1.0,742
"SPE000542","TOP001982","SPE000647-TOP001982-covers","covers",1.0,742
"SPE000542","TOP001983","SPE000647-TOP001983-covers","covers",1.0,742
"SPE000542","TOP001984","SPE000647-TOP001984-covers","covers",1.0,742
"SPE000542","SPE000660","SPE000660-delivered","delivered",1.0,756
"SPE000542","TOP002020","SPE000660-TOP002020-covers","covers",1.0,756
"SPE000542","TOP002021","SPE000660-TOP002021-covers","covers",1.0,756
"SPE000542","TOP002022","SPE000660-TOP002022-covers","covers",1.0,756
"SPE000542","SPE000666","SPE000666-delivered","delivered",1.0,762
"SPE000542","TOP002033","SPE000666-TOP002033-covers","covers",1.0,762
"SPE000542","TOP002034","SPE000666-TOP002034-covers","covers",1.0,762
"SPE000542","TOP002035","SPE000666-TOP002035-covers","covers",1.0,762
"SPE000542","SPE000677","SPE000677-delivered","delivered",1.0,775
"SPE000542","TOP002063","SPE000677-TOP002063-covers","covers",1.0,775
"SPE000542","TOP002064","SPE000677-TOP002064-covers","covers",1.0,775
"SPE000542","TOP002065","SPE000677-TOP002065-covers","covers",1.0,775
"SPE000542","SPE000683","SPE000683-delivered","delivered",1.0,780
"SPE000542","TOP002078","SPE000683-TOP002078-covers","covers",1.0,780
"SPE000542","TOP002079","SPE000683-TOP002079-covers","covers",1.0,780
"SPE000542","TOP002080","SPE000683-TOP002080-covers","covers",1.0,780
"SPE000542","SPE000684","SPE000684-delivered","delivered",1.0,782
"SPE000542","TOP002084","SPE000684-TOP002084-covers","covers",1.0,782
"SPE000542","TOP002085","SPE000684-TOP002085-covers","covers",1.0,782
"SPE000542","TOP002086","SPE000684-TOP002086-covers","covers",1.0,782
"SPE000542","SPE000697","SPE000697-delivered","delivered",1.0,798
"SPE000542","TOP002126","SPE000697-TOP002126-covers","covers",1.0,798
"SPE000542","TOP002127","SPE000697-TOP002127-covers","covers",1.0,798
"SPE000542","TOP002128","SPE000697-TOP002128-covers","covers",1.0,798
"SPE000542","SPE000699","SPE000699-delivered","delivered",1.0,800
"SPE000542","TOP002132","SPE000699-TOP002132-covers","covers",1.0,800
"SPE000542","TOP002133","SPE000699-TOP002133-covers","covers",1.0,800
"SPE000542","TOP002134","SPE000699-TOP002134-covers","covers",1.0,800
"SPE000542","SPE000704","SPE000704-delivered","delivered",1.0,806
"SPE000542","TOP002148","SPE000704-TOP002148-covers","covers",1.0,806
"SPE000542","TOP002149","SPE000704-TOP002149-covers","covers",1.0,806
"SPE000542","TOP002149","SPE001130-TOP002149-covers","covers",1.0,1264
"SPE000542","TOP002150","SPE000704-TOP002150-covers","covers",1.0,806
"SPE000542","SPE000711","SPE000711-delivered","delivered",1.0,814
"SPE000542","TOP002172","SPE000711-TOP002172-covers","covers",1.0,814
"SPE000542","TOP002173","SPE000711-TOP002173-covers","covers",1.0,814
"SPE000542","TOP002174","SPE000711-TOP002174-covers","covers",1.0,814
"SPE000542","SPE000722","SPE000722-delivered","delivered",1.0,826
"SPE000542","TOP002204","SPE000722-TOP002204-covers","covers",1.0,826
"SPE000542","TOP002205","SPE000722-TOP002205-covers","covers",1.0,826
"SPE000542","TOP002206","SPE000722-TOP002206-covers","covers",1.0,826
"SPE000542","SPE000732","SPE000732-delivered","delivered",1.0,837
"SPE000542","TOP002234","SPE000732-TOP002234-covers","covers",1.0,837
"SPE000542","TOP002235","SPE000732-TOP002235-covers","covers",1.0,837
"SPE000542","TOP002236","SPE000732-TOP002236-covers","covers",1.0,837
"SPE000542","SPE000738","SPE000738-delivered","delivered",1.0,843
"SPE000542","TOP002252","SPE000738-TOP002252-covers","covers",1.0,843
"SPE000542","TOP002253","SPE000738-TOP002253-covers","covers",1.0,843
"SPE000542","TOP002254","SPE000738-TOP002254-covers","covers",1.0,843
"SPE000542","SPE000741","SPE000741-delivered","delivered",1.0,846
"SPE000542","TOP002261","SPE000741-TOP002261-covers","covers",1.0,846
"SPE000542","TOP002262","SPE000741-TOP002262-covers","covers",1.0,846
"SPE000542","TOP002263","SPE000741-TOP002263-covers","covers",1.0,846
"SPE000542","SPE000743","SPE000743-delivered","delivered",1.0,848
"SPE000542","TOP002267","SPE000743-TOP002267-covers","covers",1.0,848
"SPE000542","TOP002268","SPE000743-TOP002268-covers","covers",1.0,848
"SPE000542","TOP002269","SPE000743-TOP002269-covers","covers",1.0,848
"SPE000542","SPE000750","SPE000750-delivered","delivered",1.0,856
"SPE000542","TOP002290","SPE000750-TOP002290-covers","covers",1.0,856
"SPE000542","TOP002291","SPE000750-TOP002291-covers","covers",1.0,856
"SPE000542","TOP002292","SPE000750-TOP002292-covers","covers",1.0,856
"SPE000542","SPE000752","SPE000752-delivered","delivered",1.0,858
"SPE000542","TOP002296","SPE000752-TOP002296-covers","covers",1.0,858
"SPE000542","TOP002297","SPE000752-TOP002297-covers","covers",1.0,858
"SPE000542","TOP002298","SPE000752-TOP002298-covers","covers",1.0,858
"SPE000542","SPE000753","SPE000753-delivered","delivered",1.0,859
"SPE000542","TOP002299","SPE000753-TOP002299-covers","covers",1.0,859
"SPE000542","TOP002300","SPE000753-TOP002300-covers","covers",1.0,859
"SPE000542","TOP002301","SPE000753-TOP002301-covers","covers",1.0,859
"SPE000542","SPE000758","SPE000758-delivered","delivered",1.0,865
"SPE000542","TOP002315","SPE000758-TOP002315-covers","covers",1.0,865
"SPE000542","TOP002316","SPE000758-TOP002316-covers","covers",1.0,865
"SPE000542","TOP002317","SPE000758-TOP002317-covers","covers",1.0,865
"SPE000542","SPE000760","SPE000760-delivered","delivered",1.0,868
"SPE000542","TOP002322","SPE000760-TOP002322-covers","covers",1.0,868
"SPE000542","TOP002323","SPE000760-TOP002323-covers","covers",1.0,868
"SPE000542","TOP002324","SPE000760-TOP002324-covers","covers",1.0,868
"SPE000542","SPE000769","SPE000769-delivered","delivered",1.0,878
"SPE000542","TOP002350","SPE000769-TOP002350-covers","covers",1.0,878
"SPE000542","TOP002351","SPE000769-TOP002351-covers","covers",1.0,878
"SPE000542","TOP002352","SPE000769-TOP002352-covers","covers",1.0,878
"SPE000542","SPE000770","SPE000770-delivered","delivered",1.0,879
"SPE000542","TOP002353","SPE000770-TOP002353-covers","covers",1.0,879
"SPE000542","TOP002354","SPE000770-TOP002354-covers","covers",1.0,879
"SPE000542","TOP002355","SPE000770-TOP002355-covers","covers",1.0,879
"SPE000542","SPE000771","SPE000771-delivered","delivered",1.0,880
"SPE000542","TOP002356","SPE000771-TOP002356-covers","covers",1.0,880
"SPE000542","TOP002357","SPE000771-TOP002357-covers","covers",1.0,880
"SPE000542","TOP002358","SPE000771-TOP002358-covers","covers",1.0,880
"SPE000542","SPE000781","SPE000781-delivered","delivered",1.0,890
"SPE000542","TOP002386","SPE000781-TOP002386-covers","covers",1.0,890
"SPE000542","TOP002387","SPE000781-TOP002387-covers","covers",1.0,890
"SPE000542","TOP002388","SPE000781-TOP002388-covers","covers",1.0,890
"SPE000542","SPE000790","SPE000790-delivered","delivered",1.0,899
"SPE000542","TOP002411","SPE000790-TOP002411-covers","covers",1.0,899
"SPE000542","TOP002412","SPE000790-TOP002412-covers","covers",1.0,899
"SPE000542","TOP002413","SPE000790-TOP002413-covers","covers",1.0,899
"SPE000542","SPE000791","SPE000791-delivered","delivered",1.0,900
"SPE000542","TOP002414","SPE000791-TOP002414-covers","covers",1.0,900
"SPE000542","TOP002415","SPE000791-TOP002415-covers","covers",1.0,900
"SPE000542","TOP000477","SPE000791-TOP000477-covers","covers",1.0,900
"SPE000542","SPE000794","SPE000794-delivered","delivered",1.0,904
"SPE000542","TOP002423","SPE000794-TOP002423-covers","covers",1.0,904
"SPE000542","TOP002424","SPE000794-TOP002424-covers","covers",1.0,904
"SPE000542","TOP002425","SPE000794-TOP002425-covers","covers",1.0,904
"SPE000542","SPE000796","SPE000796-delivered","delivered",1.0,906
"SPE000542","TOP002429","SPE000796-TOP002429-covers","covers",1.0,906
"SPE000542","TOP002430","SPE000796-TOP002430-covers","covers",1.0,906
"SPE000542","TOP000076","SPE000796-TOP000076-covers","covers",1.0,906
"SPE000542","TOP000076","SPE000839-TOP000076-covers","covers",1.0,952
"SPE000542","TOP000076","SPE000927-TOP000076-covers","covers",1.0,1050
"SPE000542","SPE000797","SPE000797-delivered","delivered",1.0,907
"SPE000542","TOP002431","SPE000797-TOP002431-covers","covers",1.0,907
"SPE000542","TOP002432","SPE000797-TOP002432-covers","covers",1.0,907
"SPE000542","TOP002433","SPE000797-TOP002433-covers","covers",1.0,907
"SPE000542","SPE000798","SPE000798-delivered","delivered",1.0,908
"SPE000542","TOP002434","SPE000798-TOP002434-covers","covers",1.0,908
"SPE000542","TOP002435","SPE000798-TOP002435-covers","covers",1.0,908
"SPE000542","TOP002436","SPE000798-TOP002436-covers","covers",1.0,908
"SPE000542","SPE000806","SPE000806-delivered","delivered",1.0,917
"SPE000542","TOP002460","SPE000806-TOP002460-covers","covers",1.0,917
"SPE000542","TOP002460","SPE000908-TOP002460-covers","covers",1.0,1030
"SPE000542","TOP001505","SPE000806-TOP001505-covers","covers",1.0,917
"SPE000542","TOP002461","SPE000806-TOP002461-covers","covers",1.0,917
"SPE000542","SPE000838","SPE000838-delivered","delivered",1.0,951
"SPE000542","TOP002548","SPE000838-TOP002548-covers","covers",1.0,951
"SPE000542","TOP002549","SPE000838-TOP002549-covers","covers",1.0,951
"SPE000542","TOP002550","SPE000838-TOP002550-covers","covers",1.0,951
"SPE000542","SPE000839","SPE000839-delivered","delivered",1.0,952
"SPE000542","TOP002551","SPE000839-TOP002551-covers","covers",1.0,952
"SPE000542","TOP002552","SPE000839-TOP002552-covers","covers",1.0,952
"SPE000542","SPE000840","SPE000840-delivered","delivered",1.0,953
"SPE000542","TOP002553","SPE000840-TOP002553-covers","covers",1.0,953
"SPE000542","TOP002554","SPE000840-TOP002554-covers","covers",1.0,953
"SPE000542","TOP002555","SPE000840-TOP002555-covers","covers",1.0,953
"SPE000542","SPE000844","SPE000844-delivered","delivered",1.0,957
"SPE000542","TOP002565","SPE000844-TOP002565-covers","covers",1.0,957
"SPE000542","TOP002566","SPE000844-TOP002566-covers","covers",1.0,957
"SPE000542","TOP002567","SPE000844-TOP002567-covers","covers",1.0,957
"SPE000542","SPE000845","SPE000845-delivered","delivered",1.0,958
"SPE000542","TOP002568","SPE000845-TOP002568-covers","covers",1.0,958
"SPE000542","TOP002569","SPE000845-TOP002569-covers","covers",1.0,958
"SPE000542","TOP002570","SPE000845-TOP002570-covers","covers",1.0,958
"SPE000542","SPE000856","SPE000856-delivered","delivered",1.0,971
"SPE000542","TOP002602","SPE000856-TOP002602-covers","covers",1.0,971
"SPE000542","TOP002603","SPE000856-TOP002603-covers","covers",1.0,971
"SPE000542","TOP002604","SPE000856-TOP002604-covers","covers",1.0,971
"SPE000542","SPE000874","SPE000874-delivered","delivered",1.0,990
"SPE000542","TOP002657","SPE000874-TOP002657-covers","covers",1.0,990
"SPE000542","TOP002658","SPE000874-TOP002658-covers","covers",1.0,990
"SPE000542","TOP002659","SPE000874-TOP002659-covers","covers",1.0,990
"SPE000542","SPE000880","SPE000880-delivered","delivered",1.0,996
"SPE000542","TOP002675","SPE000880-TOP002675-covers","covers",1.0,996
"SPE000542","TOP002676","SPE000880-TOP002676-covers","covers",1.0,996
"SPE000542","TOP002677","SPE000880-TOP002677-covers","covers",1.0,996
"SPE000542","SPE000901","SPE000901-delivered","delivered",1.0,1023
"SPE000542","TOP002749","SPE000901-TOP002749-covers","covers",1.0,1023
"SPE000542","TOP002750","SPE000901-TOP002750-covers","covers",1.0,1023
"SPE000542","TOP002751","SPE000901-TOP002751-covers","covers",1.0,1023
"SPE000542","SPE000908","SPE000908-delivered","delivered",1.0,1030
"SPE000542","TOP002325","SPE000908-TOP002325-covers","covers",1.0,1030
"SPE000542","TOP002325","SPE000969-TOP002325-covers","covers",1.0,1093
"SPE000542","TOP002769","SPE000908-TOP002769-covers","covers",1.0,1030
"SPE000542","SPE000910","SPE000910-delivered","delivered",1.0,1032
"SPE000542","TOP002772","SPE000910-TOP002772-covers","covers",1.0,1032
"SPE000542","TOP002773","SPE000910-TOP002773-covers","covers",1.0,1032
"SPE000542","TOP002774","SPE000910-TOP002774-covers","covers",1.0,1032
"SPE000542","SPE000916","SPE000916-delivered","delivered",1.0,1039
"SPE000542","TOP002792","SPE000916-TOP002792-covers","covers",1.0,1039
"SPE000542","TOP002793","SPE000916-TOP002793-covers","covers",1.0,1039
"SPE000542","TOP002794","SPE000916-TOP002794-covers","covers",1.0,1039
"SPE000542","SPE000927","SPE000927-delivered","delivered",1.0,1050
"SPE000542","TOP002825","SPE000927-TOP002825-covers","covers",1.0,1050
"SPE000542","TOP002826","SPE000927-TOP002826-covers","covers",1.0,1050
"SPE000542","SPE000932","SPE000932-delivered","delivered",1.0,1055
"SPE000542","TOP002837","SPE000932-TOP002837-covers","covers",1.0,1055
"SPE000542","TOP002838","SPE000932-TOP002838-covers","covers",1.0,1055
"SPE000542","TOP002839","SPE000932-TOP002839-covers","covers",1.0,1055
"SPE000542","SPE000948","SPE000948-delivered","delivered",1.0,1072
"SPE000542","TOP002883","SPE000948-TOP002883-covers","covers",1.0,1072
"SPE000542","TOP002884","SPE000948-TOP002884-covers","covers",1.0,1072
"SPE000542","TOP002885","SPE000948-TOP002885-covers","covers",1.0,1072
"SPE000542","SPE000949","SPE000949-delivered","delivered",1.0,1073
"SPE000542","TOP002886","SPE000949-TOP002886-covers","covers",1.0,1073
"SPE000542","TOP002887","SPE000949-TOP002887-covers","covers",1.0,1073
"SPE000542","TOP002888","SPE000949-TOP002888-covers","covers",1.0,1073
"SPE000542","SPE000957","SPE000957-delivered","delivered",1.0,1081
"SPE000542","TOP002907","SPE000957-TOP002907-covers","covers",1.0,1081
"SPE000542","TOP002908","SPE000957-TOP002908-covers","covers",1.0,1081
"SPE000542","TOP002909","SPE000957-TOP002909-covers","covers",1.0,1081
"SPE000542","SPE000961","SPE000961-delivered","delivered",1.0,1085
"SPE000542","TOP002919","SPE000961-TOP002919-covers","covers",1.0,1085
"SPE000542","TOP002920","SPE000961-TOP002920-covers","covers",1.0,1085
"SPE000542","TOP002921","SPE000961-TOP002921-covers","covers",1.0,1085
"SPE000542","SPE000964","SPE000964-delivered","delivered",1.0,1088
"SPE000542","TOP002928","SPE000964-TOP002928-covers","covers",1.0,1088
"SPE000542","TOP002929","SPE000964-TOP002929-covers","covers",1.0,1088
"SPE000542","TOP002930","SPE000964-TOP002930-covers","covers",1.0,1088
"SPE000542","SPE000966","SPE000966-delivered","delivered",1.0,1090
"SPE000542","TOP002934","SPE000966-TOP002934-covers","covers",1.0,1090
"SPE000542","TOP002935","SPE000966-TOP002935-covers","covers",1.0,1090
"SPE000542","TOP002936","SPE000966-TOP002936-covers","covers",1.0,1090
"SPE000542","SPE000969","SPE000969-delivered","delivered",1.0,1093
"SPE000542","TOP002943","SPE000969-TOP002943-covers","covers",1.0,1093
"SPE000542","TOP002944","SPE000969-TOP002944-covers","covers",1.0,1093
"SPE000542","SPE000972","SPE000972-delivered","delivered",1.0,1096
"SPE000542","TOP002951","SPE000972-TOP002951-covers","covers",1.0,1096
"SPE000542","TOP002952","SPE000972-TOP002952-covers","covers",1.0,1096
"SPE000542","TOP002953","SPE000972-TOP002953-covers","covers",1.0,1096
"SPE000542","SPE000976","SPE000976-delivered","delivered",1.0,1101
"SPE000542","TOP002965","SPE000976-TOP002965-covers","covers",1.0,1101
"SPE000542","TOP002966","SPE000976-TOP002966-covers","covers",1.0,1101
"SPE000542","TOP002967","SPE000976-TOP002967-covers","covers",1.0,1101
"SPE000542","SPE000978","SPE000978-delivered","delivered",1.0,1103
"SPE000542","TOP002970","SPE000978-TOP002970-covers","covers",1.0,1103
"SPE000542","TOP002971","SPE000978-TOP002971-covers","covers",1.0,1103
"SPE000542","TOP002972","SPE000978-TOP002972-covers","covers",1.0,1103
"SPE000542","SPE000988","SPE000988-delivered","delivered",1.0,1114
"SPE000542","TOP003001","SPE000988-TOP003001-covers","covers",1.0,1114
"SPE000542","TOP003002","SPE000988-TOP003002-covers","covers",1.0,1114
"SPE000542","TOP003003","SPE000988-TOP003003-covers","covers",1.0,1114
"SPE000542","SPE000991","SPE000991-delivered","delivered",1.0,1117
"SPE000542","TOP003010","SPE000991-TOP003010-covers","covers",1.0,1117
"SPE000542","TOP003011","SPE000991-TOP003011-covers","covers",1.0,1117
"SPE000542","TOP003012","SPE000991-TOP003012-covers","covers",1.0,1117
"SPE000542","SPE000997","SPE000997-delivered","delivered",1.0,1123
"SPE000542","TOP003025","SPE000997-TOP003025-covers","covers",1.0,1123
"SPE000542","TOP003026","SPE000997-TOP003026-covers","covers",1.0,1123
"SPE000542","TOP003027","SPE000997-TOP003027-covers","covers",1.0,1123
"SPE000542","SPE001002","SPE001002-delivered","delivered",1.0,1128
"SPE000542","TOP003038","SPE001002-TOP003038-covers","covers",1.0,1128
"SPE000542","TOP003039","SPE001002-TOP003039-covers","covers",1.0,1128
"SPE000542","TOP003040","SPE001002-TOP003040-covers","covers",1.0,1128
"SPE000542","SPE001010","SPE001010-delivered","delivered",1.0,1136
"SPE000542","TOP003059","SPE001010-TOP003059-covers","covers",1.0,1136
"SPE000542","TOP003060","SPE001010-TOP003060-covers","covers",1.0,1136
"SPE000542","TOP003061","SPE001010-TOP003061-covers","covers",1.0,1136
"SPE000542","SPE001044","SPE001044-delivered","delivered",1.0,1171
"SPE000542","TOP003158","SPE001044-TOP003158-covers","covers",1.0,1171
"SPE000542","TOP003159","SPE001044-TOP003159-covers","covers",1.0,1171
"SPE000542","TOP003160","SPE001044-TOP003160-covers","covers",1.0,1171
"SPE000542","SPE001056","SPE001056-delivered","delivered",1.0,1185
"SPE000542","TOP003197","SPE001056-TOP003197-covers","covers",1.0,1185
"SPE000542","TOP003198","SPE001056-TOP003198-covers","covers",1.0,1185
"SPE000542","TOP003199","SPE001056-TOP003199-covers","covers",1.0,1185
"SPE000542","SPE001072","SPE001072-delivered","delivered",1.0,1202
"SPE000542","TOP003245","SPE001072-TOP003245-covers","covers",1.0,1202
"SPE000542","TOP003246","SPE001072-TOP003246-covers","covers",1.0,1202
"SPE000542","TOP003247","SPE001072-TOP003247-covers","covers",1.0,1202
"SPE000542","SPE001083","SPE001083-delivered","delivered",1.0,1214
"SPE000542","TOP003213","SPE001083-TOP003213-covers","covers",1.0,1214
"SPE000542","TOP003280","SPE001083-TOP003280-covers","covers",1.0,1214
"SPE000542","TOP003281","SPE001083-TOP003281-covers","covers",1.0,1214
"SPE000542","SPE001098","SPE001098-delivered","delivered",1.0,1230
"SPE000542","TOP003325","SPE001098-TOP003325-covers","covers",1.0,1230
"SPE000542","TOP003326","SPE001098-TOP003326-covers","covers",1.0,1230
"SPE000542","TOP003327","SPE001098-TOP003327-covers","covers",1.0,1230
"SPE000542","SPE001106","SPE001106-delivered","delivered",1.0,1239
"SPE000542","TOP003352","SPE001106-TOP003352-covers","covers",1.0,1239
"SPE000542","TOP003353","SPE001106-TOP003353-covers","covers",1.0,1239
"SPE000542","TOP003354","SPE001106-TOP003354-covers","covers",1.0,1239
"SPE000542","SPE001108","SPE001108-delivered","delivered",1.0,1241
"SPE000542","TOP003358","SPE001108-TOP003358-covers","covers",1.0,1241
"SPE000542","TOP003359","SPE001108-TOP003359-covers","covers",1.0,1241
"SPE000542","TOP003360","SPE001108-TOP003360-covers","covers",1.0,1241
"SPE000542","SPE001116","SPE001116-delivered","delivered",1.0,1250
"SPE000542","TOP003385","SPE001116-TOP003385-covers","covers",1.0,1250
"SPE000542","TOP003386","SPE001116-TOP003386-covers","covers",1.0,1250
"SPE000542","TOP003387","SPE001116-TOP003387-covers","covers",1.0,1250
"SPE000542","SPE001130","SPE001130-delivered","delivered",1.0,1264
"SPE000542","TOP003426","SPE001130-TOP003426-covers","covers",1.0,1264
"SPE000542","TOP003427","SPE001130-TOP003427-covers","covers",1.0,1264
"SPE000542","SPE001160","SPE001160-delivered","delivered",1.0,1298
"SPE000542","TOP003524","SPE001160-TOP003524-covers","covers",1.0,1298
"SPE000542","TOP003525","SPE001160-TOP003525-covers","covers",1.0,1298
"SPE000542","TOP003526","SPE001160-TOP003526-covers","covers",1.0,1298
"SPE000543","DAT000475","SPE000543-held_on","held_on",1.0,624
"SPE000544","SPE000545","SPE000545-delivered","delivered",1.0,625
"SPE000544","TOP001646","SPE000545-TOP001646-covers","covers",1.0,625
"SPE000544","TOP001647","SPE000545-TOP001647-covers","covers",1.0,625
"SPE000544","TOP001648","SPE000545-TOP001648-covers","covers",1.0,625
"SPE000544","SPE000014","SPE000014-delivered","delivered",1.0,1060
"SPE000544","TOP001649","SPE000014-TOP001649-covers","covers",1.0,626
"SPE000544","TOP001650","SPE000014-TOP001650-covers","covers",1.0,626
"SPE000544","TOP001651","SPE000014-TOP001651-covers","covers",1.0,626
"SPE000544","SPE000549","SPE000549-delivered","delivered",1.0,630
"SPE000544","TOP001659","SPE000549-TOP001659-covers","covers",1.0,630
"SPE000544","TOP001660","SPE000549-TOP001660-covers","covers",1.0,630
"SPE000544","TOP001661","SPE000549-TOP001661-covers","covers",1.0,630
"SPE000544","SPE000552","SPE000552-delivered","delivered",1.0,633
"SPE000544","TOP001668","SPE000552-TOP001668-covers","covers",1.0,633
"SPE000544","TOP001669","SPE000552-TOP001669-covers","covers",1.0,633
"SPE000544","TOP001670","SPE000552-TOP001670-covers","covers",1.0,633
"SPE000544","SPE000554","SPE000554-delivered","delivered",1.0,635
"SPE000544","TOP001674","SPE000554-TOP001674-covers","covers",1.0,635
"SPE000544","TOP001675","SPE000554-TOP001675-covers","covers",1.0,635
"SPE000544","TOP001676","SPE000554-TOP001676-covers","covers",1.0,635
"SPE000544","SPE000433","SPE000433-delivered","delivered",1.0,1550
"SPE000544","TOP001635","SPE000433-TOP001635-covers","covers",1.0,639
"SPE000544","TOP001686","SPE000433-TOP001686-covers","covers",1.0,639
"SPE000544","TOP001687","SPE000433-TOP001687-covers","covers",1.0,639
"SPE000544","SPE000575","SPE000575-delivered","delivered",1.0,658
"SPE000544","TOP001739","SPE000575-TOP001739-covers","covers",1.0,658
"SPE000544","TOP001740","SPE000575-TOP001740-covers","covers",1.0,658
"SPE000544","TOP001741","SPE000575-TOP001741-covers","covers",1.0,658
"SPE000544","SPE000523","SPE000523-delivered","delivered",1.0,661
"SPE000544","TOP001747","SPE000523-TOP001747-covers","covers",1.0,661
"SPE000544","TOP001748","SPE000523-TOP001748-covers","covers",1.0,661
"SPE000544","TOP001749","SPE000523-TOP001749-covers","covers",1.0,661
"SPE000544","TOP001793","SPE000014-TOP001793-covers","covers",1.0,677
"SPE000544","TOP001794","SPE000014-TOP001794-covers","covers",1.0,677
"SPE000544","TOP001752","SPE000014-TOP001752-covers","covers",1.0,677
"SPE000544","SPE000093","SPE000093-delivered","delivered",1.0,1207
"SPE000544","TOP001815","SPE000093-TOP001815-covers","covers",1.0,685
"SPE000544","TOP001816","SPE000093-TOP001816-covers","covers",1.0,685
"SPE000544","TOP001817","SPE000093-TOP001817-covers","covers",1.0,685
"SPE000544","SPE000607","SPE000607-delivered","delivered",1.0,694
"SPE000544","TOP001840","SPE000607-TOP001840-covers","covers",1.0,694
"SPE000544","TOP001841","SPE000607-TOP001841-covers","covers",1.0,694
"SPE000544","TOP001842","SPE000607-TOP001842-covers","covers",1.0,694
"SPE000544","SPE000019","SPE000019-delivered","delivered",1.0,1037
"SPE000544","TOP001872","SPE000019-TOP001872-covers","covers",1.0,705
"SPE000544","TOP001873","SPE000019-TOP001873-covers","covers",1.0,705
"SPE000544","TOP001874","SPE000019-TOP001874-covers","covers",1.0,705
"SPE000544","SPE000511","SPE000511-delivered","delivered",1.0,707
"SPE000544","TOP001878","SPE000511-TOP001878-covers","covers",1.0,707
"SPE000544","TOP001879","SPE000511-TOP001879-covers","covers",1.0,707
"SPE000544","TOP001880","SPE000511-TOP001880-covers","covers",1.0,707
"SPE000544","SPE000619","SPE000619-delivered","delivered",1.0,708
"SPE000544","TOP001881","SPE000619-TOP001881-covers","covers",1.0,708
"SPE000544","TOP001882","SPE000619-TOP001882-covers","covers",1.0,708
"SPE000544","TOP001883","SPE000619-TOP001883-covers","covers",1.0,708
"SPE000544","SPE000623","SPE000623-delivered","delivered",1.0,712
"SPE000544","TOP001893","SPE000623-TOP001893-covers","covers",1.0,712
"SPE000544","TOP001894","SPE000623-TOP001894-covers","covers",1.0,712
"SPE000544","TOP001895","SPE000623-TOP001895-covers","covers",1.0,712
"SPE000544","TOP001917","SPE000019-TOP001917-covers","covers",1.0,720
"SPE000544","TOP001918","SPE000019-TOP001918-covers","covers",1.0,720
"SPE000544","TOP001919","SPE000019-TOP001919-covers","covers",1.0,720
"SPE000544","SPE000632","SPE000632-delivered","delivered",1.0,725
"SPE000544","TOP001932","SPE000632-TOP001932-covers","covers",1.0,725
"SPE000544","TOP001933","SPE000632-TOP001933-covers","covers",1.0,725
"SPE000544","TOP001934","SPE000632-TOP001934-covers","covers",1.0,725
"SPE000544","SPE000638","SPE000638-delivered","delivered",1.0,732
"SPE000544","TOP001952","SPE000638-TOP001952-covers","covers",1.0,732
"SPE000544","TOP001953","SPE000638-TOP001953-covers","covers",1.0,732
"SPE000544","TOP001954","SPE000638-TOP001954-covers","covers",1.0,732
"SPE000544","SPE000644","SPE000644-delivered","delivered",1.0,738
"SPE000544","TOP001970","SPE000644-TOP001970-covers","covers",1.0,738
"SPE000544","TOP001971","SPE000644-TOP001971-covers","covers",1.0,738
"SPE000544","TOP001972","SPE000644-TOP001972-covers","covers",1.0,738
"SPE000544","TOP001979","SPE000014-TOP001979-covers","covers",1.0,741
"SPE000544","TOP001980","SPE000014-TOP001980-covers","covers",1.0,741
"SPE000544","TOP001981","SPE000014-TOP001981-covers","covers",1.0,741
"SPE000544","SPE000653","SPE000653-delivered","delivered",1.0,748
"SPE000544","TOP001570","SPE000653-TOP001570-covers","covers",1.0,748
"SPE000544","TOP002000","SPE000653-TOP002000-covers","covers",1.0,748
"SPE000544","TOP002001","SPE000653-TOP002001-covers","covers",1.0,748
"SPE000544","TOP002005","SPE000019-TOP002005-covers","covers",1.0,750
"SPE000544","TOP002006","SPE000019-TOP002006-covers","covers",1.0,750
"SPE000544","TOP002007","SPE000019-TOP002007-covers","covers",1.0,750
"SPE000544","SPE000656","SPE000656-delivered","delivered",1.0,752
"SPE000544","TOP002011","SPE000656-TOP002011-covers","covers",1.0,752
"SPE000544","TOP002012","SPE000656-TOP002012-covers","covers",1.0,752
"SPE000544","TOP002013","SPE000656-TOP002013-covers","covers",1.0,752
"SPE000544","SPE000657","SPE000657-delivered","delivered",1.0,753
"SPE000544","TOP002014","SPE000657-TOP002014-covers","covers",1.0,753
"SPE000544","TOP002015","SPE000657-TOP002015-covers","covers",1.0,753
"SPE000544","TOP002016","SPE000657-TOP002016-covers","covers",1.0,753
"SPE000544","TOP002036","SPE000019-TOP002036-covers","covers",1.0,763
"SPE000544","TOP002037","SPE000019-TOP002037-covers","covers",1.0,763
"SPE000544","TOP002038","SPE000019-TOP002038-covers","covers",1.0,763
"SPE000544","TOP002053","SPE000093-TOP002053-covers","covers",1.0,771
"SPE000544","TOP002054","SPE000093-TOP002054-covers","covers",1.0,771
"SPE000544","TOP002055","SPE000093-TOP002055-covers","covers",1.0,771
"SPE000544","SPE000686","SPE000686-delivered","delivered",1.0,784
"SPE000544","TOP002090","SPE000686-TOP002090-covers","covers",1.0,784
"SPE000544","TOP002091","SPE000686-TOP002091-covers","covers",1.0,784
"SPE000544","TOP002092","SPE000686-TOP002092-covers","covers",1.0,784
"SPE000544","TOP002105","SPE000014-TOP002105-covers","covers",1.0,791
"SPE000544","TOP002106","SPE000014-TOP002106-covers","covers",1.0,791
"SPE000544","TOP002107","SPE000014-TOP002107-covers","covers",1.0,791
"SPE000544","SPE000694","SPE000694-delivered","delivered",1.0,794
"SPE000544","TOP002114","SPE000694-TOP002114-covers","covers",1.0,794
"SPE000544","TOP002115","SPE000694-TOP002115-covers","covers",1.0,794
"SPE000544","TOP002116","SPE000694-TOP002116-covers","covers",1.0,794
"SPE000544","TOP002142","SPE000093-TOP002142-covers","covers",1.0,804
"SPE000544","TOP002143","SPE000093-TOP002143-covers","covers",1.0,804
"SPE000544","TOP002144","SPE000093-TOP002144-covers","covers",1.0,804
"SPE000544","TOP002157","SPE000019-TOP002157-covers","covers",1.0,809
"SPE000544","TOP002158","SPE000019-TOP002158-covers","covers",1.0,809
"SPE000544","TOP002159","SPE000019-TOP002159-covers","covers",1.0,809
"SPE000544","SPE000717","SPE000717-delivered","delivered",1.0,820
"SPE000544","TOP002188","SPE000717-TOP002188-covers","covers",1.0,820
"SPE000544","TOP002189","SPE000717-TOP002189-covers","covers",1.0,820
"SPE000544","TOP000805","SPE000717-TOP000805-covers","covers",1.0,820
"SPE000544","TOP002231","SPE000019-TOP002231-covers","covers",1.0,836
"SPE000544","TOP002232","SPE000019-TOP002232-covers","covers",1.0,836
"SPE000544","TOP002233","SPE000019-TOP002233-covers","covers",1.0,836
"SPE000544","SPE000733","SPE000733-delivered","delivered",1.0,838
"SPE000544","TOP002237","SPE000733-TOP002237-covers","covers",1.0,838
"SPE000544","TOP002238","SPE000733-TOP002238-covers","covers",1.0,838
"SPE000544","TOP002239","SPE000733-TOP002239-covers","covers",1.0,838
"SPE000544","SPE000744","SPE000744-delivered","delivered",1.0,849
"SPE000544","TOP002270","SPE000744-TOP002270-covers","covers",1.0,849
"SPE000544","TOP002271","SPE000744-TOP002271-covers","covers",1.0,849
"SPE000544","TOP002272","SPE000744-TOP002272-covers","covers",1.0,849
"SPE000544","SPE000748","SPE000748-delivered","delivered",1.0,854
"SPE000544","TOP002285","SPE000748-TOP002285-covers","covers",1.0,854
"SPE000544","TOP002286","SPE000748-TOP002286-covers","covers",1.0,854
"SPE000544","TOP002287","SPE000748-TOP002287-covers","covers",1.0,854
"SPE000544","TOP002302","SPE000014-TOP002302-covers","covers",1.0,930
"SPE000544","TOP002303","SPE000014-TOP002303-covers","covers",1.0,860
"SPE000544","TOP002304","SPE000014-TOP002304-covers","covers",1.0,860
"SPE000544","TOP002326","SPE000019-TOP002326-covers","covers",1.0,870
"SPE000544","TOP002327","SPE000019-TOP002327-covers","covers",1.0,870
"SPE000544","TOP002328","SPE000019-TOP002328-covers","covers",1.0,870
"SPE000544","SPE000766","SPE000766-delivered","delivered",1.0,875
"SPE000544","TOP002341","SPE000766-TOP002341-covers","covers",1.0,875
"SPE000544","TOP002342","SPE000766-TOP002342-covers","covers",1.0,875
"SPE000544","TOP002343","SPE000766-TOP002343-covers","covers",1.0,875
"SPE000544","SPE000768","SPE000768-delivered","delivered",1.0,877
"SPE000544","TOP002347","SPE000768-TOP002347-covers","covers",1.0,877
"SPE000544","TOP002348","SPE000768-TOP002348-covers","covers",1.0,877
"SPE000544","TOP002349","SPE000768-TOP002349-covers","covers",1.0,877
"SPE000544","SPE000778","SPE000778-delivered","delivered",1.0,887
"SPE000544","TOP002377","SPE000778-TOP002377-covers","covers",1.0,887
"SPE000544","TOP002378","SPE000778-TOP002378-covers","covers",1.0,887
"SPE000544","TOP002379","SPE000778-TOP002379-covers","covers",1.0,887
"SPE000544","SPE000779","SPE000779-delivered","delivered",1.0,888
"SPE000544","TOP002380","SPE000779-TOP002380-covers","covers",1.0,888
"SPE000544","TOP002381","SPE000779-TOP002381-covers","covers",1.0,888
"SPE000544","TOP002382","SPE000779-TOP002382-covers","covers",1.0,888
"SPE000544","SPE000792","SPE000792-delivered","delivered",1.0,901
"SPE000544","TOP002416","SPE000792-TOP002416-covers","covers",1.0,901
"SPE000544","TOP002417","SPE000792-TOP002417-covers","covers",1.0,901
"SPE000544","TOP002418","SPE000792-TOP002418-covers","covers",1.0,901
"SPE000544","TOP002440","SPE000019-TOP002440-covers","covers",1.0,910
"SPE000544","TOP002441","SPE000019-TOP002441-covers","covers",1.0,910
"SPE000544","TOP002442","SPE000019-TOP002442-covers","covers",1.0,910
"SPE000544","SPE000801","SPE000801-delivered","delivered",1.0,912
"SPE000544","TOP002446","SPE000801-TOP002446-covers","covers",1.0,912
"SPE000544","TOP002447","SPE000801-TOP002447-covers","covers",1.0,912
"SPE000544","TOP002448","SPE000801-TOP002448-covers","covers",1.0,912
"SPE000544","SPE000805","SPE000805-delivered","delivered",1.0,916
"SPE000544","TOP002458","SPE000805-TOP002458-covers","covers",1.0,916
"SPE000544","TOP001586","SPE000805-TOP001586-covers","covers",1.0,916
"SPE000544","TOP002459","SPE000805-TOP002459-covers","covers",1.0,916
"SPE000544","SPE000813","SPE000813-delivered","delivered",1.0,924
"SPE000544","TOP002475","SPE000813-TOP002475-covers","covers",1.0,924
"SPE000544","TOP002476","SPE000813-TOP002476-covers","covers",1.0,924
"SPE000544","TOP002477","SPE000813-TOP002477-covers","covers",1.0,924
"SPE000544","SPE000816","SPE000816-delivered","delivered",1.0,927
"SPE000544","TOP002484","SPE000816-TOP002484-covers","covers",1.0,927
"SPE000544","TOP002485","SPE000816-TOP002485-covers","covers",1.0,927
"SPE000544","TOP002486","SPE000816-TOP002486-covers","covers",1.0,927
"SPE000544","TOP002493","SPE000014-TOP002493-covers","covers",1.0,930
"SPE000544","TOP002494","SPE000014-TOP002494-covers","covers",1.0,930
"SPE000544","SPE000827","SPE000827-delivered","delivered",1.0,939
"SPE000544","TOP002517","SPE000827-TOP002517-covers","covers",1.0,939
"SPE000544","TOP002518","SPE000827-TOP002518-covers","covers",1.0,939
"SPE000544","TOP002519","SPE000827-TOP002519-covers","covers",1.0,939
"SPE000544","SPE000828","SPE000828-delivered","delivered",1.0,940
"SPE000544","TOP002520","SPE000828-TOP002520-covers","covers",1.0,940
"SPE000544","TOP002521","SPE000828-TOP002521-covers","covers",1.0,940
"SPE000544","TOP002522","SPE000828-TOP002522-covers","covers",1.0,940
"SPE000544","SPE000843","SPE000843-delivered","delivered",1.0,956
"SPE000544","TOP002562","SPE000843-TOP002562-covers","covers",1.0,956
"SPE000544","TOP002563","SPE000843-TOP002563-covers","covers",1.0,956
"SPE000544","TOP002564","SPE000843-TOP002564-covers","covers",1.0,956
"SPE000544","TOP002581","SPE000019-TOP002581-covers","covers",1.0,963
"SPE000544","TOP002582","SPE000019-TOP002582-covers","covers",1.0,963
"SPE000544","TOP002583","SPE000019-TOP002583-covers","covers",1.0,963
"SPE000544","SPE000853","SPE000853-delivered","delivered",1.0,967
"SPE000544","TOP002591","SPE000853-TOP002591-covers","covers",1.0,967
"SPE000544","TOP002592","SPE000853-TOP002592-covers","covers",1.0,967
"SPE000544","TOP002593","SPE000853-TOP002593-covers","covers",1.0,967
"SPE000544","SPE000201","SPE000201-delivered","delivered",1.0,1019
"SPE000544","TOP000062","SPE000201-TOP000062-covers","covers",1.0,969
"SPE000544","TOP002597","SPE000201-TOP002597-covers","covers",1.0,969
"SPE000544","TOP002598","SPE000201-TOP002598-covers","covers",1.0,969
"SPE000544","SPE000858","SPE000858-delivered","delivered",1.0,973
"SPE000544","TOP002608","SPE000858-TOP002608-covers","covers",1.0,973
"SPE000544","TOP002609","SPE000858-TOP002609-covers","covers",1.0,973
"SPE000544","TOP002610","SPE000858-TOP002610-covers","covers",1.0,973
"SPE000544","SPE000865","SPE000865-delivered","delivered",1.0,980
"SPE000544","TOP002627","SPE000865-TOP002627-covers","covers",1.0,980
"SPE000544","TOP002628","SPE000865-TOP002628-covers","covers",1.0,980
"SPE000544","TOP002629","SPE000865-TOP002629-covers","covers",1.0,980
"SPE000544","TOP002630","SPE000019-TOP002630-covers","covers",1.0,981
"SPE000544","TOP002631","SPE000019-TOP002631-covers","covers",1.0,981
"SPE000544","TOP002632","SPE000019-TOP002632-covers","covers",1.0,981
"SPE000544","SPE000868","SPE000868-delivered","delivered",1.0,984
"SPE000544","TOP002639","SPE000868-TOP002639-covers","covers",1.0,984
"SPE000544","TOP002640","SPE000868-TOP002640-covers","covers",1.0,984
"SPE000544","TOP002641","SPE000868-TOP002641-covers","covers",1.0,984
"SPE000544","SPE000871","SPE000871-delivered","delivered",1.0,987
"SPE000544","TOP002648","SPE000871-TOP002648-covers","covers",1.0,987
"SPE000544","TOP002649","SPE000871-TOP002649-covers","covers",1.0,987
"SPE000544","TOP002650","SPE000871-TOP002650-covers","covers",1.0,987
"SPE000544","SPE000875","SPE000875-delivered","delivered",1.0,991
"SPE000544","TOP002660","SPE000875-TOP002660-covers","covers",1.0,991
"SPE000544","TOP002661","SPE000875-TOP002661-covers","covers",1.0,991
"SPE000544","TOP002662","SPE000875-TOP002662-covers","covers",1.0,991
"SPE000544","SPE000885","SPE000885-delivered","delivered",1.0,1002
"SPE000544","TOP002692","SPE000885-TOP002692-covers","covers",1.0,1002
"SPE000544","TOP002693","SPE000885-TOP002693-covers","covers",1.0,1002
"SPE000544","TOP002694","SPE000885-TOP002694-covers","covers",1.0,1002
"SPE000544","TOP002709","SPE000014-TOP002709-covers","covers",1.0,1008
"SPE000544","TOP002710","SPE000014-TOP002710-covers","covers",1.0,1008
"SPE000544","TOP002711","SPE000014-TOP002711-covers","covers",1.0,1008
"SPE000544","SPE000893","SPE000893-delivered","delivered",1.0,1013
"SPE000544","TOP002371","SPE000893-TOP002371-covers","covers",1.0,1013
"SPE000544","TOP002371","SPE001214-TOP002371-covers","covers",1.0,1354
"SPE000544","TOP002720","SPE000893-TOP002720-covers","covers",1.0,1013
"SPE000544","TOP002721","SPE000893-TOP002721-covers","covers",1.0,1013
"SPE000544","SPE000894","SPE000894-delivered","delivered",1.0,1014
"SPE000544","TOP002722","SPE000894-TOP002722-covers","covers",1.0,1014
"SPE000544","TOP002723","SPE000894-TOP002723-covers","covers",1.0,1014
"SPE000544","TOP002724","SPE000894-TOP002724-covers","covers",1.0,1014
"SPE000544","TOP002728","SPE000019-TOP002728-covers","covers",1.0,1016
"SPE000544","TOP002729","SPE000019-TOP002729-covers","covers",1.0,1016
"SPE000544","TOP002730","SPE000019-TOP002730-covers","covers",1.0,1016
"SPE000544","TOP002737","SPE000201-TOP002737-covers","covers",1.0,1019
"SPE000544","TOP002738","SPE000201-TOP002738-covers","covers",1.0,1019
"SPE000544","TOP002739","SPE000201-TOP002739-covers","covers",1.0,1019
"SPE000544","SPE000902","SPE000902-delivered","delivered",1.0,1024
"SPE000544","TOP002752","SPE000902-TOP002752-covers","covers",1.0,1024
"SPE000544","TOP002753","SPE000902-TOP002753-covers","covers",1.0,1024
"SPE000544","TOP002754","SPE000902-TOP002754-covers","covers",1.0,1024
"SPE000544","SPE000909","SPE000909-delivered","delivered",1.0,1031
"SPE000544","TOP002770","SPE000909-TOP002770-covers","covers",1.0,1031
"SPE000544","TOP002771","SPE000909-TOP002771-covers","covers",1.0,1031
"SPE000544","TOP001328","SPE000909-TOP001328-covers","covers",1.0,1031
"SPE000544","SPE000913","SPE000913-delivered","delivered",1.0,1035
"SPE000544","TOP002781","SPE000913-TOP002781-covers","covers",1.0,1035
"SPE000544","TOP002782","SPE000913-TOP002782-covers","covers",1.0,1035
"SPE000544","TOP002783","SPE000913-TOP002783-covers","covers",1.0,1035
"SPE000544","TOP002786","SPE000019-TOP002786-covers","covers",1.0,1037
"SPE000544","TOP002787","SPE000019-TOP002787-covers","covers",1.0,1037
"SPE000544","TOP002788","SPE000019-TOP002788-covers","covers",1.0,1037
"SPE000544","SPE000917","SPE000917-delivered","delivered",1.0,1040
"SPE000544","TOP002795","SPE000917-TOP002795-covers","covers",1.0,1040
"SPE000544","TOP002796","SPE000917-TOP002796-covers","covers",1.0,1040
"SPE000544","TOP002797","SPE000917-TOP002797-covers","covers",1.0,1040
"SPE000544","SPE000922","SPE000922-delivered","delivered",1.0,1045
"SPE000544","TOP002810","SPE000922-TOP002810-covers","covers",1.0,1045
"SPE000544","TOP002811","SPE000922-TOP002811-covers","covers",1.0,1045
"SPE000544","TOP002812","SPE000922-TOP002812-covers","covers",1.0,1045
"SPE000544","SPE000926","SPE000926-delivered","delivered",1.0,1049
"SPE000544","TOP002822","SPE000926-TOP002822-covers","covers",1.0,1049
"SPE000544","TOP002823","SPE000926-TOP002823-covers","covers",1.0,1049
"SPE000544","TOP002824","SPE000926-TOP002824-covers","covers",1.0,1049
"SPE000544","SPE000931","SPE000931-delivered","delivered",1.0,1054
"SPE000544","TOP002834","SPE000931-TOP002834-covers","covers",1.0,1054
"SPE000544","TOP002835","SPE000931-TOP002835-covers","covers",1.0,1054
"SPE000544","TOP002836","SPE000931-TOP002836-covers","covers",1.0,1054
"SPE000544","TOP002849","SPE000014-TOP002849-covers","covers",1.0,1060
"SPE000544","TOP002850","SPE000014-TOP002850-covers","covers",1.0,1060
"SPE000544","TOP002851","SPE000014-TOP002851-covers","covers",1.0,1060
"SPE000544","SPE000939","SPE000939-delivered","delivered",1.0,1063
"SPE000544","TOP002858","SPE000939-TOP002858-covers","covers",1.0,1063
"SPE000544","TOP002859","SPE000939-TOP002859-covers","covers",1.0,1063
"SPE000544","TOP002860","SPE000939-TOP002860-covers","covers",1.0,1063
"SPE000544","SPE000951","SPE000951-delivered","delivered",1.0,1156
"SPE000544","TOP002890","SPE000951-TOP002890-covers","covers",1.0,1075
"SPE000544","TOP002891","SPE000951-TOP002891-covers","covers",1.0,1075
"SPE000544","TOP002892","SPE000951-TOP002892-covers","covers",1.0,1075
"SPE000544","SPE000954","SPE000954-delivered","delivered",1.0,1078
"SPE000544","TOP002899","SPE000954-TOP002899-covers","covers",1.0,1078
"SPE000544","TOP002900","SPE000954-TOP002900-covers","covers",1.0,1078
"SPE000544","TOP002901","SPE000954-TOP002901-covers","covers",1.0,1078
"SPE000544","SPE000956","SPE000956-delivered","delivered",1.0,1080
"SPE000544","TOP002904","SPE000956-TOP002904-covers","covers",1.0,1080
"SPE000544","TOP002905","SPE000956-TOP002905-covers","covers",1.0,1080
"SPE000544","TOP002906","SPE000956-TOP002906-covers","covers",1.0,1080
"SPE000544","SPE000960","SPE000960-delivered","delivered",1.0,1084
"SPE000544","TOP002916","SPE000960-TOP002916-covers","covers",1.0,1084
"SPE000544","TOP002917","SPE000960-TOP002917-covers","covers",1.0,1084
"SPE000544","TOP002918","SPE000960-TOP002918-covers","covers",1.0,1084
"SPE000544","SPE000967","SPE000967-delivered","delivered",1.0,1091
"SPE000544","TOP002937","SPE000967-TOP002937-covers","covers",1.0,1091
"SPE000544","TOP002938","SPE000967-TOP002938-covers","covers",1.0,1091
"SPE000544","TOP002939","SPE000967-TOP002939-covers","covers",1.0,1091
"SPE000544","SPE000970","SPE000970-delivered","delivered",1.0,1094
"SPE000544","TOP002945","SPE000970-TOP002945-covers","covers",1.0,1094
"SPE000544","TOP002946","SPE000970-TOP002946-covers","covers",1.0,1094
"SPE000544","TOP002947","SPE000970-TOP002947-covers","covers",1.0,1094
"SPE000544","SPE000975","SPE000975-delivered","delivered",1.0,1099
"SPE000544","TOP002960","SPE000975-TOP002960-covers","covers",1.0,1099
"SPE000544","TOP000299","SPE000975-TOP000299-covers","covers",1.0,1099
"SPE000544","TOP002961","SPE000975-TOP002961-covers","covers",1.0,1099
"SPE000544","TOP002982","SPE000951-TOP002982-covers","covers",1.0,1107
"SPE000544","TOP002983","SPE000951-TOP002983-covers","covers",1.0,1107
"SPE000544","TOP002984","SPE000951-TOP002984-covers","covers",1.0,1107
"SPE000544","SPE000983","SPE000983-delivered","delivered",1.0,1109
"SPE000544","TOP002988","SPE000983-TOP002988-covers","covers",1.0,1109
"SPE000544","TOP002989","SPE000983-TOP002989-covers","covers",1.0,1109
"SPE000544","TOP002990","SPE000983-TOP002990-covers","covers",1.0,1109
"SPE000544","SPE000986","SPE000986-delivered","delivered",1.0,1112
"SPE000544","TOP002996","SPE000986-TOP002996-covers","covers",1.0,1112
"SPE000544","TOP002997","SPE000986-TOP002997-covers","covers",1.0,1112
"SPE000544","TOP002998","SPE000986-TOP002998-covers","covers",1.0,1112
"SPE000544","SPE000989","SPE000989-delivered","delivered",1.0,1115
"SPE000544","TOP003004","SPE000989-TOP003004-covers","covers",1.0,1115
"SPE000544","TOP003005","SPE000989-TOP003005-covers","covers",1.0,1115
"SPE000544","TOP003006","SPE000989-TOP003006-covers","covers",1.0,1115
"SPE000544","SPE000990","SPE000990-delivered","delivered",1.0,1116
"SPE000544","TOP003007","SPE000990-TOP003007-covers","covers",1.0,1116
"SPE000544","TOP003008","SPE000990-TOP003008-covers","covers",1.0,1116
"SPE000544","TOP003009","SPE000990-TOP003009-covers","covers",1.0,1116
"SPE000544","SPE001003","SPE001003-delivered","delivered",1.0,1339
"SPE000544","TOP003041","SPE001003-TOP003041-covers","covers",1.0,1129
"SPE000544","TOP003042","SPE001003-TOP003042-covers","covers",1.0,1129
"SPE000544","TOP002457","SPE001003-TOP002457-covers","covers",1.0,1129
"SPE000544","SPE001005","SPE001005-delivered","delivered",1.0,1131
"SPE000544","TOP003046","SPE001005-TOP003046-covers","covers",1.0,1131
"SPE000544","TOP003047","SPE001005-TOP003047-covers","covers",1.0,1131
"SPE000544","TOP003048","SPE001005-TOP003048-covers","covers",1.0,1131
"SPE000544","SPE001007","SPE001007-delivered","delivered",1.0,1133
"SPE000544","TOP003052","SPE001007-TOP003052-covers","covers",1.0,1133
"SPE000544","TOP003053","SPE001007-TOP003053-covers","covers",1.0,1133
"SPE000544","TOP003054","SPE001007-TOP003054-covers","covers",1.0,1133
"SPE000544","SPE001012","SPE001012-delivered","delivered",1.0,1138
"SPE000544","TOP003065","SPE001012-TOP003065-covers","covers",1.0,1138
"SPE000544","TOP003066","SPE001012-TOP003066-covers","covers",1.0,1138
"SPE000544","TOP003067","SPE001012-TOP003067-covers","covers",1.0,1138
"SPE000544","SPE001025","SPE001025-delivered","delivered",1.0,1151
"SPE000544","TOP003100","SPE001025-TOP003100-covers","covers",1.0,1151
"SPE000544","TOP003101","SPE001025-TOP003101-covers","covers",1.0,1151
"SPE000544","TOP003102","SPE001025-TOP003102-covers","covers",1.0,1151
"SPE000544","TOP003115","SPE000951-TOP003115-covers","covers",1.0,1156
"SPE000544","TOP003116","SPE000951-TOP003116-covers","covers",1.0,1156
"SPE000544","TOP003117","SPE000951-TOP003117-covers","covers",1.0,1156
"SPE000544","SPE001034","SPE001034-delivered","delivered",1.0,1161
"SPE000544","TOP003130","SPE001034-TOP003130-covers","covers",1.0,1161
"SPE000544","TOP003131","SPE001034-TOP003131-covers","covers",1.0,1161
"SPE000544","TOP003132","SPE001034-TOP003132-covers","covers",1.0,1161
"SPE000544","SPE001037","SPE001037-delivered","delivered",1.0,1164
"SPE000544","TOP003139","SPE001037-TOP003139-covers","covers",1.0,1164
"SPE000544","TOP003140","SPE001037-TOP003140-covers","covers",1.0,1164
"SPE000544","TOP003108","SPE001037-TOP003108-covers","covers",1.0,1164
"SPE000544","TOP003163","SPE001003-TOP003163-covers","covers",1.0,1173
"SPE000544","TOP003164","SPE001003-TOP003164-covers","covers",1.0,1173
"SPE000544","TOP003165","SPE001003-TOP003165-covers","covers",1.0,1173
"SPE000544","SPE001049","SPE001049-delivered","delivered",1.0,1177
"SPE000544","TOP003175","SPE001049-TOP003175-covers","covers",1.0,1177
"SPE000544","TOP003176","SPE001049-TOP003176-covers","covers",1.0,1177
"SPE000544","TOP003177","SPE001049-TOP003177-covers","covers",1.0,1177
"SPE000544","SPE001051","SPE001051-delivered","delivered",1.0,1179
"SPE000544","TOP003180","SPE001051-TOP003180-covers","covers",1.0,1179
"SPE000544","TOP003181","SPE001051-TOP003181-covers","covers",1.0,1179
"SPE000544","TOP003182","SPE001051-TOP003182-covers","covers",1.0,1179
"SPE000544","SPE001052","SPE001052-delivered","delivered",1.0,1180
"SPE000544","TOP003183","SPE001052-TOP003183-covers","covers",1.0,1180
"SPE000544","TOP003184","SPE001052-TOP003184-covers","covers",1.0,1180
"SPE000544","TOP003185","SPE001052-TOP003185-covers","covers",1.0,1180
"SPE000544","SPE001053","SPE001053-delivered","delivered",1.0,1182
"SPE000544","TOP003189","SPE001053-TOP003189-covers","covers",1.0,1182
"SPE000544","TOP003190","SPE001053-TOP003190-covers","covers",1.0,1182
"SPE000544","TOP003191","SPE001053-TOP003191-covers","covers",1.0,1182
"SPE000544","SPE001055","SPE001055-delivered","delivered",1.0,1184
"SPE000544","TOP003194","SPE001055-TOP003194-covers","covers",1.0,1184
"SPE000544","TOP003195","SPE001055-TOP003195-covers","covers",1.0,1184
"SPE000544","TOP003196","SPE001055-TOP003196-covers","covers",1.0,1184
"SPE000544","SPE001058","SPE001058-delivered","delivered",1.0,1187
"SPE000544","TOP003202","SPE001058-TOP003202-covers","covers",1.0,1187
"SPE000544","TOP003203","SPE001058-TOP003203-covers","covers",1.0,1187
"SPE000544","TOP003204","SPE001058-TOP003204-covers","covers",1.0,1187
"SPE000544","SPE001063","SPE001063-delivered","delivered",1.0,1192
"SPE000544","TOP003215","SPE001063-TOP003215-covers","covers",1.0,1192
"SPE000544","TOP003216","SPE001063-TOP003216-covers","covers",1.0,1192
"SPE000544","TOP003217","SPE001063-TOP003217-covers","covers",1.0,1192
"SPE000544","SPE001064","SPE001064-delivered","delivered",1.0,1193
"SPE000544","TOP003218","SPE001064-TOP003218-covers","covers",1.0,1193
"SPE000544","TOP003219","SPE001064-TOP003219-covers","covers",1.0,1193
"SPE000544","TOP003220","SPE001064-TOP003220-covers","covers",1.0,1193
"SPE000544","SPE001073","SPE001073-delivered","delivered",1.0,1203
"SPE000544","TOP003248","SPE001073-TOP003248-covers","covers",1.0,1203
"SPE000544","TOP003249","SPE001073-TOP003249-covers","covers",1.0,1203
"SPE000544","TOP003250","SPE001073-TOP003250-covers","covers",1.0,1203
"SPE000544","SPE001074","SPE001074-delivered","delivered",1.0,1204
"SPE000544","TOP003251","SPE001074-TOP003251-covers","covers",1.0,1204
"SPE000544","TOP003252","SPE001074-TOP003252-covers","covers",1.0,1204
"SPE000544","TOP003253","SPE001074-TOP003253-covers","covers",1.0,1204
"SPE000544","TOP003259","SPE000093-TOP003259-covers","covers",1.0,1207
"SPE000544","TOP003260","SPE000093-TOP003260-covers","covers",1.0,1207
"SPE000544","TOP003261","SPE000093-TOP003261-covers","covers",1.0,1207
"SPE000544","SPE001077","SPE001077-delivered","delivered",1.0,1208
"SPE000544","TOP003262","SPE001077-TOP003262-covers","covers",1.0,1208
"SPE000544","TOP003263","SPE001077-TOP003263-covers","covers",1.0,1208
"SPE000544","TOP003264","SPE001077-TOP003264-covers","covers",1.0,1208
"SPE000544","SPE001080","SPE001080-delivered","delivered",1.0,1234
"SPE000544","TOP003271","SPE001080-TOP003271-covers","covers",1.0,1211
"SPE000544","TOP003272","SPE001080-TOP003272-covers","covers",1.0,1211
"SPE000544","TOP003273","SPE001080-TOP003273-covers","covers",1.0,1211
"SPE000544","SPE001084","SPE001084-delivered","delivered",1.0,1215
"SPE000544","TOP003282","SPE001084-TOP003282-covers","covers",1.0,1215
"SPE000544","TOP003283","SPE001084-TOP003283-covers","covers",1.0,1215
"SPE000544","TOP003284","SPE001084-TOP003284-covers","covers",1.0,1215
"SPE000544","SPE001087","SPE001087-delivered","delivered",1.0,1218
"SPE000544","TOP003291","SPE001087-TOP003291-covers","covers",1.0,1218
"SPE000544","TOP003292","SPE001087-TOP003292-covers","covers",1.0,1218
"SPE000544","TOP003292","SPE001280-TOP003292-covers","covers",1.0,1421
"SPE000544","TOP000153","SPE001087-TOP000153-covers","covers",1.0,1218
"SPE000544","SPE001093","SPE001093-delivered","delivered",1.0,1225
"SPE000544","TOP003311","SPE001093-TOP003311-covers","covers",1.0,1225
"SPE000544","TOP003312","SPE001093-TOP003312-covers","covers",1.0,1225
"SPE000544","TOP003313","SPE001093-TOP003313-covers","covers",1.0,1225
"SPE000544","SPE001095","SPE001095-delivered","delivered",1.0,1227
"SPE000544","TOP003316","SPE001095-TOP003316-covers","covers",1.0,1227
"SPE000544","TOP003317","SPE001095-TOP003317-covers","covers",1.0,1227
"SPE000544","TOP003318","SPE001095-TOP003318-covers","covers",1.0,1227
"SPE000544","SPE001096","SPE001096-delivered","delivered",1.0,1228
"SPE000544","TOP003319","SPE001096-TOP003319-covers","covers",1.0,1228
"SPE000544","TOP003320","SPE001096-TOP003320-covers","covers",1.0,1228
"SPE000544","TOP003321","SPE001096-TOP003321-covers","covers",1.0,1228
"SPE000544","SPE001101","SPE001101-delivered","delivered",1.0,1233
"SPE000544","TOP003334","SPE001101-TOP003334-covers","covers",1.0,1233
"SPE000544","TOP003335","SPE001101-TOP003335-covers","covers",1.0,1233
"SPE000544","TOP003336","SPE001101-TOP003336-covers","covers",1.0,1233
"SPE000544","TOP003337","SPE001080-TOP003337-covers","covers",1.0,1234
"SPE000544","TOP003338","SPE001080-TOP003338-covers","covers",1.0,1234
"SPE000544","TOP003339","SPE001080-TOP003339-covers","covers",1.0,1234
"SPE000544","SPE001103","SPE001103-delivered","delivered",1.0,1236
"SPE000544","TOP003343","SPE001103-TOP003343-covers","covers",1.0,1236
"SPE000544","TOP003344","SPE001103-TOP003344-covers","covers",1.0,1236
"SPE000544","TOP003345","SPE001103-TOP003345-covers","covers",1.0,1236
"SPE000544","SPE001110","SPE001110-delivered","delivered",1.0,1243
"SPE000544","TOP003364","SPE001110-TOP003364-covers","covers",1.0,1243
"SPE000544","TOP003365","SPE001110-TOP003365-covers","covers",1.0,1243
"SPE000544","TOP003366","SPE001110-TOP003366-covers","covers",1.0,1243
"SPE000544","TOP003373","SPE000433-TOP003373-covers","covers",1.0,1246
"SPE000544","TOP003374","SPE000433-TOP003374-covers","covers",1.0,1246
"SPE000544","TOP003375","SPE000433-TOP003375-covers","covers",1.0,1246
"SPE000544","SPE001113","SPE001113-delivered","delivered",1.0,1247
"SPE000544","TOP003376","SPE001113-TOP003376-covers","covers",1.0,1247
"SPE000544","TOP003377","SPE001113-TOP003377-covers","covers",1.0,1247
"SPE000544","TOP003378","SPE001113-TOP003378-covers","covers",1.0,1247
"SPE000544","SPE001128","SPE001128-delivered","delivered",1.0,1262
"SPE000544","TOP003420","SPE001128-TOP003420-covers","covers",1.0,1262
"SPE000544","TOP003421","SPE001128-TOP003421-covers","covers",1.0,1262
"SPE000544","TOP003422","SPE001128-TOP003422-covers","covers",1.0,1262
"SPE000544","SPE001142","SPE001142-delivered","delivered",1.0,1277
"SPE000544","TOP003463","SPE001142-TOP003463-covers","covers",1.0,1277
"SPE000544","TOP003464","SPE001142-TOP003464-covers","covers",1.0,1277
"SPE000544","TOP003465","SPE001142-TOP003465-covers","covers",1.0,1277
"SPE000544","TOP003471","SPE001003-TOP003471-covers","covers",1.0,1280
"SPE000544","TOP003472","SPE001003-TOP003472-covers","covers",1.0,1280
"SPE000544","TOP003473","SPE001003-TOP003473-covers","covers",1.0,1280
"SPE000544","SPE001150","SPE001150-delivered","delivered",1.0,1286
"SPE000544","TOP003488","SPE001150-TOP003488-covers","covers",1.0,1286
"SPE000544","TOP003489","SPE001150-TOP003489-covers","covers",1.0,1286
"SPE000544","TOP003490","SPE001150-TOP003490-covers","covers",1.0,1286
"SPE000544","TOP003503","SPE000433-TOP003503-covers","covers",1.0,1291
"SPE000544","TOP003504","SPE000433-TOP003504-covers","covers",1.0,1291
"SPE000544","TOP003505","SPE000433-TOP003505-covers","covers",1.0,1291
"SPE000544","SPE001155","SPE001155-delivered","delivered",1.0,1292
"SPE000544","TOP003506","SPE001155-TOP003506-covers","covers",1.0,1292
"SPE000544","TOP003507","SPE001155-TOP003507-covers","covers",1.0,1292
"SPE000544","TOP003508","SPE001155-TOP003508-covers","covers",1.0,1292
"SPE000544","SPE001159","SPE001159-delivered","delivered",1.0,1296
"SPE000544","TOP003518","SPE001159-TOP003518-covers","covers",1.0,1296
"SPE000544","TOP003519","SPE001159-TOP003519-covers","covers",1.0,1296
"SPE000544","TOP003520","SPE001159-TOP003520-covers","covers",1.0,1296
"SPE000544","TOP003548","SPE000433-TOP003548-covers","covers",1.0,1306
"SPE000544","TOP003549","SPE000433-TOP003549-covers","covers",1.0,1306
"SPE000544","TOP003550","SPE000433-TOP003550-covers","covers",1.0,1306
"SPE000544","SPE001171","SPE001171-delivered","delivered",1.0,1309
"SPE000544","TOP003557","SPE001171-TOP003557-covers","covers",1.0,1309
"SPE000544","TOP003558","SPE001171-TOP003558-covers","covers",1.0,1309
"SPE000544","TOP003559","SPE001171-TOP003559-covers","covers",1.0,1309
"SPE000544","SPE001172","SPE001172-delivered","delivered",1.0,1310
"SPE000544","TOP003560","SPE001172-TOP003560-covers","covers",1.0,1310
"SPE000544","TOP003561","SPE001172-TOP003561-covers","covers",1.0,1310
"SPE000544","TOP003562","SPE001172-TOP003562-covers","covers",1.0,1310
"SPE000544","SPE001182","SPE001182-delivered","delivered",1.0,1320
"SPE000544","TOP003588","SPE001182-TOP003588-covers","covers",1.0,1320
"SPE000544","TOP003589","SPE001182-TOP003589-covers","covers",1.0,1320
"SPE000544","TOP001228","SPE001182-TOP001228-covers","covers",1.0,1320
"SPE000544","SPE001184","SPE001184-delivered","delivered",1.0,1322
"SPE000544","TOP003593","SPE001184-TOP003593-covers","covers",1.0,1322
"SPE000544","TOP003594","SPE001184-TOP003594-covers","covers",1.0,1322
"SPE000544","TOP003595","SPE001184-TOP003595-covers","covers",1.0,1322
"SPE000544","TOP003640","SPE001003-TOP003640-covers","covers",1.0,1339
"SPE000544","TOP003641","SPE001003-TOP003641-covers","covers",1.0,1339
"SPE000544","TOP003642","SPE001003-TOP003642-covers","covers",1.0,1339
"SPE000544","SPE001201","SPE001201-delivered","delivered",1.0,1340
"SPE000544","TOP003643","SPE001201-TOP003643-covers","covers",1.0,1340
"SPE000544","TOP003644","SPE001201-TOP003644-covers","covers",1.0,1340
"SPE000544","TOP003645","SPE001201-TOP003645-covers","covers",1.0,1340
"SPE000544","SPE001202","SPE001202-delivered","delivered",1.0,1341
"SPE000544","TOP003646","SPE001202-TOP003646-covers","covers",1.0,1341
"SPE000544","TOP003647","SPE001202-TOP003647-covers","covers",1.0,1341
"SPE000544","TOP003648","SPE001202-TOP003648-covers","covers",1.0,1341
"SPE000544","TOP003481","SPE000433-TOP003481-covers","covers",1.0,1352
"SPE000544","TOP003678","SPE000433-TOP003678-covers","covers",1.0,1352
"SPE000544","TOP003679","SPE000433-TOP003679-covers","covers",1.0,1352
"SPE000544","SPE001213","SPE001213-delivered","delivered",1.0,1353
"SPE000544","TOP003680","SPE001213-TOP003680-covers","covers",1.0,1353
"SPE000544","TOP003681","SPE001213-TOP003681-covers","covers",1.0,1353
"SPE000544","TOP003682","SPE001213-TOP003682-covers","covers",1.0,1353
"SPE000544","SPE001214","SPE001214-delivered","delivered",1.0,1354
"SPE000544","TOP003683","SPE001214-TOP003683-covers","covers",1.0,1354
"SPE000544","TOP003684","SPE001214-TOP003684-covers","covers",1.0,1354
"SPE000544","TOP003728","SPE000433-TOP003728-covers","covers",1.0,1370
"SPE000544","TOP003729","SPE000433-TOP003729-covers","covers",1.0,1370
"SPE000544","TOP003729","SPE001290-TOP003729-covers","covers",1.0,1447
"SPE000544","TOP003730","SPE000433-TOP003730-covers","covers",1.0,1370
"SPE000544","SPE001233","SPE001233-delivered","delivered",1.0,1374
"SPE000544","TOP003740","SPE001233-TOP003740-covers","covers",1.0,1374
"SPE000544","TOP003741","SPE001233-TOP003741-covers","covers",1.0,1374
"SPE000544","TOP003742","SPE001233-TOP003742-covers","covers",1.0,1374
"SPE000544","SPE001234","SPE001234-delivered","delivered",1.0,1375
"SPE000544","TOP003743","SPE001234-TOP003743-covers","covers",1.0,1375
"SPE000544","TOP003744","SPE001234-TOP003744-covers","covers",1.0,1375
"SPE000544","TOP003745","SPE001234-TOP003745-covers","covers",1.0,1375
"SPE000544","SPE001237","SPE001237-delivered","delivered",1.0,1378
"SPE000544","TOP003752","SPE001237-TOP003752-covers","covers",1.0,1378
"SPE000544","TOP003753","SPE001237-TOP003753-covers","covers",1.0,1378
"SPE000544","TOP003754","SPE001237-TOP003754-covers","covers",1.0,1378
"SPE000544","SPE001242","SPE001242-delivered","delivered",1.0,1383
"SPE000544","TOP003767","SPE001242-TOP003767-covers","covers",1.0,1383
"SPE000544","TOP003768","SPE001242-TOP003768-covers","covers",1.0,1383
"SPE000544","TOP003769","SPE001242-TOP003769-covers","covers",1.0,1383
"SPE000544","SPE001246","SPE001246-delivered","delivered",1.0,1387
"SPE000544","TOP003778","SPE001246-TOP003778-covers","covers",1.0,1387
"SPE000544","TOP003779","SPE001246-TOP003779-covers","covers",1.0,1387
"SPE000544","TOP003780","SPE001246-TOP003780-covers","covers",1.0,1387
"SPE000544","SPE001248","SPE001248-delivered","delivered",1.0,1389
"SPE000544","TOP003784","SPE001248-TOP003784-covers","covers",1.0,1389
"SPE000544","TOP003785","SPE001248-TOP003785-covers","covers",1.0,1389
"SPE000544","TOP003786","SPE001248-TOP003786-covers","covers",1.0,1389
"SPE000544","SPE001257","SPE001257-delivered","delivered",1.0,1398
"SPE000544","TOP003811","SPE001257-TOP003811-covers","covers",1.0,1398
"SPE000544","TOP003812","SPE001257-TOP003812-covers","covers",1.0,1398
"SPE000544","TOP003813","SPE001257-TOP003813-covers","covers",1.0,1398
"SPE000544","SPE001259","SPE001259-delivered","delivered",1.0,1400
"SPE000544","TOP003817","SPE001259-TOP003817-covers","covers",1.0,1400
"SPE000544","TOP003818","SPE001259-TOP003818-covers","covers",1.0,1400
"SPE000544","TOP003819","SPE001259-TOP003819-covers","covers",1.0,1400
"SPE000544","SPE001268","SPE001268-delivered","delivered",1.0,1409
"SPE000544","TOP003842","SPE001268-TOP003842-covers","covers",1.0,1409
"SPE000544","TOP003843","SPE001268-TOP003843-covers","covers",1.0,1409
"SPE000544","TOP003844","SPE001268-TOP003844-covers","covers",1.0,1409
"SPE000544","SPE001270","SPE001270-delivered","delivered",1.0,1411
"SPE000544","TOP003848","SPE001270-TOP003848-covers","covers",1.0,1411
"SPE000544","TOP003849","SPE001270-TOP003849-covers","covers",1.0,1411
"SPE000544","TOP003850","SPE001270-TOP003850-covers","covers",1.0,1411
"SPE000544","SPE001277","SPE001277-delivered","delivered",1.0,1418
"SPE000544","TOP003866","SPE001277-TOP003866-covers","covers",1.0,1418
"SPE000544","TOP003868","SPE001277-TOP003868-covers","covers",1.0,1418
"SPE000544","TOP003869","SPE001277-TOP003869-covers","covers",1.0,1418
"SPE000544","SPE001280","SPE001280-delivered","delivered",1.0,1421
"SPE000544","TOP003876","SPE001280-TOP003876-covers","covers",1.0,1421
"SPE000544","TOP003877","SPE001280-TOP003877-covers","covers",1.0,1421
"SPE000544","SPE001286","SPE001286-delivered","delivered",1.0,1427
"SPE000544","TOP003892","SPE001286-TOP003892-covers","covers",1.0,1427
"SPE000544","TOP003893","SPE001286-TOP003893-covers","covers",1.0,1427
"SPE000544","TOP003894","SPE001286-TOP003894-covers","covers",1.0,1427
"SPE000544","SPE001290","SPE001290-delivered","delivered",1.0,1447
"SPE000544","TOP003904","SPE001290-TOP003904-covers","covers",1.0,1431
"SPE000544","TOP003905","SPE001290-TOP003905-covers","covers",1.0,1431
"SPE000544","TOP003906","SPE001290-TOP003906-covers","covers",1.0,1431
"SPE000544","SPE001291","SPE001291-delivered","delivered",1.0,1432
"SPE000544","TOP003907","SPE001291-TOP003907-covers","covers",1.0,1432
"SPE000544","TOP003908","SPE001291-TOP003908-covers","covers",1.0,1432
"SPE000544","TOP003909","SPE001291-TOP003909-covers","covers",1.0,1432
"SPE000544","SPE001293","SPE001293-delivered","delivered",1.0,1434
"SPE000544","TOP003913","SPE001293-TOP003913-covers","covers",1.0,1434
"SPE000544","TOP003914","SPE001293-TOP003914-covers","covers",1.0,1434
"SPE000544","TOP003915","SPE001293-TOP003915-covers","covers",1.0,1434
"SPE000544","SPE001299","SPE001299-delivered","delivered",1.0,1440
"SPE000544","TOP003928","SPE001299-TOP003928-covers","covers",1.0,1440
"SPE000544","TOP003929","SPE001299-TOP003929-covers","covers",1.0,1440
"SPE000544","TOP003930","SPE001299-TOP003930-covers","covers",1.0,1440
"SPE000544","SPE001304","SPE001304-delivered","delivered",1.0,1445
"SPE000544","TOP003940","SPE001304-TOP003940-covers","covers",1.0,1445
"SPE000544","TOP003941","SPE001304-TOP003941-covers","covers",1.0,1445
"SPE000544","TOP003942","SPE001304-TOP003942-covers","covers",1.0,1445
"SPE000544","TOP003946","SPE001290-TOP003946-covers","covers",1.0,1447
"SPE000544","TOP001493","SPE001290-TOP001493-covers","covers",1.0,1447
"SPE000544","TOP001493","SPE001379-TOP001493-covers","covers",1.0,1524
"SPE000544","SPE001307","SPE001307-delivered","delivered",1.0,1449
"SPE000544","TOP003950","SPE001307-TOP003950-covers","covers",1.0,1449
"SPE000544","TOP003951","SPE001307-TOP003951-covers","covers",1.0,1449
"SPE000544","TOP003952","SPE001307-TOP003952-covers","covers",1.0,1449
"SPE000544","SPE001313","SPE001313-delivered","delivered",1.0,1455
"SPE000544","TOP003966","SPE001313-TOP003966-covers","covers",1.0,1455
"SPE000544","TOP003967","SPE001313-TOP003967-covers","covers",1.0,1455
"SPE000544","TOP003968","SPE001313-TOP003968-covers","covers",1.0,1455
"SPE000544","SPE001318","SPE001318-delivered","delivered",1.0,1460
"SPE000544","TOP003981","SPE001318-TOP003981-covers","covers",1.0,1460
"SPE000544","TOP003982","SPE001318-TOP003982-covers","covers",1.0,1460
"SPE000544","TOP003983","SPE001318-TOP003983-covers","covers",1.0,1460
"SPE000544","SPE001323","SPE001323-delivered","delivered",1.0,1465
"SPE000544","TOP003996","SPE001323-TOP003996-covers","covers",1.0,1465
"SPE000544","TOP003997","SPE001323-TOP003997-covers","covers",1.0,1465
"SPE000544","TOP003998","SPE001323-TOP003998-covers","covers",1.0,1465
"SPE000544","SPE001325","SPE001325-delivered","delivered",1.0,1467
"SPE000544","TOP004002","SPE001325-TOP004002-covers","covers",1.0,1467
"SPE000544","TOP004003","SPE001325-TOP004003-covers","covers",1.0,1467
"SPE000544","TOP004004","SPE001325-TOP004004-covers","covers",1.0,1467
"SPE000544","SPE001330","SPE001330-delivered","delivered",1.0,1472
"SPE000544","TOP004014","SPE001330-TOP004014-covers","covers",1.0,1472
"SPE000544","TOP004015","SPE001330-TOP004015-covers","covers",1.0,1472
"SPE000544","TOP004016","SPE001330-TOP004016-covers","covers",1.0,1472
"SPE000544","SPE001333","SPE001333-delivered","delivered",1.0,1475
"SPE000544","TOP004020","SPE001333-TOP004020-covers","covers",1.0,1475
"SPE000544","TOP004021","SPE001333-TOP004021-covers","covers",1.0,1475
"SPE000544","TOP004022","SPE001333-TOP004022-covers","covers",1.0,1475
"SPE000544","TOP004029","SPE000433-TOP004029-covers","covers",1.0,1478
"SPE000544","TOP004030","SPE000433-TOP004030-covers","covers",1.0,1478
"SPE000544","TOP004031","SPE000433-TOP004031-covers","covers",1.0,1478
"SPE000544","SPE001340","SPE001340-delivered","delivered",1.0,1483
"SPE000544","TOP004043","SPE001340-TOP004043-covers","covers",1.0,1483
"SPE000544","TOP004044","SPE001340-TOP004044-covers","covers",1.0,1483
"SPE000544","TOP004045","SPE001340-TOP004045-covers","covers",1.0,1483
"SPE000544","SPE001345","SPE001345-delivered","delivered",1.0,1489
"SPE000544","TOP004061","SPE001345-TOP004061-covers","covers",1.0,1489
"SPE000544","TOP004062","SPE001345-TOP004062-covers","covers",1.0,1489
"SPE000544","TOP004063","SPE001345-TOP004063-covers","covers",1.0,1489
"SPE000544","SPE001348","SPE001348-delivered","delivered",1.0,1492
"SPE000544","TOP004070","SPE001348-TOP004070-covers","covers",1.0,1492
"SPE000544","TOP004071","SPE001348-TOP004071-covers","covers",1.0,1492
"SPE000544","TOP004072","SPE001348-TOP004072-covers","covers",1.0,1492
"SPE000544","SPE001350","SPE001350-delivered","delivered",1.0,1494
"SPE000544","TOP004076","SPE001350-TOP004076-covers","covers",1.0,1494
"SPE000544","TOP004077","SPE001350-TOP004077-covers","covers",1.0,1494
"SPE000544","TOP004078","SPE001350-TOP004078-covers","covers",1.0,1494
"SPE000544","TOP001299","SPE000433-TOP001299-covers","covers",1.0,1498
"SPE000544","TOP004086","SPE000433-TOP004086-covers","covers",1.0,1498
"SPE000544","TOP004087","SPE000433-TOP004087-covers","covers",1.0,1498
"SPE000544","SPE001361","SPE001361-delivered","delivered",1.0,1506
"SPE000544","TOP004109","SPE001361-TOP004109-covers","covers",1.0,1506
"SPE000544","TOP004110","SPE001361-TOP004110-covers","covers",1.0,1506
"SPE000544","TOP004111","SPE001361-TOP004111-covers","covers",1.0,1506
"SPE000544","SPE001368","SPE001368-delivered","delivered",1.0,1513
"SPE000544","TOP004129","SPE001368-TOP004129-covers","covers",1.0,1513
"SPE000544","TOP004130","SPE001368-TOP004130-covers","covers",1.0,1513
"SPE000544","TOP004131","SPE001368-TOP004131-covers","covers",1.0,1513
"SPE000544","SPE001374","SPE001374-delivered","delivered",1.0,1518
"SPE000544","TOP004144","SPE001374-TOP004144-covers","covers",1.0,1518
"SPE000544","TOP004145","SPE001374-TOP004145-covers","covers",1.0,1518
"SPE000544","TOP000772","SPE001374-TOP000772-covers","covers",1.0,1518
"SPE000544","SPE001377","SPE001377-delivered","delivered",1.0,1522
"SPE000544","TOP004155","SPE001377-TOP004155-covers","covers",1.0,1522
"SPE000544","TOP004156","SPE001377-TOP004156-covers","covers",1.0,1522
"SPE000544","TOP004157","SPE001377-TOP004157-covers","covers",1.0,1522
"SPE000544","SPE001379","SPE001379-delivered","delivered",1.0,1524
"SPE000544","TOP002496","SPE001379-TOP002496-covers","covers",1.0,1524
"SPE000544","TOP004161","SPE001379-TOP004161-covers","covers",1.0,1524
"SPE000544","TOP004165","SPE000433-TOP004165-covers","covers",1.0,1526
"SPE000544","TOP004166","SPE000433-TOP004166-covers","covers",1.0,1526
"SPE000544","TOP004167","SPE000433-TOP004167-covers","covers",1.0,1526
"SPE000544","SPE001386","SPE001386-delivered","delivered",1.0,1532
"SPE000544","TOP004182","SPE001386-TOP004182-covers","covers",1.0,1532
"SPE000544","TOP004183","SPE001386-TOP004183-covers","covers",1.0,1532
"SPE000544","TOP004184","SPE001386-TOP004184-covers","covers",1.0,1532
"SPE000544","SPE001392","SPE001392-delivered","delivered",1.0,1538
"SPE000544","TOP004199","SPE001392-TOP004199-covers","covers",1.0,1538
"SPE000544","TOP004200","SPE001392-TOP004200-covers","covers",1.0,1538
"SPE000544","TOP004201","SPE001392-TOP004201-covers","covers",1.0,1538
"SPE000544","SPE001397","SPE001397-delivered","delivered",1.0,1543
"SPE000544","TOP004214","SPE001397-TOP004214-covers","covers",1.0,1543
"SPE000544","TOP004215","SPE001397-TOP004215-covers","covers",1.0,1543
"SPE000544","TOP004216","SPE001397-TOP004216-covers","covers",1.0,1543
"SPE000544","TOP004234","SPE000433-TOP004234-covers","covers",1.0,1550
"SPE000544","TOP004235","SPE000433-TOP004235-covers","covers",1.0,1550
"SPE000544","TOP004236","SPE000433-TOP004236-covers","covers",1.0,1550
"SPE000544","SPE001406","SPE001406-delivered","delivered",1.0,1552
"SPE000544","TOP004240","SPE001406-TOP004240-covers","covers",1.0,1552
"SPE000544","TOP004241","SPE001406-TOP004241-covers","covers",1.0,1552
"SPE000544","TOP004242","SPE001406-TOP004242-covers","covers",1.0,1552
"SPE000544","SPE001411","SPE001411-delivered","delivered",1.0,1556
"SPE000544","TOP004252","SPE001411-TOP004252-covers","covers",1.0,1556
"SPE000544","TOP004253","SPE001411-TOP004253-covers","covers",1.0,1556
"SPE000544","TOP004253","SPE001417-TOP004253-covers","covers",1.0,1562
"SPE000544","TOP004254","SPE001411-TOP004254-covers","covers",1.0,1556
"SPE000544","SPE001417","SPE001417-delivered","delivered",1.0,1562
"SPE000544","TOP004269","SPE001417-TOP004269-covers","covers",1.0,1562
"SPE000544","TOP004270","SPE001417-TOP004270-covers","covers",1.0,1562
"SPE000545","DAT000476","SPE000545-held_on","held_on",1.0,625
"SPE000546","DAT000478","SPE000546-held_on","held_on",1.0,627
"SPE000547","DAT000479","SPE000547-held_on","held_on",1.0,628
"SPE000548","DAT000480","SPE000548-held_on","held_on",1.0,629
"SPE000549","DAT000480","SPE000549-held_on","held_on",1.0,630
"SPE000550","DAT000481","SPE000550-held_on","held_on",1.0,631
"SPE000551","DAT000482","SPE000551-held_on","held_on",1.0,632
"SPE000552","DAT000483","SPE000552-held_on","held_on",1.0,633
"SPE000553","DAT000483","SPE000553-held_on","held_on",1.0,634
"SPE000553","DAT001635","SPE000553-held_on","held_on",1.0,2181
"SPE000554","DAT000484","SPE000554-held_on","held_on",1.0,635
"SPE000555","DAT000485","SPE000555-held_on","held_on",1.0,636
"SPE000555","DAT000679","SPE000555-held_on","held_on",1.0,903
"SPE000555","DAT000884","SPE000555-held_on","held_on",1.0,1181
"SPE000556","DAT000486","SPE000556-held_on","held_on",1.0,637
"SPE000557","DAT000486","SPE000557-held_on","held_on",1.0,638
"SPE000558","DAT000488","SPE000558-held_on","held_on",1.0,640
"SPE000559","DAT000489","SPE000559-held_on","held_on",1.0,641
"SPE000560","DAT000490","SPE000560-held_on","held_on",1.0,642
"SPE000561","DAT000491","SPE000561-held_on","held_on",1.0,643
"SPE000562","DAT000491","SPE000562-held_on","held_on",1.0,644
"SPE000563","DAT000491","SPE000563-held_on","held_on",1.0,645
"SPE000564","DAT000492","SPE000564-held_on","held_on",1.0,646
"SPE000565","DAT000493","SPE000565-held_on","held_on",1.0,647
"SPE000566","DAT000494","SPE000566-held_on","held_on",1.0,648
"SPE000567","DAT000495","SPE000567-held_on","held_on",1.0,649
"SPE000568","DAT000496","SPE000568-held_on","held_on",1.0,650
"SPE000569","DAT000497","SPE000569-held_on","held_on",1.0,652
"SPE000570","DAT000498","SPE000570-held_on","held_on",1.0,653
"SPE000571","DAT000499","SPE000571-held_on","held_on",1.0,654
"SPE000571","DAT000545","SPE000571-held_on","held_on",1.0,715
"SPE000572","DAT000500","SPE000572-held_on","held_on",1.0,655
"SPE000573","DAT000500","SPE000573-held_on","held_on",1.0,656
"SPE000574","DAT000501","SPE000574-held_on","held_on",1.0,657
"SPE000575","DAT000502","SPE000575-held_on","held_on",1.0,658
"SPE000576","DAT000503","SPE000576-held_on","held_on",1.0,659
"SPE000577","DAT000504","SPE000577-held_on","held_on",1.0,660
"SPE000578","DAT000506","SPE000578-held_on","held_on",1.0,663
"SPE000579","DAT000507","SPE000579-held_on","held_on",1.0,664
"SPE000580","DAT000508","SPE000580-held_on","held_on",1.0,665
"SPE000581","DAT000509","SPE000581-held_on","held_on",1.0,666
"SPE000582","DAT000510","SPE000582-held_on","held_on",1.0,667
"SPE000583","DAT000510","SPE000583-held_on","held_on",1.0,668
"SPE000584","SPE000585","SPE000585-delivered","delivered",1.0,669
"SPE000584","TOP001770","SPE000585-TOP001770-covers","covers",1.0,669
"SPE000584","TOP001770","SPE000847-TOP001770-covers","covers",1.0,960
"SPE000584","TOP001771","SPE000585-TOP001771-covers","covers",1.0,669
"SPE000584","TOP001772","SPE000585-TOP001772-covers","covers",1.0,669
"SPE000584","SPE000589","SPE000589-delivered","delivered",1.0,673
"SPE000584","TOP001781","SPE000589-TOP001781-covers","covers",1.0,673
"SPE000584","TOP001782","SPE000589-TOP001782-covers","covers",1.0,673
"SPE000584","TOP001783","SPE000589-TOP001783-covers","covers",1.0,673
"SPE000584","TOP001783","SPE001312-TOP001783-covers","covers",1.0,1454
"SPE000584","SPE000599","SPE000599-delivered","delivered",1.0,684
"SPE000584","TOP001812","SPE000599-TOP001812-covers","covers",1.0,684
"SPE000584","TOP001813","SPE000599-TOP001813-covers","covers",1.0,684
"SPE000584","TOP001814","SPE000599-TOP001814-covers","covers",1.0,684
"SPE000584","SPE000601","SPE000601-delivered","delivered",1.0,687
"SPE000584","TOP001820","SPE000601-TOP001820-covers","covers",1.0,687
"SPE000584","TOP001821","SPE000601-TOP001821-covers","covers",1.0,687
"SPE000584","TOP001822","SPE000601-TOP001822-covers","covers",1.0,687
"SPE000584","SPE000608","SPE000608-delivered","delivered",1.0,695
"SPE000584","TOP001843","SPE000608-TOP001843-covers","covers",1.0,695
"SPE000584","TOP001844","SPE000608-TOP001844-covers","covers",1.0,695
"SPE000584","TOP001845","SPE000608-TOP001845-covers","covers",1.0,695
"SPE000584","SPE000609","SPE000609-delivered","delivered",1.0,696
"SPE000584","TOP001846","SPE000609-TOP001846-covers","covers",1.0,696
"SPE000584","TOP001847","SPE000609-TOP001847-covers","covers",1.0,696
"SPE000584","TOP001848","SPE000609-TOP001848-covers","covers",1.0,696
"SPE000584","TOP001848","SPE000658-TOP001848-covers","covers",1.0,754
"SPE000584","TOP001848","SPE000665-TOP001848-covers","covers",1.0,761
"SPE000584","TOP001848","SPE000712-TOP001848-covers","covers",1.0,815
"SPE000584","TOP001848","SPE000731-TOP001848-covers","covers",1.0,835
"SPE000584","TOP001848","SPE000761-TOP001848-covers","covers",1.0,869
"SPE000584","TOP001848","SPE000810-TOP001848-covers","covers",1.0,921
"SPE000584","TOP001848","SPE000936-TOP001848-covers","covers",1.0,1059
"SPE000584","SPE000629","SPE000629-delivered","delivered",1.0,730
"SPE000584","TOP001923","SPE000629-TOP001923-covers","covers",1.0,722
"SPE000584","TOP001924","SPE000629-TOP001924-covers","covers",1.0,722
"SPE000584","TOP001925","SPE000629-TOP001925-covers","covers",1.0,730
"SPE000584","TOP001947","SPE000629-TOP001947-covers","covers",1.0,730
"SPE000584","TOP001948","SPE000629-TOP001948-covers","covers",1.0,730
"SPE000584","SPE000645","SPE000645-delivered","delivered",1.0,739
"SPE000584","TOP001973","SPE000645-TOP001973-covers","covers",1.0,739
"SPE000584","TOP001974","SPE000645-TOP001974-covers","covers",1.0,739
"SPE000584","TOP001975","SPE000645-TOP001975-covers","covers",1.0,739
"SPE000584","SPE000652","SPE000652-delivered","delivered",1.0,747
"SPE000584","TOP001997","SPE000652-TOP001997-covers","covers",1.0,747
"SPE000584","TOP001998","SPE000652-TOP001998-covers","covers",1.0,747
"SPE000584","TOP001999","SPE000652-TOP001999-covers","covers",1.0,747
"SPE000584","SPE000655","SPE000655-delivered","delivered",1.0,751
"SPE000584","TOP002008","SPE000655-TOP002008-covers","covers",1.0,751
"SPE000584","TOP002009","SPE000655-TOP002009-covers","covers",1.0,751
"SPE000584","TOP002010","SPE000655-TOP002010-covers","covers",1.0,751
"SPE000584","SPE000658","SPE000658-delivered","delivered",1.0,1195
"SPE000584","TOP002017","SPE000658-TOP002017-covers","covers",1.0,754
"SPE000584","TOP000153","SPE000658-TOP000153-covers","covers",1.0,754
"SPE000584","SPE000662","SPE000662-delivered","delivered",1.0,758
"SPE000584","TOP002022","SPE000662-TOP002022-covers","covers",1.0,758
"SPE000584","TOP002026","SPE000662-TOP002026-covers","covers",1.0,758
"SPE000584","TOP002027","SPE000662-TOP002027-covers","covers",1.0,758
"SPE000584","SPE000665","SPE000665-delivered","delivered",1.0,761
"SPE000584","TOP000703","SPE000665-TOP000703-covers","covers",1.0,761
"SPE000584","TOP000018","SPE000665-TOP000018-covers","covers",1.0,761
"SPE000584","TOP000018","SPE000712-TOP000018-covers","covers",1.0,815
"SPE000584","TOP000018","SPE000810-TOP000018-covers","covers",1.0,921
"SPE000584","SPE000669","SPE000669-delivered","delivered",1.0,766
"SPE000584","TOP002045","SPE000669-TOP002045-covers","covers",1.0,766
"SPE000584","TOP002045","SPE000670-TOP002045-covers","covers",1.0,767
"SPE000584","TOP000477","SPE000669-TOP000477-covers","covers",1.0,766
"SPE000584","TOP000477","SPE000670-TOP000477-covers","covers",1.0,767
"SPE000584","TOP000076","SPE000669-TOP000076-covers","covers",1.0,766
"SPE000584","TOP000076","SPE000670-TOP000076-covers","covers",1.0,767
"SPE000584","TOP000076","SPE001008-TOP000076-covers","covers",1.0,1134
"SPE000584","TOP000076","SPE001059-TOP000076-covers","covers",1.0,1188
"SPE000584","TOP000076","SPE001462-TOP000076-covers","covers",1.0,1610
"SPE000584","SPE000670","SPE000670-delivered","delivered",1.0,767
"SPE000584","SPE000676","SPE000676-delivered","delivered",1.0,774
"SPE000584","TOP002061","SPE000676-TOP002061-covers","covers",1.0,774
"SPE000584","TOP001486","SPE000676-TOP001486-covers","covers",1.0,774
"SPE000584","TOP002062","SPE000676-TOP002062-covers","covers",1.0,774
"SPE000584","TOP002081","SPE000658-TOP002081-covers","covers",1.0,785
"SPE000584","TOP002081","SPE000689-TOP002081-covers","covers",1.0,788
"SPE000584","TOP002082","SPE000658-TOP002082-covers","covers",1.0,785
"SPE000584","TOP002083","SPE000658-TOP002083-covers","covers",1.0,785
"SPE000584","SPE000689","SPE000689-delivered","delivered",1.0,788
"SPE000584","TOP002099","SPE000689-TOP002099-covers","covers",1.0,788
"SPE000584","TOP002099","SPE000702-TOP002099-covers","covers",1.0,803
"SPE000584","TOP002100","SPE000689-TOP002100-covers","covers",1.0,788
"SPE000584","TOP002100","SPE000702-TOP002100-covers","covers",1.0,803
"SPE000584","SPE000692","SPE000692-delivered","delivered",1.0,792
"SPE000584","TOP002108","SPE000692-TOP002108-covers","covers",1.0,792
"SPE000584","TOP002109","SPE000692-TOP002109-covers","covers",1.0,792
"SPE000584","TOP002110","SPE000692-TOP002110-covers","covers",1.0,792
"SPE000584","TOP002117","SPE000658-TOP002117-covers","covers",1.0,795
"SPE000584","TOP002118","SPE000658-TOP002118-covers","covers",1.0,795
"SPE000584","TOP002119","SPE000658-TOP002119-covers","covers",1.0,795
"SPE000584","SPE000702","SPE000702-delivered","delivered",1.0,803
"SPE000584","TOP002141","SPE000702-TOP002141-covers","covers",1.0,803
"SPE000584","SPE000712","SPE000712-delivered","delivered",1.0,815
"SPE000584","TOP002175","SPE000712-TOP002175-covers","covers",1.0,815
"SPE000584","SPE000715","SPE000715-delivered","delivered",1.0,818
"SPE000584","TOP002182","SPE000715-TOP002182-covers","covers",1.0,818
"SPE000584","TOP002183","SPE000715-TOP002183-covers","covers",1.0,818
"SPE000584","TOP002184","SPE000715-TOP002184-covers","covers",1.0,818
"SPE000584","TOP002193","SPE000658-TOP002193-covers","covers",1.0,822
"SPE000584","TOP001977","SPE000658-TOP001977-covers","covers",1.0,822
"SPE000584","TOP002194","SPE000658-TOP002194-covers","covers",1.0,822
"SPE000584","SPE000723","SPE000723-delivered","delivered",1.0,827
"SPE000584","TOP002207","SPE000723-TOP002207-covers","covers",1.0,827
"SPE000584","TOP002208","SPE000723-TOP002208-covers","covers",1.0,827
"SPE000584","TOP002209","SPE000723-TOP002209-covers","covers",1.0,827
"SPE000584","SPE000726","SPE000726-delivered","delivered",1.0,830
"SPE000584","TOP002216","SPE000726-TOP002216-covers","covers",1.0,830
"SPE000584","TOP002217","SPE000726-TOP002217-covers","covers",1.0,830
"SPE000584","TOP002218","SPE000726-TOP002218-covers","covers",1.0,830
"SPE000584","SPE000731","SPE000731-delivered","delivered",1.0,835
"SPE000584","TOP002230","SPE000731-TOP002230-covers","covers",1.0,835
"SPE000584","TOP000264","SPE000731-TOP000264-covers","covers",1.0,835
"SPE000584","SPE000734","SPE000734-delivered","delivered",1.0,839
"SPE000584","TOP002240","SPE000734-TOP002240-covers","covers",1.0,839
"SPE000584","TOP002241","SPE000734-TOP002241-covers","covers",1.0,839
"SPE000584","TOP002242","SPE000734-TOP002242-covers","covers",1.0,839
"SPE000584","TOP002242","SPE000756-TOP002242-covers","covers",1.0,863
"SPE000584","SPE000736","SPE000736-delivered","delivered",1.0,841
"SPE000584","TOP002246","SPE000736-TOP002246-covers","covers",1.0,841
"SPE000584","TOP002247","SPE000736-TOP002247-covers","covers",1.0,841
"SPE000584","TOP002248","SPE000736-TOP002248-covers","covers",1.0,841
"SPE000584","SPE000011","SPE000011-delivered","delivered",1.0,851
"SPE000584","TOP002276","SPE000011-TOP002276-covers","covers",1.0,851
"SPE000584","TOP002277","SPE000011-TOP002277-covers","covers",1.0,851
"SPE000584","TOP002278","SPE000011-TOP002278-covers","covers",1.0,851
"SPE000584","SPE000747","SPE000747-delivered","delivered",1.0,853
"SPE000584","TOP002282","SPE000747-TOP002282-covers","covers",1.0,853
"SPE000584","TOP002283","SPE000747-TOP002283-covers","covers",1.0,853
"SPE000584","TOP002284","SPE000747-TOP002284-covers","covers",1.0,853
"SPE000584","SPE000756","SPE000756-delivered","delivered",1.0,863
"SPE000584","TOP002311","SPE000756-TOP002311-covers","covers",1.0,863
"SPE000584","TOP002312","SPE000756-TOP002312-covers","covers",1.0,863
"SPE000584","SPE000757","SPE000757-delivered","delivered",1.0,867
"SPE000584","TOP002313","SPE000757-TOP002313-covers","covers",1.0,867
"SPE000584","TOP001228","SPE000757-TOP001228-covers","covers",1.0,864
"SPE000584","TOP002314","SPE000757-TOP002314-covers","covers",1.0,864
"SPE000584","TOP002321","SPE000757-TOP002321-covers","covers",1.0,867
"SPE000584","TOP002233","SPE000757-TOP002233-covers","covers",1.0,867
"SPE000584","SPE000761","SPE000761-delivered","delivered",1.0,869
"SPE000584","TOP002325","SPE000761-TOP002325-covers","covers",1.0,869
"SPE000584","TOP002325","SPE000810-TOP002325-covers","covers",1.0,921
"SPE000584","TOP002325","SPE000936-TOP002325-covers","covers",1.0,1059
"SPE000584","TOP002325","SPE000984-TOP002325-covers","covers",1.0,1110
"SPE000584","TOP002325","SPE001008-TOP002325-covers","covers",1.0,1134
"SPE000584","TOP001767","SPE000761-TOP001767-covers","covers",1.0,869
"SPE000584","SPE000773","SPE000773-delivered","delivered",1.0,882
"SPE000584","TOP002362","SPE000773-TOP002362-covers","covers",1.0,882
"SPE000584","TOP002363","SPE000773-TOP002363-covers","covers",1.0,882
"SPE000584","TOP002364","SPE000773-TOP002364-covers","covers",1.0,882
"SPE000584","TOP002364","SPE000846-TOP002364-covers","covers",1.0,959
"SPE000584","SPE000786","SPE000786-delivered","delivered",1.0,895
"SPE000584","TOP002400","SPE000786-TOP002400-covers","covers",1.0,895
"SPE000584","TOP002401","SPE000786-TOP002401-covers","covers",1.0,895
"SPE000584","TOP001696","SPE000786-TOP001696-covers","covers",1.0,895
"SPE000584","SPE000788","SPE000788-delivered","delivered",1.0,897
"SPE000584","TOP002405","SPE000788-TOP002405-covers","covers",1.0,897
"SPE000584","TOP002406","SPE000788-TOP002406-covers","covers",1.0,897
"SPE000584","TOP002407","SPE000788-TOP002407-covers","covers",1.0,897
"SPE000584","SPE000802","SPE000802-delivered","delivered",1.0,913
"SPE000584","TOP002449","SPE000802-TOP002449-covers","covers",1.0,913
"SPE000584","TOP002450","SPE000802-TOP002450-covers","covers",1.0,913
"SPE000584","TOP002451","SPE000802-TOP002451-covers","covers",1.0,913
"SPE000584","SPE000810","SPE000810-delivered","delivered",1.0,921
"SPE000584","SPE000811","SPE000811-delivered","delivered",1.0,922
"SPE000584","TOP002471","SPE000811-TOP002471-covers","covers",1.0,922
"SPE000584","TOP002472","SPE000811-TOP002472-covers","covers",1.0,922
"SPE000584","TOP001883","SPE000811-TOP001883-covers","covers",1.0,922
"SPE000584","SPE000817","SPE000817-delivered","delivered",1.0,928
"SPE000584","TOP002487","SPE000817-TOP002487-covers","covers",1.0,928
"SPE000584","TOP002488","SPE000817-TOP002488-covers","covers",1.0,928
"SPE000584","TOP002489","SPE000817-TOP002489-covers","covers",1.0,928
"SPE000584","SPE000820","SPE000820-delivered","delivered",1.0,932
"SPE000584","TOP002497","SPE000820-TOP002497-covers","covers",1.0,932
"SPE000584","TOP002498","SPE000820-TOP002498-covers","covers",1.0,932
"SPE000584","TOP000713","SPE000820-TOP000713-covers","covers",1.0,932
"SPE000584","SPE000824","SPE000824-delivered","delivered",1.0,936
"SPE000584","TOP002508","SPE000824-TOP002508-covers","covers",1.0,936
"SPE000584","TOP002508","SPE000829-TOP002508-covers","covers",1.0,942
"SPE000584","TOP002509","SPE000824-TOP002509-covers","covers",1.0,936
"SPE000584","TOP002509","SPE000829-TOP002509-covers","covers",1.0,942
"SPE000584","TOP002510","SPE000824-TOP002510-covers","covers",1.0,936
"SPE000584","SPE000825","SPE000825-delivered","delivered",1.0,937
"SPE000584","TOP002511","SPE000825-TOP002511-covers","covers",1.0,937
"SPE000584","TOP002512","SPE000825-TOP002512-covers","covers",1.0,937
"SPE000584","TOP002513","SPE000825-TOP002513-covers","covers",1.0,937
"SPE000584","SPE000829","SPE000829-delivered","delivered",1.0,942
"SPE000584","TOP002524","SPE000829-TOP002524-covers","covers",1.0,942
"SPE000584","SPE000832","SPE000832-delivered","delivered",1.0,945
"SPE000584","TOP002530","SPE000832-TOP002530-covers","covers",1.0,945
"SPE000584","TOP002531","SPE000832-TOP002531-covers","covers",1.0,945
"SPE000584","TOP002532","SPE000832-TOP002532-covers","covers",1.0,945
"SPE000584","SPE000834","SPE000834-delivered","delivered",1.0,947
"SPE000584","TOP002536","SPE000834-TOP002536-covers","covers",1.0,947
"SPE000584","TOP002537","SPE000834-TOP002537-covers","covers",1.0,947
"SPE000584","TOP002538","SPE000834-TOP002538-covers","covers",1.0,947
"SPE000584","SPE000837","SPE000837-delivered","delivered",1.0,950
"SPE000584","TOP002545","SPE000837-TOP002545-covers","covers",1.0,950
"SPE000584","TOP002546","SPE000837-TOP002546-covers","covers",1.0,950
"SPE000584","TOP002547","SPE000837-TOP002547-covers","covers",1.0,950
"SPE000584","SPE000841","SPE000841-delivered","delivered",1.0,954
"SPE000584","TOP002556","SPE000841-TOP002556-covers","covers",1.0,954
"SPE000584","TOP002556","SPE000879-TOP002556-covers","covers",1.0,1011
"SPE000584","TOP002557","SPE000841-TOP002557-covers","covers",1.0,954
"SPE000584","TOP002558","SPE000841-TOP002558-covers","covers",1.0,954
"SPE000584","SPE000842","SPE000842-delivered","delivered",1.0,955
"SPE000584","TOP002559","SPE000842-TOP002559-covers","covers",1.0,955
"SPE000584","TOP002560","SPE000842-TOP002560-covers","covers",1.0,955
"SPE000584","TOP002561","SPE000842-TOP002561-covers","covers",1.0,955
"SPE000584","SPE000846","SPE000846-delivered","delivered",1.0,959
"SPE000584","TOP002571","SPE000846-TOP002571-covers","covers",1.0,959
"SPE000584","TOP002572","SPE000846-TOP002572-covers","covers",1.0,959
"SPE000584","SPE000847","SPE000847-delivered","delivered",1.0,960
"SPE000584","TOP002573","SPE000847-TOP002573-covers","covers",1.0,960
"SPE000584","TOP002574","SPE000847-TOP002574-covers","covers",1.0,960
"SPE000584","SPE000852","SPE000852-delivered","delivered",1.0,966
"SPE000584","TOP001546","SPE000852-TOP001546-covers","covers",1.0,966
"SPE000584","TOP002590","SPE000852-TOP002590-covers","covers",1.0,966
"SPE000584","TOP002005","SPE000852-TOP002005-covers","covers",1.0,966
"SPE000584","SPE000857","SPE000857-delivered","delivered",1.0,972
"SPE000584","TOP002605","SPE000857-TOP002605-covers","covers",1.0,972
"SPE000584","TOP002606","SPE000857-TOP002606-covers","covers",1.0,972
"SPE000584","TOP002607","SPE000857-TOP002607-covers","covers",1.0,972
"SPE000584","SPE000860","SPE000860-delivered","delivered",1.0,975
"SPE000584","TOP002614","SPE000860-TOP002614-covers","covers",1.0,975
"SPE000584","TOP002615","SPE000860-TOP002615-covers","covers",1.0,975
"SPE000584","TOP002616","SPE000860-TOP002616-covers","covers",1.0,975
"SPE000584","SPE000867","SPE000867-delivered","delivered",1.0,983
"SPE000584","TOP002636","SPE000867-TOP002636-covers","covers",1.0,983
"SPE000584","TOP002637","SPE000867-TOP002637-covers","covers",1.0,983
"SPE000584","TOP002638","SPE000867-TOP002638-covers","covers",1.0,983
"SPE000584","SPE000870","SPE000870-delivered","delivered",1.0,1001
"SPE000584","TOP002645","SPE000870-TOP002645-covers","covers",1.0,986
"SPE000584","TOP002646","SPE000870-TOP002646-covers","covers",1.0,986
"SPE000584","TOP002646","SPE000891-TOP002646-covers","covers",1.0,1009
"SPE000584","TOP002647","SPE000870-TOP002647-covers","covers",1.0,986
"SPE000584","SPE000872","SPE000872-delivered","delivered",1.0,988
"SPE000584","TOP002651","SPE000872-TOP002651-covers","covers",1.0,988
"SPE000584","TOP002652","SPE000872-TOP002652-covers","covers",1.0,988
"SPE000584","TOP002653","SPE000872-TOP002653-covers","covers",1.0,988
"SPE000584","SPE000876","SPE000876-delivered","delivered",1.0,992
"SPE000584","TOP002663","SPE000876-TOP002663-covers","covers",1.0,992
"SPE000584","TOP002664","SPE000876-TOP002664-covers","covers",1.0,992
"SPE000584","TOP002665","SPE000876-TOP002665-covers","covers",1.0,992
"SPE000584","SPE000879","SPE000879-delivered","delivered",1.0,1011
"SPE000584","TOP002672","SPE000879-TOP002672-covers","covers",1.0,1011
"SPE000584","TOP002673","SPE000879-TOP002673-covers","covers",1.0,1011
"SPE000584","TOP002674","SPE000879-TOP002674-covers","covers",1.0,995
"SPE000584","TOP002689","SPE000870-TOP002689-covers","covers",1.0,1001
"SPE000584","TOP002690","SPE000870-TOP002690-covers","covers",1.0,1001
"SPE000584","TOP002691","SPE000870-TOP002691-covers","covers",1.0,1001
"SPE000584","SPE000890","SPE000890-delivered","delivered",1.0,1007
"SPE000584","TOP002707","SPE000890-TOP002707-covers","covers",1.0,1007
"SPE000584","TOP001797","SPE000890-TOP001797-covers","covers",1.0,1007
"SPE000584","TOP002708","SPE000890-TOP002708-covers","covers",1.0,1007
"SPE000584","SPE000891","SPE000891-delivered","delivered",1.0,1009
"SPE000584","TOP002712","SPE000891-TOP002712-covers","covers",1.0,1009
"SPE000584","TOP002713","SPE000891-TOP002713-covers","covers",1.0,1009
"SPE000584","SPE000203","SPE000203-delivered","delivered",1.0,1010
"SPE000584","TOP002714","SPE000203-TOP002714-covers","covers",1.0,1010
"SPE000584","TOP002715","SPE000203-TOP002715-covers","covers",1.0,1010
"SPE000584","TOP002716","SPE000203-TOP002716-covers","covers",1.0,1010
"SPE000584","SPE000900","SPE000900-delivered","delivered",1.0,1022
"SPE000584","TOP002746","SPE000900-TOP002746-covers","covers",1.0,1022
"SPE000584","TOP002747","SPE000900-TOP002747-covers","covers",1.0,1022
"SPE000584","TOP002748","SPE000900-TOP002748-covers","covers",1.0,1022
"SPE000584","SPE000904","SPE000904-delivered","delivered",1.0,1026
"SPE000584","TOP002758","SPE000904-TOP002758-covers","covers",1.0,1026
"SPE000584","TOP002759","SPE000904-TOP002759-covers","covers",1.0,1026
"SPE000584","TOP002760","SPE000904-TOP002760-covers","covers",1.0,1026
"SPE000584","SPE000911","SPE000911-delivered","delivered",1.0,1033
"SPE000584","TOP002775","SPE000911-TOP002775-covers","covers",1.0,1033
"SPE000584","TOP002776","SPE000911-TOP002776-covers","covers",1.0,1033
"SPE000584","TOP002777","SPE000911-TOP002777-covers","covers",1.0,1033
"SPE000584","SPE000936","SPE000936-delivered","delivered",1.0,1059
"SPE000584","TOP002769","SPE000936-TOP002769-covers","covers",1.0,1059
"SPE000584","SPE000941","SPE000941-delivered","delivered",1.0,1065
"SPE000584","TOP002864","SPE000941-TOP002864-covers","covers",1.0,1065
"SPE000584","TOP002865","SPE000941-TOP002865-covers","covers",1.0,1065
"SPE000584","TOP000269","SPE000941-TOP000269-covers","covers",1.0,1065
"SPE000584","SPE000942","SPE000942-delivered","delivered",1.0,1066
"SPE000584","TOP002866","SPE000942-TOP002866-covers","covers",1.0,1066
"SPE000584","TOP002867","SPE000942-TOP002867-covers","covers",1.0,1066
"SPE000584","TOP002868","SPE000942-TOP002868-covers","covers",1.0,1066
"SPE000584","SPE000952","SPE000952-delivered","delivered",1.0,1076
"SPE000584","TOP002893","SPE000952-TOP002893-covers","covers",1.0,1076
"SPE000584","TOP002894","SPE000952-TOP002894-covers","covers",1.0,1076
"SPE000584","TOP002895","SPE000952-TOP002895-covers","covers",1.0,1076
"SPE000584","SPE000968","SPE000968-delivered","delivered",1.0,1092
"SPE000584","TOP002940","SPE000968-TOP002940-covers","covers",1.0,1092
"SPE000584","TOP002941","SPE000968-TOP002941-covers","covers",1.0,1092
"SPE000584","TOP002942","SPE000968-TOP002942-covers","covers",1.0,1092
"SPE000584","SPE000096","SPE000096-delivered","delivered",1.0,1100
"SPE000584","TOP002962","SPE000096-TOP002962-covers","covers",1.0,1100
"SPE000584","TOP002963","SPE000096-TOP002963-covers","covers",1.0,1100
"SPE000584","TOP002964","SPE000096-TOP002964-covers","covers",1.0,1100
"SPE000584","SPE000984","SPE000984-delivered","delivered",1.0,1110
"SPE000584","TOP002991","SPE000984-TOP002991-covers","covers",1.0,1110
"SPE000584","TOP002992","SPE000984-TOP002992-covers","covers",1.0,1110
"SPE000584","SPE001004","SPE001004-delivered","delivered",1.0,1130
"SPE000584","TOP003043","SPE001004-TOP003043-covers","covers",1.0,1130
"SPE000584","TOP003044","SPE001004-TOP003044-covers","covers",1.0,1130
"SPE000584","TOP003045","SPE001004-TOP003045-covers","covers",1.0,1130
"SPE000584","SPE001008","SPE001008-delivered","delivered",1.0,1134
"SPE000584","TOP003055","SPE001008-TOP003055-covers","covers",1.0,1134
"SPE000584","SPE001011","SPE001011-delivered","delivered",1.0,1137
"SPE000584","TOP003062","SPE001011-TOP003062-covers","covers",1.0,1137
"SPE000584","TOP003063","SPE001011-TOP003063-covers","covers",1.0,1137
"SPE000584","TOP003064","SPE001011-TOP003064-covers","covers",1.0,1137
"SPE000584","SPE001013","SPE001013-delivered","delivered",1.0,1139
"SPE000584","TOP003068","SPE001013-TOP003068-covers","covers",1.0,1139
"SPE000584","TOP003069","SPE001013-TOP003069-covers","covers",1.0,1139
"SPE000584","TOP003070","SPE001013-TOP003070-covers","covers",1.0,1139
"SPE000584","SPE001014","SPE001014-delivered","delivered",1.0,1140
"SPE000584","TOP003071","SPE001014-TOP003071-covers","covers",1.0,1140
"SPE000584","TOP003072","SPE001014-TOP003072-covers","covers",1.0,1140
"SPE000584","TOP003073","SPE001014-TOP003073-covers","covers",1.0,1140
"SPE000584","SPE001015","SPE001015-delivered","delivered",1.0,1141
"SPE000584","TOP003074","SPE001015-TOP003074-covers","covers",1.0,1141
"SPE000584","TOP003075","SPE001015-TOP003075-covers","covers",1.0,1141
"SPE000584","TOP000496","SPE001015-TOP000496-covers","covers",1.0,1141
"SPE000584","TOP000496","SPE001118-TOP000496-covers","covers",1.0,1252
"SPE000584","SPE001018","SPE001018-delivered","delivered",1.0,1144
"SPE000584","TOP003080","SPE001018-TOP003080-covers","covers",1.0,1144
"SPE000584","TOP003081","SPE001018-TOP003081-covers","covers",1.0,1144
"SPE000584","TOP003082","SPE001018-TOP003082-covers","covers",1.0,1144
"SPE000584","SPE001026","SPE001026-delivered","delivered",1.0,1152
"SPE000584","TOP003103","SPE001026-TOP003103-covers","covers",1.0,1152
"SPE000584","TOP003104","SPE001026-TOP003104-covers","covers",1.0,1152
"SPE000584","TOP003105","SPE001026-TOP003105-covers","covers",1.0,1152
"SPE000584","SPE001030","SPE001030-delivered","delivered",1.0,1157
"SPE000584","TOP003118","SPE001030-TOP003118-covers","covers",1.0,1157
"SPE000584","TOP003119","SPE001030-TOP003119-covers","covers",1.0,1157
"SPE000584","TOP003120","SPE001030-TOP003120-covers","covers",1.0,1157
"SPE000584","SPE001043","SPE001043-delivered","delivered",1.0,1170
"SPE000584","TOP003155","SPE001043-TOP003155-covers","covers",1.0,1170
"SPE000584","TOP003156","SPE001043-TOP003156-covers","covers",1.0,1170
"SPE000584","TOP003157","SPE001043-TOP003157-covers","covers",1.0,1170
"SPE000584","SPE001046","SPE001046-delivered","delivered",1.0,1174
"SPE000584","TOP003166","SPE001046-TOP003166-covers","covers",1.0,1174
"SPE000584","TOP003167","SPE001046-TOP003167-covers","covers",1.0,1174
"SPE000584","TOP003168","SPE001046-TOP003168-covers","covers",1.0,1174
"SPE000584","SPE001059","SPE001059-delivered","delivered",1.0,1188
"SPE000584","TOP003205","SPE001059-TOP003205-covers","covers",1.0,1188
"SPE000584","TOP003206","SPE001059-TOP003206-covers","covers",1.0,1188
"SPE000584","TOP003224","SPE000658-TOP003224-covers","covers",1.0,1195
"SPE000584","TOP003225","SPE000658-TOP003225-covers","covers",1.0,1195
"SPE000584","TOP003226","SPE000658-TOP003226-covers","covers",1.0,1195
"SPE000584","SPE001071","SPE001071-delivered","delivered",1.0,1201
"SPE000584","TOP003242","SPE001071-TOP003242-covers","covers",1.0,1201
"SPE000584","TOP003243","SPE001071-TOP003243-covers","covers",1.0,1201
"SPE000584","TOP003244","SPE001071-TOP003244-covers","covers",1.0,1201
"SPE000584","SPE001081","SPE001081-delivered","delivered",1.0,1212
"SPE000584","TOP003274","SPE001081-TOP003274-covers","covers",1.0,1212
"SPE000584","TOP003275","SPE001081-TOP003275-covers","covers",1.0,1212
"SPE000584","TOP003276","SPE001081-TOP003276-covers","covers",1.0,1212
"SPE000584","SPE001094","SPE001094-delivered","delivered",1.0,1226
"SPE000584","TOP003314","SPE001094-TOP003314-covers","covers",1.0,1226
"SPE000584","TOP003315","SPE001094-TOP003315-covers","covers",1.0,1226
"SPE000584","TOP003271","SPE001094-TOP003271-covers","covers",1.0,1226
"SPE000584","SPE001114","SPE001114-delivered","delivered",1.0,1248
"SPE000584","TOP003379","SPE001114-TOP003379-covers","covers",1.0,1248
"SPE000584","TOP003380","SPE001114-TOP003380-covers","covers",1.0,1248
"SPE000584","TOP003381","SPE001114-TOP003381-covers","covers",1.0,1248
"SPE000584","SPE001118","SPE001118-delivered","delivered",1.0,1252
"SPE000584","TOP003391","SPE001118-TOP003391-covers","covers",1.0,1252
"SPE000584","TOP003392","SPE001118-TOP003392-covers","covers",1.0,1252
"SPE000584","SPE001127","SPE001127-delivered","delivered",1.0,1261
"SPE000584","TOP003417","SPE001127-TOP003417-covers","covers",1.0,1261
"SPE000584","TOP003418","SPE001127-TOP003418-covers","covers",1.0,1261
"SPE000584","TOP003419","SPE001127-TOP003419-covers","covers",1.0,1261
"SPE000584","SPE001146","SPE001146-delivered","delivered",1.0,1282
"SPE000584","TOP003477","SPE001146-TOP003477-covers","covers",1.0,1282
"SPE000584","TOP003478","SPE001146-TOP003478-covers","covers",1.0,1282
"SPE000584","TOP003479","SPE001146-TOP003479-covers","covers",1.0,1282
"SPE000584","SPE001153","SPE001153-delivered","delivered",1.0,1289
"SPE000584","TOP003497","SPE001153-TOP003497-covers","covers",1.0,1289
"SPE000584","TOP003498","SPE001153-TOP003498-covers","covers",1.0,1289
"SPE000584","TOP003499","SPE001153-TOP003499-covers","covers",1.0,1289
"SPE000584","SPE001157","SPE001157-delivered","delivered",1.0,1294
"SPE000584","TOP003512","SPE001157-TOP003512-covers","covers",1.0,1294
"SPE000584","TOP003513","SPE001157-TOP003513-covers","covers",1.0,1294
"SPE000584","TOP003514","SPE001157-TOP003514-covers","covers",1.0,1294
"SPE000584","SPE001168","SPE001168-delivered","delivered",1.0,1307
"SPE000584","TOP003551","SPE001168-TOP003551-covers","covers",1.0,1307
"SPE000584","TOP003552","SPE001168-TOP003552-covers","covers",1.0,1307
"SPE000584","TOP003553","SPE001168-TOP003553-covers","covers",1.0,1307
"SPE000584","SPE001185","SPE001185-delivered","delivered",1.0,1323
"SPE000584","TOP003596","SPE001185-TOP003596-covers","covers",1.0,1323
"SPE000584","TOP002371","SPE001185-TOP002371-covers","covers",1.0,1323
"SPE000584","TOP003597","SPE001185-TOP003597-covers","covers",1.0,1323
"SPE000584","SPE001198","SPE001198-delivered","delivered",1.0,1336
"SPE000584","TOP003631","SPE001198-TOP003631-covers","covers",1.0,1336
"SPE000584","TOP003632","SPE001198-TOP003632-covers","covers",1.0,1336
"SPE000584","TOP003633","SPE001198-TOP003633-covers","covers",1.0,1336
"SPE000584","SPE001204","SPE001204-delivered","delivered",1.0,1343
"SPE000584","TOP003652","SPE001204-TOP003652-covers","covers",1.0,1343
"SPE000584","TOP003653","SPE001204-TOP003653-covers","covers",1.0,1343
"SPE000584","TOP003654","SPE001204-TOP003654-covers","covers",1.0,1343
"SPE000584","SPE001222","SPE001222-delivered","delivered",1.0,1362
"SPE000584","TOP003704","SPE001222-TOP003704-covers","covers",1.0,1362
"SPE000584","TOP003705","SPE001222-TOP003705-covers","covers",1.0,1362
"SPE000584","TOP003706","SPE001222-TOP003706-covers","covers",1.0,1362
"SPE000584","SPE001251","SPE001251-delivered","delivered",1.0,1392
"SPE000584","TOP003793","SPE001251-TOP003793-covers","covers",1.0,1392
"SPE000584","TOP003794","SPE001251-TOP003794-covers","covers",1.0,1392
"SPE000584","TOP003795","SPE001251-TOP003795-covers","covers",1.0,1392
"SPE000584","SPE001254","SPE001254-delivered","delivered",1.0,1395
"SPE000584","TOP003802","SPE001254-TOP003802-covers","covers",1.0,1395
"SPE000584","TOP003803","SPE001254-TOP003803-covers","covers",1.0,1395
"SPE000584","TOP003804","SPE001254-TOP003804-covers","covers",1.0,1395
"SPE000584","SPE001267","SPE001267-delivered","delivered",1.0,1408
"SPE000584","TOP003839","SPE001267-TOP003839-covers","covers",1.0,1408
"SPE000584","TOP003840","SPE001267-TOP003840-covers","covers",1.0,1408
"SPE000584","TOP003841","SPE001267-TOP003841-covers","covers",1.0,1408
"SPE000584","SPE001287","SPE001287-delivered","delivered",1.0,1428
"SPE000584","TOP003895","SPE001287-TOP003895-covers","covers",1.0,1428
"SPE000584","TOP003896","SPE001287-TOP003896-covers","covers",1.0,1428
"SPE000584","TOP003897","SPE001287-TOP003897-covers","covers",1.0,1428
"SPE000584","SPE001292","SPE001292-delivered","delivered",1.0,1433
"SPE000584","TOP003910","SPE001292-TOP003910-covers","covers",1.0,1433
"SPE000584","TOP003911","SPE001292-TOP003911-covers","covers",1.0,1433
"SPE000584","TOP003912","SPE001292-TOP003912-covers","covers",1.0,1433
"SPE000584","SPE001298","SPE001298-delivered","delivered",1.0,1439
"SPE000584","TOP003925","SPE001298-TOP003925-covers","covers",1.0,1439
"SPE000584","TOP003926","SPE001298-TOP003926-covers","covers",1.0,1439
"SPE000584","TOP003927","SPE001298-TOP003927-covers","covers",1.0,1439
"SPE000584","SPE001312","SPE001312-delivered","delivered",1.0,1454
"SPE000584","TOP003964","SPE001312-TOP003964-covers","covers",1.0,1454
"SPE000584","TOP003965","SPE001312-TOP003965-covers","covers",1.0,1454
"SPE000584","SPE001316","SPE001316-delivered","delivered",1.0,1458
"SPE000584","TOP003975","SPE001316-TOP003975-covers","covers",1.0,1458
"SPE000584","TOP003976","SPE001316-TOP003976-covers","covers",1.0,1458
"SPE000584","TOP003977","SPE001316-TOP003977-covers","covers",1.0,1458
"SPE000584","SPE001329","SPE001329-delivered","delivered",1.0,1471
"SPE000584","TOP001125","SPE001329-TOP001125-covers","covers",1.0,1471
"SPE000584","TOP004012","SPE001329-TOP004012-covers","covers",1.0,1471
"SPE000584","TOP004013","SPE001329-TOP004013-covers","covers",1.0,1471
"SPE000584","SPE001335","SPE001335-delivered","delivered",1.0,1477
"SPE000584","TOP004026","SPE001335-TOP004026-covers","covers",1.0,1477
"SPE000584","TOP004027","SPE001335-TOP004027-covers","covers",1.0,1477
"SPE000584","TOP004028","SPE001335-TOP004028-covers","covers",1.0,1477
"SPE000584","SPE001339","SPE001339-delivered","delivered",1.0,1482
"SPE000584","TOP004040","SPE001339-TOP004040-covers","covers",1.0,1482
"SPE000584","TOP004041","SPE001339-TOP004041-covers","covers",1.0,1482
"SPE000584","TOP004042","SPE001339-TOP004042-covers","covers",1.0,1482
"SPE000584","SPE001360","SPE001360-delivered","delivered",1.0,1505
"SPE000584","TOP004106","SPE001360-TOP004106-covers","covers",1.0,1505
"SPE000584","TOP004107","SPE001360-TOP004107-covers","covers",1.0,1505
"SPE000584","TOP004108","SPE001360-TOP004108-covers","covers",1.0,1505
"SPE000584","SPE001367","SPE001367-delivered","delivered",1.0,1512
"SPE000584","TOP004126","SPE001367-TOP004126-covers","covers",1.0,1512
"SPE000584","TOP004127","SPE001367-TOP004127-covers","covers",1.0,1512
"SPE000584","TOP004128","SPE001367-TOP004128-covers","covers",1.0,1512
"SPE000584","SPE001375","SPE001375-delivered","delivered",1.0,1519
"SPE000584","TOP004146","SPE001375-TOP004146-covers","covers",1.0,1519
"SPE000584","TOP004147","SPE001375-TOP004147-covers","covers",1.0,1519
"SPE000584","TOP004148","SPE001375-TOP004148-covers","covers",1.0,1519
"SPE000584","SPE001377","SPE001377-delivered","delivered",1.0,1521
"SPE000584","TOP004152","SPE001377-TOP004152-covers","covers",1.0,1521
"SPE000584","TOP004153","SPE001377-TOP004153-covers","covers",1.0,1521
"SPE000584","TOP004154","SPE001377-TOP004154-covers","covers",1.0,1521
"SPE000584","SPE001383","SPE001383-delivered","delivered",1.0,1529
"SPE000584","TOP004174","SPE001383-TOP004174-covers","covers",1.0,1529
"SPE000584","TOP004175","SPE001383-TOP004175-covers","covers",1.0,1529
"SPE000584","TOP004176","SPE001383-TOP004176-covers","covers",1.0,1529
"SPE000584","SPE001400","SPE001400-delivered","delivered",1.0,1546
"SPE000584","TOP004222","SPE001400-TOP004222-covers","covers",1.0,1546
"SPE000584","TOP004223","SPE001400-TOP004223-covers","covers",1.0,1546
"SPE000584","TOP004224","SPE001400-TOP004224-covers","covers",1.0,1546
"SPE000584","SPE001401","SPE001401-delivered","delivered",1.0,1547
"SPE000584","TOP004225","SPE001401-TOP004225-covers","covers",1.0,1547
"SPE000584","TOP004226","SPE001401-TOP004226-covers","covers",1.0,1547
"SPE000584","TOP004227","SPE001401-TOP004227-covers","covers",1.0,1547
"SPE000584","SPE001407","SPE001407-delivered","delivered",1.0,1553
"SPE000584","TOP004243","SPE001407-TOP004243-covers","covers",1.0,1553
"SPE000584","TOP004244","SPE001407-TOP004244-covers","covers",1.0,1553
"SPE000584","TOP004245","SPE001407-TOP004245-covers","covers",1.0,1553
"SPE000584","SPE001415","SPE001415-delivered","delivered",1.0,1560
"SPE000584","TOP004263","SPE001415-TOP004263-covers","covers",1.0,1560
"SPE000584","TOP004264","SPE001415-TOP004264-covers","covers",1.0,1560
"SPE000584","TOP004265","SPE001415-TOP004265-covers","covers",1.0,1560
"SPE000584","SPE001418","SPE001418-delivered","delivered",1.0,1563
"SPE000584","TOP004271","SPE001418-TOP004271-covers","covers",1.0,1563
"SPE000584","TOP004272","SPE001418-TOP004272-covers","covers",1.0,1563
"SPE000584","TOP004273","SPE001418-TOP004273-covers","covers",1.0,1563
"SPE000584","SPE001420","SPE001420-delivered","delivered",1.0,1565
"SPE000584","TOP004277","SPE001420-TOP004277-covers","covers",1.0,1565
"SPE000584","TOP004278","SPE001420-TOP004278-covers","covers",1.0,1565
"SPE000584","TOP000775","SPE001420-TOP000775-covers","covers",1.0,1565
"SPE000584","SPE001448","SPE001448-delivered","delivered",1.0,1594
"SPE000584","TOP004354","SPE001448-TOP004354-covers","covers",1.0,1594
"SPE000584","TOP004355","SPE001448-TOP004355-covers","covers",1.0,1594
"SPE000584","TOP004356","SPE001448-TOP004356-covers","covers",1.0,1594
"SPE000584","SPE001462","SPE001462-delivered","delivered",1.0,1610
"SPE000584","TOP004401","SPE001462-TOP004401-covers","covers",1.0,1610
"SPE000584","TOP004402","SPE001462-TOP004402-covers","covers",1.0,1610
"SPE000585","DAT000511","SPE000585-held_on","held_on",1.0,669
"SPE000586","DAT000511","SPE000586-held_on","held_on",1.0,670
"SPE000587","DAT000512","SPE000587-held_on","held_on",1.0,671
"SPE000588","DAT000512","SPE000588-held_on","held_on",1.0,672
"SPE000589","DAT000512","SPE000589-held_on","held_on",1.0,673
"SPE000589","DAT000953","SPE000589-held_on","held_on",1.0,1271
"SPE000590","DAT000513","SPE000590-held_on","held_on",1.0,674
"SPE000591","DAT000514","SPE000591-held_on","held_on",1.0,675
"SPE000592","DAT000515","SPE000592-held_on","held_on",1.0,676
"SPE000593","DAT000517","SPE000593-held_on","held_on",1.0,678
"SPE000594","DAT000518","SPE000594-held_on","held_on",1.0,679
"SPE000595","DAT000519","SPE000595-held_on","held_on",1.0,680
"SPE000596","DAT000520","SPE000596-held_on","held_on",1.0,681
"SPE000597","DAT000520","SPE000597-held_on","held_on",1.0,682
"SPE000598","DAT000520","SPE000598-held_on","held_on",1.0,683
"SPE000599","DAT000520","SPE000599-held_on","held_on",1.0,684
"SPE000600","DAT000521","SPE000600-held_on","held_on",1.0,686
"SPE000601","DAT000522","SPE000601-held_on","held_on",1.0,687
"SPE000602","DAT000523","SPE000602-held_on","held_on",1.0,689
"SPE000603","DAT000524","SPE000603-held_on","held_on",1.0,690
"SPE000604","DAT000525","SPE000604-held_on","held_on",1.0,691
"SPE000605","DAT000526","SPE000605-held_on","held_on",1.0,692
"SPE000606","DAT000526","SPE000606-held_on","held_on",1.0,693
"SPE000607","DAT000527","SPE000607-held_on","held_on",1.0,694
"SPE000608","DAT000528","SPE000608-held_on","held_on",1.0,695
"SPE000609","DAT000529","SPE000609-held_on","held_on",1.0,696
"SPE000610","DAT000530","SPE000610-held_on","held_on",1.0,697
"SPE000611","DAT000531","SPE000611-held_on","held_on",1.0,698
"SPE000612","DAT000532","SPE000612-held_on","held_on",1.0,699
"SPE000613","DAT000533","SPE000613-held_on","held_on",1.0,700
"SPE000614","DAT000534","SPE000614-held_on","held_on",1.0,701
"SPE000615","DAT000535","SPE000615-held_on","held_on",1.0,702
"SPE000616","DAT000536","SPE000616-held_on","held_on",1.0,703
"SPE000617","DAT000536","SPE000617-held_on","held_on",1.0,704
"SPE000618","DAT000538","SPE000618-held_on","held_on",1.0,706
"SPE000619","DAT000539","SPE000619-held_on","held_on",1.0,708
"SPE000620","DAT000540","SPE000620-held_on","held_on",1.0,709
"SPE000621","DAT000541","SPE000621-held_on","held_on",1.0,710
"SPE000622","DAT000542","SPE000622-held_on","held_on",1.0,711
"SPE000623","DAT000543","SPE000623-held_on","held_on",1.0,712
"SPE000624","DAT000544","SPE000624-held_on","held_on",1.0,713
"SPE000625","DAT000544","SPE000625-held_on","held_on",1.0,714
"SPE000626","DAT000546","SPE000626-held_on","held_on",1.0,716
"SPE000627","DAT000547","SPE000627-held_on","held_on",1.0,717
"SPE000628","DAT000549","SPE000628-held_on","held_on",1.0,721
"SPE000629","DAT000549","SPE000629-held_on","held_on",1.0,722
"SPE000629","DAT000554","SPE000629-held_on","held_on",1.0,730
"SPE000630","DAT000550","SPE000630-held_on","held_on",1.0,723
"SPE000631","DAT000551","SPE000631-held_on","held_on",1.0,724
"SPE000632","DAT000552","SPE000632-held_on","held_on",1.0,725
"SPE000633","DAT000553","SPE000633-held_on","held_on",1.0,726
"SPE000634","DAT000553","SPE000634-held_on","held_on",1.0,727
"SPE000635","DAT000554","SPE000635-held_on","held_on",1.0,728
"SPE000636","DAT000554","SPE000636-held_on","held_on",1.0,729
"SPE000637","DAT000555","SPE000637-held_on","held_on",1.0,731
"SPE000638","DAT000556","SPE000638-held_on","held_on",1.0,732
"SPE000639","DAT000556","SPE000639-held_on","held_on",1.0,733
"SPE000640","DAT000557","SPE000640-held_on","held_on",1.0,734
"SPE000641","DAT000558","SPE000641-held_on","held_on",1.0,735
"SPE000642","DAT000559","SPE000642-held_on","held_on",1.0,736
"SPE000643","DAT000560","SPE000643-held_on","held_on",1.0,737
"SPE000644","DAT000560","SPE000644-held_on","held_on",1.0,738
"SPE000645","DAT000561","SPE000645-held_on","held_on",1.0,739
"SPE000646","DAT000562","SPE000646-held_on","held_on",1.0,740
"SPE000647","DAT000563","SPE000647-held_on","held_on",1.0,742
"SPE000648","DAT000564","SPE000648-held_on","held_on",1.0,743
"SPE000649","DAT000565","SPE000649-held_on","held_on",1.0,744
"SPE000650","DAT000566","SPE000650-held_on","held_on",1.0,745
"SPE000651","DAT000567","SPE000651-held_on","held_on",1.0,746
"SPE000652","DAT000568","SPE000652-held_on","held_on",1.0,747
"SPE000653","DAT000568","SPE000653-held_on","held_on",1.0,748
"SPE000654","DAT000569","SPE000654-held_on","held_on",1.0,749
"SPE000655","DAT000571","SPE000655-held_on","held_on",1.0,751
"SPE000656","DAT000572","SPE000656-held_on","held_on",1.0,752
"SPE000657","DAT000573","SPE000657-held_on","held_on",1.0,753
"SPE000658","DAT000574","SPE000658-held_on","held_on",1.0,754
"SPE000658","DAT000594","SPE000658-held_on","held_on",1.0,781
"SPE000658","DAT000596","SPE000658-held_on","held_on",1.0,785
"SPE000658","DAT000605","SPE000658-held_on","held_on",1.0,795
"SPE000658","DAT000622","SPE000658-held_on","held_on",1.0,822
"SPE000658","DAT000894","SPE000658-held_on","held_on",1.0,1195
"SPE000659","DAT000574","SPE000659-held_on","held_on",1.0,755
"SPE000660","DAT000575","SPE000660-held_on","held_on",1.0,756
"SPE000661","DAT000575","SPE000661-held_on","held_on",1.0,757
"SPE000662","DAT000576","SPE000662-held_on","held_on",1.0,758
"SPE000663","DAT000577","SPE000663-held_on","held_on",1.0,759
"SPE000664","DAT000578","SPE000664-held_on","held_on",1.0,760
"SPE000665","DAT000579","SPE000665-held_on","held_on",1.0,761
"SPE000666","DAT000580","SPE000666-held_on","held_on",1.0,762
"SPE000667","DAT000582","SPE000667-held_on","held_on",1.0,764
"SPE000668","DAT000583","SPE000668-held_on","held_on",1.0,765
"SPE000669","DAT000583","SPE000669-held_on","held_on",1.0,766
"SPE000670","DAT000584","SPE000670-held_on","held_on",1.0,767
"SPE000671","DAT000585","SPE000671-held_on","held_on",1.0,768
"SPE000672","DAT000586","SPE000672-held_on","held_on",1.0,769
"SPE000673","DAT000586","SPE000673-held_on","held_on",1.0,770
"SPE000674","DAT000588","SPE000674-held_on","held_on",1.0,772
"SPE000675","DAT000589","SPE000675-held_on","held_on",1.0,773
"SPE000676","DAT000590","SPE000676-held_on","held_on",1.0,774
"SPE000677","DAT000591","SPE000677-held_on","held_on",1.0,775
"SPE000678","DAT000591","SPE000678-held_on","held_on",1.0,776
"SPE000679","DAT000592","SPE000679-held_on","held_on",1.0,777
"SPE000680","SPE000681","SPE000681-delivered","delivered",1.0,778
"SPE000680","TOP002072","SPE000681-TOP002072-covers","covers",1.0,778
"SPE000680","TOP002073","SPE000681-TOP002073-covers","covers",1.0,778
"SPE000680","TOP002074","SPE000681-TOP002074-covers","covers",1.0,778
"SPE000680","SPE000687","SPE000687-delivered","delivered",1.0,786
"SPE000680","TOP002093","SPE000687-TOP002093-covers","covers",1.0,786
"SPE000680","TOP002094","SPE000687-TOP002094-covers","covers",1.0,786
"SPE000680","TOP002095","SPE000687-TOP002095-covers","covers",1.0,786
"SPE000680","SPE000688","SPE000688-delivered","delivered",1.0,787
"SPE000680","TOP002096","SPE000688-TOP002096-covers","covers",1.0,787
"SPE000680","TOP002097","SPE000688-TOP002097-covers","covers",1.0,787
"SPE000680","TOP002098","SPE000688-TOP002098-covers","covers",1.0,787
"SPE000680","SPE000695","SPE000695-delivered","delivered",1.0,796
"SPE000680","TOP002120","SPE000695-TOP002120-covers","covers",1.0,796
"SPE000680","TOP002121","SPE000695-TOP002121-covers","covers",1.0,796
"SPE000680","TOP002122","SPE000695-TOP002122-covers","covers",1.0,796
"SPE000680","SPE000701","SPE000701-delivered","delivered",1.0,802
"SPE000680","TOP002138","SPE000701-TOP002138-covers","covers",1.0,802
"SPE000680","TOP002139","SPE000701-TOP002139-covers","covers",1.0,802
"SPE000680","TOP002140","SPE000701-TOP002140-covers","covers",1.0,802
"SPE000680","SPE000728","SPE000728-delivered","delivered",1.0,832
"SPE000680","TOP002222","SPE000728-TOP002222-covers","covers",1.0,832
"SPE000680","TOP002223","SPE000728-TOP002223-covers","covers",1.0,832
"SPE000680","TOP002224","SPE000728-TOP002224-covers","covers",1.0,832
"SPE000680","SPE000739","SPE000739-delivered","delivered",1.0,844
"SPE000680","TOP002255","SPE000739-TOP002255-covers","covers",1.0,844
"SPE000680","TOP002256","SPE000739-TOP002256-covers","covers",1.0,844
"SPE000680","TOP002257","SPE000739-TOP002257-covers","covers",1.0,844
"SPE000680","SPE000742","SPE000742-delivered","delivered",1.0,847
"SPE000680","TOP002264","SPE000742-TOP002264-covers","covers",1.0,847
"SPE000680","TOP002265","SPE000742-TOP002265-covers","covers",1.0,847
"SPE000680","TOP002265","SPE000812-TOP002265-covers","covers",1.0,923
"SPE000680","TOP002266","SPE000742-TOP002266-covers","covers",1.0,847
"SPE000680","SPE000749","SPE000749-delivered","delivered",1.0,855
"SPE000680","TOP002288","SPE000749-TOP002288-covers","covers",1.0,855
"SPE000680","TOP002289","SPE000749-TOP002289-covers","covers",1.0,855
"SPE000680","TOP000805","SPE000749-TOP000805-covers","covers",1.0,855
"SPE000680","SPE000751","SPE000751-delivered","delivered",1.0,857
"SPE000680","TOP002293","SPE000751-TOP002293-covers","covers",1.0,857
"SPE000680","TOP002294","SPE000751-TOP002294-covers","covers",1.0,857
"SPE000680","TOP002295","SPE000751-TOP002295-covers","covers",1.0,857
"SPE000680","SPE000754","SPE000754-delivered","delivered",1.0,861
"SPE000680","TOP002305","SPE000754-TOP002305-covers","covers",1.0,861
"SPE000680","TOP002306","SPE000754-TOP002306-covers","covers",1.0,861
"SPE000680","TOP002307","SPE000754-TOP002307-covers","covers",1.0,861
"SPE000680","SPE000763","SPE000763-delivered","delivered",1.0,872
"SPE000680","TOP002332","SPE000763-TOP002332-covers","covers",1.0,872
"SPE000680","TOP002333","SPE000763-TOP002333-covers","covers",1.0,872
"SPE000680","TOP002334","SPE000763-TOP002334-covers","covers",1.0,872
"SPE000680","SPE000764","SPE000764-delivered","delivered",1.0,873
"SPE000680","TOP002335","SPE000764-TOP002335-covers","covers",1.0,873
"SPE000680","TOP002336","SPE000764-TOP002336-covers","covers",1.0,873
"SPE000680","TOP002337","SPE000764-TOP002337-covers","covers",1.0,873
"SPE000680","SPE000765","SPE000765-delivered","delivered",1.0,874
"SPE000680","TOP002338","SPE000765-TOP002338-covers","covers",1.0,874
"SPE000680","TOP002339","SPE000765-TOP002339-covers","covers",1.0,874
"SPE000680","TOP002340","SPE000765-TOP002340-covers","covers",1.0,874
"SPE000680","SPE000774","SPE000774-delivered","delivered",1.0,883
"SPE000680","TOP002365","SPE000774-TOP002365-covers","covers",1.0,883
"SPE000680","TOP002366","SPE000774-TOP002366-covers","covers",1.0,883
"SPE000680","TOP002367","SPE000774-TOP002367-covers","covers",1.0,883
"SPE000680","SPE000777","SPE000777-delivered","delivered",1.0,886
"SPE000680","TOP002374","SPE000777-TOP002374-covers","covers",1.0,886
"SPE000680","TOP002375","SPE000777-TOP002375-covers","covers",1.0,886
"SPE000680","TOP002376","SPE000777-TOP002376-covers","covers",1.0,886
"SPE000680","SPE000780","SPE000780-delivered","delivered",1.0,889
"SPE000680","TOP002383","SPE000780-TOP002383-covers","covers",1.0,889
"SPE000680","TOP002384","SPE000780-TOP002384-covers","covers",1.0,889
"SPE000680","TOP002385","SPE000780-TOP002385-covers","covers",1.0,889
"SPE000680","SPE000795","SPE000795-delivered","delivered",1.0,905
"SPE000680","TOP002426","SPE000795-TOP002426-covers","covers",1.0,905
"SPE000680","TOP002427","SPE000795-TOP002427-covers","covers",1.0,905
"SPE000680","TOP002428","SPE000795-TOP002428-covers","covers",1.0,905
"SPE000680","SPE000800","SPE000800-delivered","delivered",1.0,911
"SPE000680","TOP002443","SPE000800-TOP002443-covers","covers",1.0,911
"SPE000680","TOP002444","SPE000800-TOP002444-covers","covers",1.0,911
"SPE000680","TOP002445","SPE000800-TOP002445-covers","covers",1.0,911
"SPE000680","SPE000803","SPE000803-delivered","delivered",1.0,914
"SPE000680","TOP002452","SPE000803-TOP002452-covers","covers",1.0,914
"SPE000680","TOP002453","SPE000803-TOP002453-covers","covers",1.0,914
"SPE000680","TOP002454","SPE000803-TOP002454-covers","covers",1.0,914
"SPE000680","SPE000812","SPE000812-delivered","delivered",1.0,923
"SPE000680","TOP002473","SPE000812-TOP002473-covers","covers",1.0,923
"SPE000680","TOP002474","SPE000812-TOP002474-covers","covers",1.0,923
"SPE000680","SPE000822","SPE000822-delivered","delivered",1.0,934
"SPE000680","TOP002502","SPE000822-TOP002502-covers","covers",1.0,934
"SPE000680","TOP002503","SPE000822-TOP002503-covers","covers",1.0,934
"SPE000680","TOP002504","SPE000822-TOP002504-covers","covers",1.0,934
"SPE000680","SPE000826","SPE000826-delivered","delivered",1.0,941
"SPE000680","TOP002514","SPE000826-TOP002514-covers","covers",1.0,938
"SPE000680","TOP002515","SPE000826-TOP002515-covers","covers",1.0,938
"SPE000680","TOP002516","SPE000826-TOP002516-covers","covers",1.0,938
"SPE000680","TOP002523","SPE000826-TOP002523-covers","covers",1.0,941
"SPE000680","TOP002364","SPE000826-TOP002364-covers","covers",1.0,941
"SPE000680","TOP000477","SPE000826-TOP000477-covers","covers",1.0,941
"SPE000680","SPE000850","SPE000850-delivered","delivered",1.0,964
"SPE000680","TOP002584","SPE000850-TOP002584-covers","covers",1.0,964
"SPE000680","TOP002585","SPE000850-TOP002585-covers","covers",1.0,964
"SPE000680","TOP002586","SPE000850-TOP002586-covers","covers",1.0,964
"SPE000680","SPE000863","SPE000863-delivered","delivered",1.0,978
"SPE000680","TOP002621","SPE000863-TOP002621-covers","covers",1.0,978
"SPE000680","TOP002622","SPE000863-TOP002622-covers","covers",1.0,978
"SPE000680","TOP002623","SPE000863-TOP002623-covers","covers",1.0,978
"SPE000680","SPE000877","SPE000877-delivered","delivered",1.0,993
"SPE000680","TOP002666","SPE000877-TOP002666-covers","covers",1.0,993
"SPE000680","TOP002667","SPE000877-TOP002667-covers","covers",1.0,993
"SPE000680","TOP002668","SPE000877-TOP002668-covers","covers",1.0,993
"SPE000680","SPE000881","SPE000881-delivered","delivered",1.0,997
"SPE000680","TOP002678","SPE000881-TOP002678-covers","covers",1.0,997
"SPE000680","TOP002679","SPE000881-TOP002679-covers","covers",1.0,997
"SPE000680","TOP002680","SPE000881-TOP002680-covers","covers",1.0,997
"SPE000680","SPE000889","SPE000889-delivered","delivered",1.0,1006
"SPE000680","TOP002704","SPE000889-TOP002704-covers","covers",1.0,1006
"SPE000680","TOP002705","SPE000889-TOP002705-covers","covers",1.0,1006
"SPE000680","TOP002706","SPE000889-TOP002706-covers","covers",1.0,1006
"SPE000680","SPE000907","SPE000907-delivered","delivered",1.0,1029
"SPE000680","TOP002767","SPE000907-TOP002767-covers","covers",1.0,1029
"SPE000680","TOP000207","SPE000907-TOP000207-covers","covers",1.0,1029
"SPE000680","TOP002768","SPE000907-TOP002768-covers","covers",1.0,1029
"SPE000680","SPE000915","SPE000915-delivered","delivered",1.0,1038
"SPE000680","TOP002789","SPE000915-TOP002789-covers","covers",1.0,1038
"SPE000680","TOP002790","SPE000915-TOP002790-covers","covers",1.0,1038
"SPE000680","TOP002791","SPE000915-TOP002791-covers","covers",1.0,1038
"SPE000680","SPE000920","SPE000920-delivered","delivered",1.0,1043
"SPE000680","TOP002804","SPE000920-TOP002804-covers","covers",1.0,1043
"SPE000680","TOP002805","SPE000920-TOP002805-covers","covers",1.0,1043
"SPE000680","TOP002806","SPE000920-TOP002806-covers","covers",1.0,1043
"SPE000680","SPE000925","SPE000925-delivered","delivered",1.0,1048
"SPE000680","TOP002819","SPE000925-TOP002819-covers","covers",1.0,1048
"SPE000680","TOP002820","SPE000925-TOP002820-covers","covers",1.0,1048
"SPE000680","TOP002821","SPE000925-TOP002821-covers","covers",1.0,1048
"SPE000680","SPE000929","SPE000929-delivered","delivered",1.0,1052
"SPE000680","TOP002828","SPE000929-TOP002828-covers","covers",1.0,1052
"SPE000680","TOP002829","SPE000929-TOP002829-covers","covers",1.0,1052
"SPE000680","TOP002830","SPE000929-TOP002830-covers","covers",1.0,1052
"SPE000680","SPE000933","SPE000933-delivered","delivered",1.0,1056
"SPE000680","TOP002840","SPE000933-TOP002840-covers","covers",1.0,1056
"SPE000680","TOP002841","SPE000933-TOP002841-covers","covers",1.0,1056
"SPE000680","TOP002842","SPE000933-TOP002842-covers","covers",1.0,1056
"SPE000680","SPE000935","SPE000935-delivered","delivered",1.0,1058
"SPE000680","TOP002846","SPE000935-TOP002846-covers","covers",1.0,1058
"SPE000680","TOP002847","SPE000935-TOP002847-covers","covers",1.0,1058
"SPE000680","TOP002848","SPE000935-TOP002848-covers","covers",1.0,1058
"SPE000680","SPE000937","SPE000937-delivered","delivered",1.0,1061
"SPE000680","TOP002852","SPE000937-TOP002852-covers","covers",1.0,1061
"SPE000680","TOP002853","SPE000937-TOP002853-covers","covers",1.0,1061
"SPE000680","TOP002854","SPE000937-TOP002854-covers","covers",1.0,1061
"SPE000680","SPE000940","SPE000940-delivered","delivered",1.0,1064
"SPE000680","TOP002861","SPE000940-TOP002861-covers","covers",1.0,1064
"SPE000680","TOP002862","SPE000940-TOP002862-covers","covers",1.0,1064
"SPE000680","TOP002863","SPE000940-TOP002863-covers","covers",1.0,1064
"SPE000680","SPE000944","SPE000944-delivered","delivered",1.0,1068
"SPE000680","TOP002872","SPE000944-TOP002872-covers","covers",1.0,1068
"SPE000680","TOP002873","SPE000944-TOP002873-covers","covers",1.0,1068
"SPE000680","TOP002874","SPE000944-TOP002874-covers","covers",1.0,1068
"SPE000680","SPE000973","SPE000973-delivered","delivered",1.0,1097
"SPE000680","TOP002954","SPE000973-TOP002954-covers","covers",1.0,1097
"SPE000680","TOP002955","SPE000973-TOP002955-covers","covers",1.0,1097
"SPE000680","TOP002956","SPE000973-TOP002956-covers","covers",1.0,1097
"SPE000680","SPE000980","SPE000980-delivered","delivered",1.0,1105
"SPE000680","TOP002976","SPE000980-TOP002976-covers","covers",1.0,1105
"SPE000680","TOP002976","SPE000994-TOP002976-covers","covers",1.0,1120
"SPE000680","TOP002977","SPE000980-TOP002977-covers","covers",1.0,1105
"SPE000680","TOP002978","SPE000980-TOP002978-covers","covers",1.0,1105
"SPE000680","SPE000987","SPE000987-delivered","delivered",1.0,1113
"SPE000680","TOP002999","SPE000987-TOP002999-covers","covers",1.0,1113
"SPE000680","TOP003000","SPE000987-TOP003000-covers","covers",1.0,1113
"SPE000680","TOP000598","SPE000987-TOP000598-covers","covers",1.0,1113
"SPE000680","SPE000993","SPE000993-delivered","delivered",1.0,1119
"SPE000680","TOP003016","SPE000993-TOP003016-covers","covers",1.0,1119
"SPE000680","TOP003017","SPE000993-TOP003017-covers","covers",1.0,1119
"SPE000680","TOP003018","SPE000993-TOP003018-covers","covers",1.0,1119
"SPE000680","SPE000994","SPE000994-delivered","delivered",1.0,1120
"SPE000680","TOP003019","SPE000994-TOP003019-covers","covers",1.0,1120
"SPE000680","TOP003020","SPE000994-TOP003020-covers","covers",1.0,1120
"SPE000680","SPE000999","SPE000999-delivered","delivered",1.0,1125
"SPE000680","TOP003030","SPE000999-TOP003030-covers","covers",1.0,1125
"SPE000680","TOP003031","SPE000999-TOP003031-covers","covers",1.0,1125
"SPE000680","TOP003032","SPE000999-TOP003032-covers","covers",1.0,1125
"SPE000680","SPE001019","SPE001019-delivered","delivered",1.0,1145
"SPE000680","TOP003083","SPE001019-TOP003083-covers","covers",1.0,1145
"SPE000680","TOP003084","SPE001019-TOP003084-covers","covers",1.0,1145
"SPE000680","TOP003085","SPE001019-TOP003085-covers","covers",1.0,1145
"SPE000680","SPE001021","SPE001021-delivered","delivered",1.0,1147
"SPE000680","TOP003089","SPE001021-TOP003089-covers","covers",1.0,1147
"SPE000680","TOP000772","SPE001021-TOP000772-covers","covers",1.0,1147
"SPE000680","TOP003090","SPE001021-TOP003090-covers","covers",1.0,1147
"SPE000680","SPE001023","SPE001023-delivered","delivered",1.0,1149
"SPE000680","TOP003094","SPE001023-TOP003094-covers","covers",1.0,1149
"SPE000680","TOP003095","SPE001023-TOP003095-covers","covers",1.0,1149
"SPE000680","TOP003096","SPE001023-TOP003096-covers","covers",1.0,1149
"SPE000680","SPE001028","SPE001028-delivered","delivered",1.0,1154
"SPE000680","TOP003109","SPE001028-TOP003109-covers","covers",1.0,1154
"SPE000680","TOP003110","SPE001028-TOP003110-covers","covers",1.0,1154
"SPE000680","TOP003110","SPE001194-TOP003110-covers","covers",1.0,1332
"SPE000680","TOP003111","SPE001028-TOP003111-covers","covers",1.0,1154
"SPE000680","SPE001033","SPE001033-delivered","delivered",1.0,1160
"SPE000680","TOP003127","SPE001033-TOP003127-covers","covers",1.0,1160
"SPE000680","TOP003128","SPE001033-TOP003128-covers","covers",1.0,1160
"SPE000680","TOP003128","SPE001040-TOP003128-covers","covers",1.0,1167
"SPE000680","TOP003129","SPE001033-TOP003129-covers","covers",1.0,1160
"SPE000680","SPE001040","SPE001040-delivered","delivered",1.0,1167
"SPE000680","TOP003147","SPE001040-TOP003147-covers","covers",1.0,1167
"SPE000680","TOP003148","SPE001040-TOP003148-covers","covers",1.0,1167
"SPE000680","SPE001041","SPE001041-delivered","delivered",1.0,1168
"SPE000680","TOP003149","SPE001041-TOP003149-covers","covers",1.0,1168
"SPE000680","TOP003150","SPE001041-TOP003150-covers","covers",1.0,1168
"SPE000680","TOP003151","SPE001041-TOP003151-covers","covers",1.0,1168
"SPE000680","SPE001045","SPE001045-delivered","delivered",1.0,1172
"SPE000680","TOP001822","SPE001045-TOP001822-covers","covers",1.0,1172
"SPE000680","TOP003161","SPE001045-TOP003161-covers","covers",1.0,1172
"SPE000680","TOP003162","SPE001045-TOP003162-covers","covers",1.0,1172
"SPE000680","SPE001047","SPE001047-delivered","delivered",1.0,1175
"SPE000680","TOP003169","SPE001047-TOP003169-covers","covers",1.0,1175
"SPE000680","TOP003170","SPE001047-TOP003170-covers","covers",1.0,1175
"SPE000680","TOP003171","SPE001047-TOP003171-covers","covers",1.0,1175
"SPE000680","SPE001062","SPE001062-delivered","delivered",1.0,1191
"SPE000680","TOP003212","SPE001062-TOP003212-covers","covers",1.0,1191
"SPE000680","TOP003213","SPE001062-TOP003213-covers","covers",1.0,1191
"SPE000680","TOP003214","SPE001062-TOP003214-covers","covers",1.0,1191
"SPE000680","SPE001065","SPE001065-delivered","delivered",1.0,1194
"SPE000680","TOP003221","SPE001065-TOP003221-covers","covers",1.0,1194
"SPE000680","TOP003222","SPE001065-TOP003222-covers","covers",1.0,1194
"SPE000680","TOP003223","SPE001065-TOP003223-covers","covers",1.0,1194
"SPE000680","SPE001067","SPE001067-delivered","delivered",1.0,1197
"SPE000680","TOP003230","SPE001067-TOP003230-covers","covers",1.0,1197
"SPE000680","TOP003231","SPE001067-TOP003231-covers","covers",1.0,1197
"SPE000680","TOP003232","SPE001067-TOP003232-covers","covers",1.0,1197
"SPE000680","SPE001069","SPE001069-delivered","delivered",1.0,1199
"SPE000680","TOP003236","SPE001069-TOP003236-covers","covers",1.0,1199
"SPE000680","TOP003237","SPE001069-TOP003237-covers","covers",1.0,1199
"SPE000680","TOP003238","SPE001069-TOP003238-covers","covers",1.0,1199
"SPE000680","SPE001070","SPE001070-delivered","delivered",1.0,1200
"SPE000680","TOP003239","SPE001070-TOP003239-covers","covers",1.0,1200
"SPE000680","TOP003240","SPE001070-TOP003240-covers","covers",1.0,1200
"SPE000680","TOP003241","SPE001070-TOP003241-covers","covers",1.0,1200
"SPE000680","SPE001075","SPE001075-delivered","delivered",1.0,1205
"SPE000680","TOP003254","SPE001075-TOP003254-covers","covers",1.0,1205
"SPE000680","TOP003255","SPE001075-TOP003255-covers","covers",1.0,1205
"SPE000680","TOP003256","SPE001075-TOP003256-covers","covers",1.0,1205
"SPE000680","SPE001086","SPE001086-delivered","delivered",1.0,1217
"SPE000680","TOP003288","SPE001086-TOP003288-covers","covers",1.0,1217
"SPE000680","TOP003289","SPE001086-TOP003289-covers","covers",1.0,1217
"SPE000680","TOP003290","SPE001086-TOP003290-covers","covers",1.0,1217
"SPE000680","SPE001090","SPE001090-delivered","delivered",1.0,1221
"SPE000680","TOP003299","SPE001090-TOP003299-covers","covers",1.0,1221
"SPE000680","TOP003300","SPE001090-TOP003300-covers","covers",1.0,1221
"SPE000680","TOP003301","SPE001090-TOP003301-covers","covers",1.0,1221
"SPE000680","TOP003301","SPE001282-TOP003301-covers","covers",1.0,1423
"SPE000680","SPE000852","SPE000852-delivered","delivered",1.0,1224
"SPE000680","TOP003308","SPE000852-TOP003308-covers","covers",1.0,1224
"SPE000680","TOP003309","SPE000852-TOP003309-covers","covers",1.0,1224
"SPE000680","TOP003310","SPE000852-TOP003310-covers","covers",1.0,1224
"SPE000680","SPE001097","SPE001097-delivered","delivered",1.0,1229
"SPE000680","TOP003322","SPE001097-TOP003322-covers","covers",1.0,1229
"SPE000680","TOP003323","SPE001097-TOP003323-covers","covers",1.0,1229
"SPE000680","TOP003324","SPE001097-TOP003324-covers","covers",1.0,1229
"SPE000680","SPE001107","SPE001107-delivered","delivered",1.0,1240
"SPE000680","TOP003355","SPE001107-TOP003355-covers","covers",1.0,1240
"SPE000680","TOP003356","SPE001107-TOP003356-covers","covers",1.0,1240
"SPE000680","TOP003357","SPE001107-TOP003357-covers","covers",1.0,1240
"SPE000680","SPE001111","SPE001111-delivered","delivered",1.0,1244
"SPE000680","TOP003367","SPE001111-TOP003367-covers","covers",1.0,1244
"SPE000680","TOP003368","SPE001111-TOP003368-covers","covers",1.0,1244
"SPE000680","TOP003369","SPE001111-TOP003369-covers","covers",1.0,1244
"SPE000680","SPE001120","SPE001120-delivered","delivered",1.0,1254
"SPE000680","TOP003396","SPE001120-TOP003396-covers","covers",1.0,1254
"SPE000680","TOP003397","SPE001120-TOP003397-covers","covers",1.0,1254
"SPE000680","TOP003398","SPE001120-TOP003398-covers","covers",1.0,1254
"SPE000680","SPE001121","SPE001121-delivered","delivered",1.0,1255
"SPE000680","TOP003399","SPE001121-TOP003399-covers","covers",1.0,1255
"SPE000680","TOP003400","SPE001121-TOP003400-covers","covers",1.0,1255
"SPE000680","TOP003401","SPE001121-TOP003401-covers","covers",1.0,1255
"SPE000680","SPE001123","SPE001123-delivered","delivered",1.0,1257
"SPE000680","TOP003405","SPE001123-TOP003405-covers","covers",1.0,1257
"SPE000680","TOP003406","SPE001123-TOP003406-covers","covers",1.0,1257
"SPE000680","TOP003407","SPE001123-TOP003407-covers","covers",1.0,1257
"SPE000680","SPE001124","SPE001124-delivered","delivered",1.0,1258
"SPE000680","TOP003408","SPE001124-TOP003408-covers","covers",1.0,1258
"SPE000680","TOP003409","SPE001124-TOP003409-covers","covers",1.0,1258
"SPE000680","TOP003410","SPE001124-TOP003410-covers","covers",1.0,1258
"SPE000680","SPE001126","SPE001126-delivered","delivered",1.0,1260
"SPE000680","TOP003414","SPE001126-TOP003414-covers","covers",1.0,1260
"SPE000680","TOP003415","SPE001126-TOP003415-covers","covers",1.0,1260
"SPE000680","TOP003416","SPE001126-TOP003416-covers","covers",1.0,1260
"SPE000680","SPE001135","SPE001135-delivered","delivered",1.0,1269
"SPE000680","TOP003440","SPE001135-TOP003440-covers","covers",1.0,1269
"SPE000680","TOP003441","SPE001135-TOP003441-covers","covers",1.0,1269
"SPE000680","TOP003442","SPE001135-TOP003442-covers","covers",1.0,1269
"SPE000680","SPE001137","SPE001137-delivered","delivered",1.0,1272
"SPE000680","TOP003449","SPE001137-TOP003449-covers","covers",1.0,1272
"SPE000680","TOP003450","SPE001137-TOP003450-covers","covers",1.0,1272
"SPE000680","TOP003451","SPE001137-TOP003451-covers","covers",1.0,1272
"SPE000680","SPE001140","SPE001140-delivered","delivered",1.0,1275
"SPE000680","TOP003457","SPE001140-TOP003457-covers","covers",1.0,1275
"SPE000680","TOP003458","SPE001140-TOP003458-covers","covers",1.0,1275
"SPE000680","TOP003459","SPE001140-TOP003459-covers","covers",1.0,1275
"SPE000680","SPE001141","SPE001141-delivered","delivered",1.0,1276
"SPE000680","TOP003460","SPE001141-TOP003460-covers","covers",1.0,1276
"SPE000680","TOP003461","SPE001141-TOP003461-covers","covers",1.0,1276
"SPE000680","TOP003462","SPE001141-TOP003462-covers","covers",1.0,1276
"SPE000680","TOP003462","SPE001176-TOP003462-covers","covers",1.0,1314
"SPE000680","SPE001145","SPE001145-delivered","delivered",1.0,1281
"SPE000680","TOP003474","SPE001145-TOP003474-covers","covers",1.0,1281
"SPE000680","TOP003475","SPE001145-TOP003475-covers","covers",1.0,1281
"SPE000680","TOP003476","SPE001145-TOP003476-covers","covers",1.0,1281
"SPE000680","SPE001147","SPE001147-delivered","delivered",1.0,1283
"SPE000680","TOP003480","SPE001147-TOP003480-covers","covers",1.0,1283
"SPE000680","TOP003481","SPE001147-TOP003481-covers","covers",1.0,1283
"SPE000680","TOP003482","SPE001147-TOP003482-covers","covers",1.0,1283
"SPE000680","SPE001176","SPE001176-delivered","delivered",1.0,1314
"SPE000680","TOP003572","SPE001176-TOP003572-covers","covers",1.0,1314
"SPE000680","TOP003573","SPE001176-TOP003573-covers","covers",1.0,1314
"SPE000680","SPE001194","SPE001194-delivered","delivered",1.0,1332
"SPE000680","TOP003621","SPE001194-TOP003621-covers","covers",1.0,1332
"SPE000680","TOP003622","SPE001194-TOP003622-covers","covers",1.0,1332
"SPE000680","SPE001208","SPE001208-delivered","delivered",1.0,1347
"SPE000680","TOP003663","SPE001208-TOP003663-covers","covers",1.0,1347
"SPE000680","TOP003664","SPE001208-TOP003664-covers","covers",1.0,1347
"SPE000680","TOP003665","SPE001208-TOP003665-covers","covers",1.0,1347
"SPE000680","SPE001212","SPE001212-delivered","delivered",1.0,1351
"SPE000680","TOP003675","SPE001212-TOP003675-covers","covers",1.0,1351
"SPE000680","TOP003676","SPE001212-TOP003676-covers","covers",1.0,1351
"SPE000680","TOP003677","SPE001212-TOP003677-covers","covers",1.0,1351
"SPE000680","SPE001225","SPE001225-delivered","delivered",1.0,1365
"SPE000680","TOP003713","SPE001225-TOP003713-covers","covers",1.0,1365
"SPE000680","TOP003714","SPE001225-TOP003714-covers","covers",1.0,1365
"SPE000680","TOP003715","SPE001225-TOP003715-covers","covers",1.0,1365
"SPE000680","SPE001247","SPE001247-delivered","delivered",1.0,1388
"SPE000680","TOP003781","SPE001247-TOP003781-covers","covers",1.0,1388
"SPE000680","TOP003782","SPE001247-TOP003782-covers","covers",1.0,1388
"SPE000680","TOP003783","SPE001247-TOP003783-covers","covers",1.0,1388
"SPE000680","SPE001249","SPE001249-delivered","delivered",1.0,1390
"SPE000680","TOP003787","SPE001249-TOP003787-covers","covers",1.0,1390
"SPE000680","TOP003788","SPE001249-TOP003788-covers","covers",1.0,1390
"SPE000680","TOP003789","SPE001249-TOP003789-covers","covers",1.0,1390
"SPE000680","SPE001261","SPE001261-delivered","delivered",1.0,1402
"SPE000680","TOP003823","SPE001261-TOP003823-covers","covers",1.0,1402
"SPE000680","TOP000153","SPE001261-TOP000153-covers","covers",1.0,1402
"SPE000680","TOP000288","SPE001261-TOP000288-covers","covers",1.0,1402
"SPE000680","SPE001263","SPE001263-delivered","delivered",1.0,1404
"SPE000680","TOP003827","SPE001263-TOP003827-covers","covers",1.0,1404
"SPE000680","TOP003828","SPE001263-TOP003828-covers","covers",1.0,1404
"SPE000680","TOP003829","SPE001263-TOP003829-covers","covers",1.0,1404
"SPE000680","SPE001282","SPE001282-delivered","delivered",1.0,1423
"SPE000680","TOP003881","SPE001282-TOP003881-covers","covers",1.0,1423
"SPE000680","TOP003882","SPE001282-TOP003882-covers","covers",1.0,1423
"SPE000680","SPE001294","SPE001294-delivered","delivered",1.0,1435
"SPE000680","TOP003916","SPE001294-TOP003916-covers","covers",1.0,1435
"SPE000680","TOP003917","SPE001294-TOP003917-covers","covers",1.0,1435
"SPE000680","TOP003918","SPE001294-TOP003918-covers","covers",1.0,1435
"SPE000680","TOP003918","SPE001296-TOP003918-covers","covers",1.0,1437
"SPE000680","SPE001296","SPE001296-delivered","delivered",1.0,1437
"SPE000680","TOP001811","SPE001296-TOP001811-covers","covers",1.0,1437
"SPE000680","TOP003922","SPE001296-TOP003922-covers","covers",1.0,1437
"SPE000680","SPE001297","SPE001297-delivered","delivered",1.0,1438
"SPE000680","TOP003923","SPE001297-TOP003923-covers","covers",1.0,1438
"SPE000680","TOP003924","SPE001297-TOP003924-covers","covers",1.0,1438
"SPE000680","TOP001077","SPE001297-TOP001077-covers","covers",1.0,1438
"SPE000680","TOP001077","SPE001467-TOP001077-covers","covers",1.0,1615
"SPE000680","SPE001303","SPE001303-delivered","delivered",1.0,1444
"SPE000680","TOP003938","SPE001303-TOP003938-covers","covers",1.0,1444
"SPE000680","TOP001417","SPE001303-TOP001417-covers","covers",1.0,1444
"SPE000680","TOP003939","SPE001303-TOP003939-covers","covers",1.0,1444
"SPE000680","SPE001310","SPE001310-delivered","delivered",1.0,1452
"SPE000680","TOP003959","SPE001310-TOP003959-covers","covers",1.0,1452
"SPE000680","TOP003960","SPE001310-TOP003960-covers","covers",1.0,1452
"SPE000680","TOP003961","SPE001310-TOP003961-covers","covers",1.0,1452
"SPE000680","SPE001317","SPE001317-delivered","delivered",1.0,1459
"SPE000680","TOP003978","SPE001317-TOP003978-covers","covers",1.0,1459
"SPE000680","TOP003979","SPE001317-TOP003979-covers","covers",1.0,1459
"SPE000680","TOP003980","SPE001317-TOP003980-covers","covers",1.0,1459
"SPE000680","SPE001326","SPE001326-delivered","delivered",1.0,1468
"SPE000680","TOP000775","SPE001326-TOP000775-covers","covers",1.0,1468
"SPE000680","TOP000775","SPE001436-TOP000775-covers","covers",1.0,1581
"SPE000680","TOP004005","SPE001326-TOP004005-covers","covers",1.0,1468
"SPE000680","TOP000635","SPE001326-TOP000635-covers","covers",1.0,1468
"SPE000680","SPE001331","SPE001331-delivered","delivered",1.0,1473
"SPE000680","TOP004017","SPE001331-TOP004017-covers","covers",1.0,1473
"SPE000680","TOP004018","SPE001331-TOP004018-covers","covers",1.0,1473
"SPE000680","TOP004019","SPE001331-TOP004019-covers","covers",1.0,1473
"SPE000680","SPE001206","SPE001206-delivered","delivered",1.0,1488
"SPE000680","TOP004058","SPE001206-TOP004058-covers","covers",1.0,1488
"SPE000680","TOP004059","SPE001206-TOP004059-covers","covers",1.0,1488
"SPE000680","TOP004060","SPE001206-TOP004060-covers","covers",1.0,1488
"SPE000680","SPE001357","SPE001357-delivered","delivered",1.0,1502
"SPE000680","TOP004097","SPE001357-TOP004097-covers","covers",1.0,1502
"SPE000680","TOP004098","SPE001357-TOP004098-covers","covers",1.0,1502
"SPE000680","TOP004099","SPE001357-TOP004099-covers","covers",1.0,1502
"SPE000680","SPE001362","SPE001362-delivered","delivered",1.0,1507
"SPE000680","TOP004112","SPE001362-TOP004112-covers","covers",1.0,1507
"SPE000680","TOP004113","SPE001362-TOP004113-covers","covers",1.0,1507
"SPE000680","TOP004114","SPE001362-TOP004114-covers","covers",1.0,1507
"SPE000680","SPE001363","SPE001363-delivered","delivered",1.0,1508
"SPE000680","TOP004115","SPE001363-TOP004115-covers","covers",1.0,1508
"SPE000680","TOP001041","SPE001363-TOP001041-covers","covers",1.0,1508
"SPE000680","TOP004116","SPE001363-TOP004116-covers","covers",1.0,1508
"SPE000680","SPE001365","SPE001365-delivered","delivered",1.0,1510
"SPE000680","TOP004120","SPE001365-TOP004120-covers","covers",1.0,1510
"SPE000680","TOP004121","SPE001365-TOP004121-covers","covers",1.0,1510
"SPE000680","TOP004122","SPE001365-TOP004122-covers","covers",1.0,1510
"SPE000680","SPE001378","SPE001378-delivered","delivered",1.0,1523
"SPE000680","TOP004158","SPE001378-TOP004158-covers","covers",1.0,1523
"SPE000680","TOP004159","SPE001378-TOP004159-covers","covers",1.0,1523
"SPE000680","TOP004160","SPE001378-TOP004160-covers","covers",1.0,1523
"SPE000680","SPE001380","SPE001380-delivered","delivered",1.0,1525
"SPE000680","TOP004162","SPE001380-TOP004162-covers","covers",1.0,1525
"SPE000680","TOP004163","SPE001380-TOP004163-covers","covers",1.0,1525
"SPE000680","TOP004164","SPE001380-TOP004164-covers","covers",1.0,1525
"SPE000680","SPE001385","SPE001385-delivered","delivered",1.0,1531
"SPE000680","TOP004180","SPE001385-TOP004180-covers","covers",1.0,1531
"SPE000680","TOP003027","SPE001385-TOP003027-covers","covers",1.0,1531
"SPE000680","TOP004181","SPE001385-TOP004181-covers","covers",1.0,1531
"SPE000680","SPE001390","SPE001390-delivered","delivered",1.0,1536
"SPE000680","TOP004194","SPE001390-TOP004194-covers","covers",1.0,1536
"SPE000680","TOP004195","SPE001390-TOP004195-covers","covers",1.0,1536
"SPE000680","TOP003876","SPE001390-TOP003876-covers","covers",1.0,1536
"SPE000680","TOP003876","SPE001519-TOP003876-covers","covers",1.0,1667
"SPE000680","SPE001408","SPE001408-delivered","delivered",1.0,1554
"SPE000680","TOP004246","SPE001408-TOP004246-covers","covers",1.0,1554
"SPE000680","TOP004247","SPE001408-TOP004247-covers","covers",1.0,1554
"SPE000680","TOP004248","SPE001408-TOP004248-covers","covers",1.0,1554
"SPE000680","SPE001416","SPE001416-delivered","delivered",1.0,1561
"SPE000680","TOP004266","SPE001416-TOP004266-covers","covers",1.0,1561
"SPE000680","TOP004267","SPE001416-TOP004267-covers","covers",1.0,1561
"SPE000680","TOP004268","SPE001416-TOP004268-covers","covers",1.0,1561
"SPE000680","SPE001419","SPE001419-delivered","delivered",1.0,1564
"SPE000680","TOP004274","SPE001419-TOP004274-covers","covers",1.0,1564
"SPE000680","TOP004275","SPE001419-TOP004275-covers","covers",1.0,1564
"SPE000680","TOP004276","SPE001419-TOP004276-covers","covers",1.0,1564
"SPE000680","SPE001432","SPE001432-delivered","delivered",1.0,1577
"SPE000680","TOP004309","SPE001432-TOP004309-covers","covers",1.0,1577
"SPE000680","TOP004310","SPE001432-TOP004310-covers","covers",1.0,1577
"SPE000680","TOP004310","SPE001469-TOP004310-covers","covers",1.0,1617
"SPE000680","TOP004311","SPE001432-TOP004311-covers","covers",1.0,1577
"SPE000680","SPE001435","SPE001435-delivered","delivered",1.0,1580
"SPE000680","TOP004317","SPE001435-TOP004317-covers","covers",1.0,1580
"SPE000680","TOP004318","SPE001435-TOP004318-covers","covers",1.0,1580
"SPE000680","TOP004319","SPE001435-TOP004319-covers","covers",1.0,1580
"SPE000680","SPE001436","SPE001436-delivered","delivered",1.0,1581
"SPE000680","TOP004320","SPE001436-TOP004320-covers","covers",1.0,1581
"SPE000680","TOP004321","SPE001436-TOP004321-covers","covers",1.0,1581
"SPE000680","SPE001437","SPE001437-delivered","delivered",1.0,1582
"SPE000680","TOP004322","SPE001437-TOP004322-covers","covers",1.0,1582
"SPE000680","TOP004323","SPE001437-TOP004323-covers","covers",1.0,1582
"SPE000680","TOP004324","SPE001437-TOP004324-covers","covers",1.0,1582
"SPE000680","SPE001441","SPE001441-delivered","delivered",1.0,1587
"SPE000680","TOP004335","SPE001441-TOP004335-covers","covers",1.0,1587
"SPE000680","TOP002412","SPE001441-TOP002412-covers","covers",1.0,1587
"SPE000680","TOP004336","SPE001441-TOP004336-covers","covers",1.0,1587
"SPE000680","SPE001467","SPE001467-delivered","delivered",1.0,1615
"SPE000680","TOP004414","SPE001467-TOP004414-covers","covers",1.0,1615
"SPE000680","TOP004415","SPE001467-TOP004415-covers","covers",1.0,1615
"SPE000680","SPE001469","SPE001469-delivered","delivered",1.0,1617
"SPE000680","TOP004419","SPE001469-TOP004419-covers","covers",1.0,1617
"SPE000680","TOP004420","SPE001469-TOP004420-covers","covers",1.0,1617
"SPE000680","SPE001484","SPE001484-delivered","delivered",1.0,1631
"SPE000680","TOP000496","SPE001484-TOP000496-covers","covers",1.0,1631
"SPE000680","TOP004458","SPE001484-TOP004458-covers","covers",1.0,1631
"SPE000680","TOP000895","SPE001484-TOP000895-covers","covers",1.0,1631
"SPE000680","SPE001497","SPE001497-delivered","delivered",1.0,1644
"SPE000680","TOP004177","SPE001497-TOP004177-covers","covers",1.0,1644
"SPE000680","TOP004493","SPE001497-TOP004493-covers","covers",1.0,1644
"SPE000680","TOP004494","SPE001497-TOP004494-covers","covers",1.0,1644
"SPE000680","SPE001499","SPE001499-delivered","delivered",1.0,1646
"SPE000680","TOP004498","SPE001499-TOP004498-covers","covers",1.0,1646
"SPE000680","TOP004499","SPE001499-TOP004499-covers","covers",1.0,1646
"SPE000680","TOP004500","SPE001499-TOP004500-covers","covers",1.0,1646
"SPE000680","SPE001519","SPE001519-delivered","delivered",1.0,1667
"SPE000680","TOP001553","SPE001519-TOP001553-covers","covers",1.0,1667
"SPE000680","TOP001286","SPE001519-TOP001286-covers","covers",1.0,1667
"SPE000680","SPE001540","SPE001540-delivered","delivered",1.0,1688
"SPE000680","TOP004618","SPE001540-TOP004618-covers","covers",1.0,1688
"SPE000680","TOP004619","SPE001540-TOP004619-covers","covers",1.0,1688
"SPE000680","TOP004620","SPE001540-TOP004620-covers","covers",1.0,1688
"SPE000680","SPE001544","SPE001544-delivered","delivered",1.0,1692
"SPE000680","TOP004629","SPE001544-TOP004629-covers","covers",1.0,1692
"SPE000680","TOP004630","SPE001544-TOP004630-covers","covers",1.0,1692
"SPE000680","TOP004631","SPE001544-TOP004631-covers","covers",1.0,1692
"SPE000680","SPE001552","SPE001552-delivered","delivered",1.0,1700
"SPE000680","TOP004649","SPE001552-TOP004649-covers","covers",1.0,1700
"SPE000680","TOP004650","SPE001552-TOP004650-covers","covers",1.0,1700
"SPE000680","TOP004651","SPE001552-TOP004651-covers","covers",1.0,1700
"SPE000680","SPE001554","SPE001554-delivered","delivered",1.0,1702
"SPE000680","TOP004655","SPE001554-TOP004655-covers","covers",1.0,1702
"SPE000680","TOP004656","SPE001554-TOP004656-covers","covers",1.0,1702
"SPE000680","TOP004657","SPE001554-TOP004657-covers","covers",1.0,1702
"SPE000680","SPE001565","SPE001565-delivered","delivered",1.0,1713
"SPE000680","TOP004685","SPE001565-TOP004685-covers","covers",1.0,1713
"SPE000680","TOP004686","SPE001565-TOP004686-covers","covers",1.0,1713
"SPE000680","TOP004687","SPE001565-TOP004687-covers","covers",1.0,1713
"SPE000680","SPE001576","SPE001576-delivered","delivered",1.0,1724
"SPE000680","TOP004716","SPE001576-TOP004716-covers","covers",1.0,1724
"SPE000680","TOP004717","SPE001576-TOP004717-covers","covers",1.0,1724
"SPE000680","TOP004718","SPE001576-TOP004718-covers","covers",1.0,1724
"SPE000680","SPE001579","SPE001579-delivered","delivered",1.0,1727
"SPE000680","TOP004725","SPE001579-TOP004725-covers","covers",1.0,1727
"SPE000680","TOP004726","SPE001579-TOP004726-covers","covers",1.0,1727
"SPE000680","TOP004727","SPE001579-TOP004727-covers","covers",1.0,1727
"SPE000680","SPE001592","SPE001592-delivered","delivered",1.0,1741
"SPE000680","TOP004767","SPE001592-TOP004767-covers","covers",1.0,1741
"SPE000680","TOP004768","SPE001592-TOP004768-covers","covers",1.0,1741
"SPE000680","TOP004769","SPE001592-TOP004769-covers","covers",1.0,1741
"SPE000681","DAT000593","SPE000681-held_on","held_on",1.0,778
"SPE000682","DAT000594","SPE000682-held_on","held_on",1.0,779
"SPE000683","DAT000594","SPE000683-held_on","held_on",1.0,780
"SPE000684","DAT000594","SPE000684-held_on","held_on",1.0,782
"SPE000685","DAT000594","SPE000685-held_on","held_on",1.0,783
"SPE000686","DAT000595","SPE000686-held_on","held_on",1.0,784
"SPE000687","DAT000597","SPE000687-held_on","held_on",1.0,786
"SPE000688","DAT000598","SPE000688-held_on","held_on",1.0,787
"SPE000689","DAT000598","SPE000689-held_on","held_on",1.0,788
"SPE000690","DAT000599","SPE000690-held_on","held_on",1.0,789
"SPE000691","DAT000600","SPE000691-held_on","held_on",1.0,790
"SPE000692","DAT000602","SPE000692-held_on","held_on",1.0,792
"SPE000693","DAT000603","SPE000693-held_on","held_on",1.0,793
"SPE000694","DAT000604","SPE000694-held_on","held_on",1.0,794
"SPE000695","DAT000605","SPE000695-held_on","held_on",1.0,796
"SPE000696","DAT000606","SPE000696-held_on","held_on",1.0,797
"SPE000697","DAT000607","SPE000697-held_on","held_on",1.0,798
"SPE000698","DAT000608","SPE000698-held_on","held_on",1.0,799
"SPE000699","DAT000609","SPE000699-held_on","held_on",1.0,800
"SPE000700","DAT000610","SPE000700-held_on","held_on",1.0,801
"SPE000701","DAT000610","SPE000701-held_on","held_on",1.0,802
"SPE000702","DAT000610","SPE000702-held_on","held_on",1.0,803
"SPE000703","DAT000610","SPE000703-held_on","held_on",1.0,805
"SPE000704","DAT000611","SPE000704-held_on","held_on",1.0,806
"SPE000705","DAT000611","SPE000705-held_on","held_on",1.0,807
"SPE000706","DAT000612","SPE000706-held_on","held_on",1.0,808
"SPE000707","DAT000613","SPE000707-held_on","held_on",1.0,810
"SPE000708","DAT000614","SPE000708-held_on","held_on",1.0,811
"SPE000709","DAT000615","SPE000709-held_on","held_on",1.0,812
"SPE000710","DAT000616","SPE000710-held_on","held_on",1.0,813
"SPE000711","DAT000617","SPE000711-held_on","held_on",1.0,814
"SPE000712","DAT000617","SPE000712-held_on","held_on",1.0,815
"SPE000713","DAT000617","SPE000713-held_on","held_on",1.0,816
"SPE000714","DAT000618","SPE000714-held_on","held_on",1.0,817
"SPE000715","DAT000619","SPE000715-held_on","held_on",1.0,818
"SPE000716","DAT000619","SPE000716-held_on","held_on",1.0,819
"SPE000717","DAT000620","SPE000717-held_on","held_on",1.0,820
"SPE000718","DAT000621","SPE000718-held_on","held_on",1.0,821
"SPE000719","DAT000623","SPE000719-held_on","held_on",1.0,823
"SPE000720","DAT000624","SPE000720-held_on","held_on",1.0,824
"SPE000721","DAT000625","SPE000721-held_on","held_on",1.0,825
"SPE000722","DAT000625","SPE000722-held_on","held_on",1.0,826
"SPE000723","DAT000625","SPE000723-held_on","held_on",1.0,827
"SPE000724","DAT000626","SPE000724-held_on","held_on",1.0,828
"SPE000725","DAT000627","SPE000725-held_on","held_on",1.0,829
"SPE000726","DAT000628","SPE000726-held_on","held_on",1.0,830
"SPE000727","DAT000628","SPE000727-held_on","held_on",1.0,831
"SPE000728","DAT000629","SPE000728-held_on","held_on",1.0,832
"SPE000729","DAT000629","SPE000729-held_on","held_on",1.0,833
"SPE000730","DAT000630","SPE000730-held_on","held_on",1.0,834
"SPE000731","DAT000630","SPE000731-held_on","held_on",1.0,835
"SPE000732","DAT000631","SPE000732-held_on","held_on",1.0,837
"SPE000733","DAT000632","SPE000733-held_on","held_on",1.0,838
"SPE000734","DAT000633","SPE000734-held_on","held_on",1.0,839
"SPE000735","DAT000633","SPE000735-held_on","held_on",1.0,840
"SPE000736","DAT000634","SPE000736-held_on","held_on",1.0,841
"SPE000737","DAT000635","SPE000737-held_on","held_on",1.0,842
"SPE000738","DAT000635","SPE000738-held_on","held_on",1.0,843
"SPE000739","DAT000636","SPE000739-held_on","held_on",1.0,844
"SPE000740","DAT000637","SPE000740-held_on","held_on",1.0,845
"SPE000741","DAT000638","SPE000741-held_on","held_on",1.0,846
"SPE000742","DAT000638","SPE000742-held_on","held_on",1.0,847
"SPE000743","DAT000639","SPE000743-held_on","held_on",1.0,848
"SPE000744","DAT000639","SPE000744-held_on","held_on",1.0,849
"SPE000745","DAT000640","SPE000745-held_on","held_on",1.0,850
"SPE000746","DAT000641","SPE000746-held_on","held_on",1.0,852
"SPE000747","DAT000642","SPE000747-held_on","held_on",1.0,853
"SPE000748","DAT000643","SPE000748-held_on","held_on",1.0,854
"SPE000749","DAT000644","SPE000749-held_on","held_on",1.0,855
"SPE000750","DAT000645","SPE000750-held_on","held_on",1.0,856
"SPE000751","DAT000646","SPE000751-held_on","held_on",1.0,857
"SPE000752","DAT000647","SPE000752-held_on","held_on",1.0,858
"SPE000753","DAT000648","SPE000753-held_on","held_on",1.0,859
"SPE000754","DAT000648","SPE000754-held_on","held_on",1.0,861
"SPE000755","DAT000649","SPE000755-held_on","held_on",1.0,862
"SPE000756","DAT000649","SPE000756-held_on","held_on",1.0,863
"SPE000757","DAT000650","SPE000757-held_on","held_on",1.0,864
"SPE000757","DAT000652","SPE000757-held_on","held_on",1.0,867
"SPE000758","DAT000651","SPE000758-held_on","held_on",1.0,865
"SPE000759","DAT000651","SPE000759-held_on","held_on",1.0,866
"SPE000760","DAT000653","SPE000760-held_on","held_on",1.0,868
"SPE000761","DAT000653","SPE000761-held_on","held_on",1.0,869
"SPE000762","DAT000654","SPE000762-held_on","held_on",1.0,871
"SPE000763","DAT000654","SPE000763-held_on","held_on",1.0,872
"SPE000764","DAT000655","SPE000764-held_on","held_on",1.0,873
"SPE000765","DAT000655","SPE000765-held_on","held_on",1.0,874
"SPE000766","DAT000655","SPE000766-held_on","held_on",1.0,875
"SPE000767","DAT000655","SPE000767-held_on","held_on",1.0,876
"SPE000768","DAT000656","SPE000768-held_on","held_on",1.0,877
"SPE000769","DAT000657","SPE000769-held_on","held_on",1.0,878
"SPE000770","DAT000658","SPE000770-held_on","held_on",1.0,879
"SPE000771","DAT000658","SPE000771-held_on","held_on",1.0,880
"SPE000772","DAT000659","SPE000772-held_on","held_on",1.0,881
"SPE000773","DAT000660","SPE000773-held_on","held_on",1.0,882
"SPE000774","DAT000661","SPE000774-held_on","held_on",1.0,883
"SPE000775","DAT000662","SPE000775-held_on","held_on",1.0,884
"SPE000776","DAT000663","SPE000776-held_on","held_on",1.0,885
"SPE000777","DAT000664","SPE000777-held_on","held_on",1.0,886
"SPE000778","DAT000665","SPE000778-held_on","held_on",1.0,887
"SPE000779","DAT000666","SPE000779-held_on","held_on",1.0,888
"SPE000780","DAT000667","SPE000780-held_on","held_on",1.0,889
"SPE000781","DAT000668","SPE000781-held_on","held_on",1.0,890
"SPE000782","DAT000669","SPE000782-held_on","held_on",1.0,891
"SPE000783","DAT000670","SPE000783-held_on","held_on",1.0,892
"SPE000784","DAT000671","SPE000784-held_on","held_on",1.0,893
"SPE000785","DAT000672","SPE000785-held_on","held_on",1.0,894
"SPE000786","DAT000673","SPE000786-held_on","held_on",1.0,895
"SPE000787","DAT000674","SPE000787-held_on","held_on",1.0,896
"SPE000788","DAT000674","SPE000788-held_on","held_on",1.0,897
"SPE000789","DAT000675","SPE000789-held_on","held_on",1.0,898
"SPE000790","DAT000675","SPE000790-held_on","held_on",1.0,899
"SPE000791","DAT000676","SPE000791-held_on","held_on",1.0,900
"SPE000792","DAT000677","SPE000792-held_on","held_on",1.0,901
"SPE000793","DAT000678","SPE000793-held_on","held_on",1.0,902
"SPE000794","DAT000679","SPE000794-held_on","held_on",1.0,904
"SPE000795","DAT000680","SPE000795-held_on","held_on",1.0,905
"SPE000796","DAT000681","SPE000796-held_on","held_on",1.0,906
"SPE000797","DAT000682","SPE000797-held_on","held_on",1.0,907
"SPE000798","DAT000683","SPE000798-held_on","held_on",1.0,908
"SPE000799","DAT000683","SPE000799-held_on","held_on",1.0,909
"SPE000800","DAT000685","SPE000800-held_on","held_on",1.0,911
"SPE000801","DAT000686","SPE000801-held_on","held_on",1.0,912
"SPE000802","DAT000686","SPE000802-held_on","held_on",1.0,913
"SPE000803","DAT000687","SPE000803-held_on","held_on",1.0,914
"SPE000804","DAT000687","SPE000804-held_on","held_on",1.0,915
"SPE000805","DAT000688","SPE000805-held_on","held_on",1.0,916
"SPE000806","DAT000688","SPE000806-held_on","held_on",1.0,917
"SPE000807","DAT000688","SPE000807-held_on","held_on",1.0,918
"SPE000808","DAT000688","SPE000808-held_on","held_on",1.0,919
"SPE000809","DAT000689","SPE000809-held_on","held_on",1.0,920
"SPE000810","DAT000690","SPE000810-held_on","held_on",1.0,921
"SPE000811","DAT000691","SPE000811-held_on","held_on",1.0,922
"SPE000812","DAT000691","SPE000812-held_on","held_on",1.0,923
"SPE000813","DAT000692","SPE000813-held_on","held_on",1.0,924
"SPE000814","DAT000693","SPE000814-held_on","held_on",1.0,925
"SPE000815","DAT000694","SPE000815-held_on","held_on",1.0,926
"SPE000816","DAT000695","SPE000816-held_on","held_on",1.0,927
"SPE000817","DAT000695","SPE000817-held_on","held_on",1.0,928
"SPE000818","DAT000696","SPE000818-held_on","held_on",1.0,929
"SPE000819","DAT000698","SPE000819-held_on","held_on",1.0,931
"SPE000820","DAT000699","SPE000820-held_on","held_on",1.0,932
"SPE000821","DAT000699","SPE000821-held_on","held_on",1.0,933
"SPE000822","DAT000700","SPE000822-held_on","held_on",1.0,934
"SPE000823","DAT000701","SPE000823-held_on","held_on",1.0,935
"SPE000824","DAT000702","SPE000824-held_on","held_on",1.0,936
"SPE000825","DAT000702","SPE000825-held_on","held_on",1.0,937
"SPE000826","DAT000702","SPE000826-held_on","held_on",1.0,938
"SPE000826","DAT000703","SPE000826-held_on","held_on",1.0,941
"SPE000827","DAT000702","SPE000827-held_on","held_on",1.0,939
"SPE000828","DAT000703","SPE000828-held_on","held_on",1.0,940
"SPE000829","DAT000703","SPE000829-held_on","held_on",1.0,942
"SPE000830","DAT000704","SPE000830-held_on","held_on",1.0,943
"SPE000831","DAT000705","SPE000831-held_on","held_on",1.0,944
"SPE000832","DAT000706","SPE000832-held_on","held_on",1.0,945
"SPE000833","DAT000706","SPE000833-held_on","held_on",1.0,946
"SPE000834","DAT000707","SPE000834-held_on","held_on",1.0,947
"SPE000835","DAT000708","SPE000835-held_on","held_on",1.0,948
"SPE000836","DAT000708","SPE000836-held_on","held_on",1.0,949
"SPE000837","DAT000709","SPE000837-held_on","held_on",1.0,950
"SPE000838","DAT000709","SPE000838-held_on","held_on",1.0,951
"SPE000839","DAT000710","SPE000839-held_on","held_on",1.0,952
"SPE000840","DAT000711","SPE000840-held_on","held_on",1.0,953
"SPE000841","DAT000712","SPE000841-held_on","held_on",1.0,954
"SPE000842","DAT000713","SPE000842-held_on","held_on",1.0,955
"SPE000843","DAT000714","SPE000843-held_on","held_on",1.0,956
"SPE000844","DAT000714","SPE000844-held_on","held_on",1.0,957
"SPE000845","DAT000715","SPE000845-held_on","held_on",1.0,958
"SPE000846","DAT000716","SPE000846-held_on","held_on",1.0,959
"SPE000847","DAT000716","SPE000847-held_on","held_on",1.0,960
"SPE000848","DAT000717","SPE000848-held_on","held_on",1.0,961
"SPE000849","DAT000718","SPE000849-held_on","held_on",1.0,962
"SPE000850","DAT000720","SPE000850-held_on","held_on",1.0,964
"SPE000851","DAT000721","SPE000851-held_on","held_on",1.0,965
"SPE000852","DAT000721","SPE000852-held_on","held_on",1.0,966
"SPE000852","DAT000916","SPE000852-held_on","held_on",1.0,1224
"SPE000853","DAT000721","SPE000853-held_on","held_on",1.0,967
"SPE000854","DAT000722","SPE000854-held_on","held_on",1.0,968
"SPE000855","DAT000723","SPE000855-held_on","held_on",1.0,970
"SPE000856","DAT000724","SPE000856-held_on","held_on",1.0,971
"SPE000857","DAT000724","SPE000857-held_on","held_on",1.0,972
"SPE000858","DAT000725","SPE000858-held_on","held_on",1.0,973
"SPE000859","DAT000726","SPE000859-held_on","held_on",1.0,974
"SPE000860","DAT000726","SPE000860-held_on","held_on",1.0,975
"SPE000861","DAT000727","SPE000861-held_on","held_on",1.0,976
"SPE000862","DAT000728","SPE000862-held_on","held_on",1.0,977
"SPE000863","DAT000729","SPE000863-held_on","held_on",1.0,978
"SPE000864","DAT000730","SPE000864-held_on","held_on",1.0,979
"SPE000865","DAT000731","SPE000865-held_on","held_on",1.0,980
"SPE000866","DAT000732","SPE000866-held_on","held_on",1.0,982
"SPE000867","DAT000733","SPE000867-held_on","held_on",1.0,983
"SPE000868","DAT000734","SPE000868-held_on","held_on",1.0,984
"SPE000869","DAT000734","SPE000869-held_on","held_on",1.0,985
"SPE000870","DAT000735","SPE000870-held_on","held_on",1.0,986
"SPE000870","DAT000746","SPE000870-held_on","held_on",1.0,1001
"SPE000871","DAT000735","SPE000871-held_on","held_on",1.0,987
"SPE000872","DAT000736","SPE000872-held_on","held_on",1.0,988
"SPE000873","DAT000736","SPE000873-held_on","held_on",1.0,989
"SPE000874","DAT000737","SPE000874-held_on","held_on",1.0,990
"SPE000875","DAT000738","SPE000875-held_on","held_on",1.0,991
"SPE000876","DAT000738","SPE000876-held_on","held_on",1.0,992
"SPE000877","DAT000738","SPE000877-held_on","held_on",1.0,993
"SPE000878","DAT000739","SPE000878-held_on","held_on",1.0,994
"SPE000879","DAT000740","SPE000879-held_on","held_on",1.0,995
"SPE000879","DAT000753","SPE000879-held_on","held_on",1.0,1011
"SPE000880","DAT000741","SPE000880-held_on","held_on",1.0,996
"SPE000881","DAT000742","SPE000881-held_on","held_on",1.0,997
"SPE000882","DAT000743","SPE000882-held_on","held_on",1.0,998
"SPE000883","DAT000744","SPE000883-held_on","held_on",1.0,999
"SPE000884","DAT000745","SPE000884-held_on","held_on",1.0,1000
"SPE000885","DAT000747","SPE000885-held_on","held_on",1.0,1002
"SPE000886","DAT000748","SPE000886-held_on","held_on",1.0,1003
"SPE000887","DAT000748","SPE000887-held_on","held_on",1.0,1004
"SPE000888","DAT000749","SPE000888-held_on","held_on",1.0,1005
"SPE000889","DAT000750","SPE000889-held_on","held_on",1.0,1006
"SPE000890","DAT000751","SPE000890-held_on","held_on",1.0,1007
"SPE000891","DAT000752","SPE000891-held_on","held_on",1.0,1009
"SPE000892","DAT000754","SPE000892-held_on","held_on",1.0,1012
"SPE000893","DAT000755","SPE000893-held_on","held_on",1.0,1013
"SPE000894","DAT000755","SPE000894-held_on","held_on",1.0,1014
"SPE000895","DAT000756","SPE000895-held_on","held_on",1.0,1015
"SPE000896","DAT000757","SPE000896-held_on","held_on",1.0,1017
"SPE000897","DAT000757","SPE000897-held_on","held_on",1.0,1018
"SPE000898","DAT000759","SPE000898-held_on","held_on",1.0,1020
"SPE000899","DAT000760","SPE000899-held_on","held_on",1.0,1021
"SPE000900","DAT000760","SPE000900-held_on","held_on",1.0,1022
"SPE000901","DAT000761","SPE000901-held_on","held_on",1.0,1023
"SPE000902","DAT000761","SPE000902-held_on","held_on",1.0,1024
"SPE000903","DAT000762","SPE000903-held_on","held_on",1.0,1025
"SPE000904","DAT000763","SPE000904-held_on","held_on",1.0,1026
"SPE000905","DAT000764","SPE000905-held_on","held_on",1.0,1027
"SPE000906","DAT000765","SPE000906-held_on","held_on",1.0,1028
"SPE000907","DAT000766","SPE000907-held_on","held_on",1.0,1029
"SPE000908","DAT000766","SPE000908-held_on","held_on",1.0,1030
"SPE000909","DAT000767","SPE000909-held_on","held_on",1.0,1031
"SPE000910","DAT000768","SPE000910-held_on","held_on",1.0,1032
"SPE000911","DAT000769","SPE000911-held_on","held_on",1.0,1033
"SPE000912","DAT000770","SPE000912-held_on","held_on",1.0,1034
"SPE000913","DAT000771","SPE000913-held_on","held_on",1.0,1035
"SPE000914","DAT000772","SPE000914-held_on","held_on",1.0,1036
"SPE000915","DAT000773","SPE000915-held_on","held_on",1.0,1038
"SPE000916","DAT000774","SPE000916-held_on","held_on",1.0,1039
"SPE000917","DAT000775","SPE000917-held_on","held_on",1.0,1040
"SPE000918","DAT000775","SPE000918-held_on","held_on",1.0,1041
"SPE000919","DAT000776","SPE000919-held_on","held_on",1.0,1042
"SPE000920","DAT000777","SPE000920-held_on","held_on",1.0,1043
"SPE000921","DAT000778","SPE000921-held_on","held_on",1.0,1044
"SPE000922","DAT000779","SPE000922-held_on","held_on",1.0,1045
"SPE000923","DAT000780","SPE000923-held_on","held_on",1.0,1046
"SPE000924","DAT000781","SPE000924-held_on","held_on",1.0,1047
"SPE000925","DAT000781","SPE000925-held_on","held_on",1.0,1048
"SPE000926","DAT000782","SPE000926-held_on","held_on",1.0,1049
"SPE000927","DAT000783","SPE000927-held_on","held_on",1.0,1050
"SPE000928","DAT000784","SPE000928-held_on","held_on",1.0,1051
"SPE000929","DAT000785","SPE000929-held_on","held_on",1.0,1052
"SPE000930","DAT000786","SPE000930-held_on","held_on",1.0,1053
"SPE000931","DAT000787","SPE000931-held_on","held_on",1.0,1054
"SPE000932","DAT000787","SPE000932-held_on","held_on",1.0,1055
"SPE000933","DAT000788","SPE000933-held_on","held_on",1.0,1056
"SPE000934","DAT000789","SPE000934-held_on","held_on",1.0,1057
"SPE000935","DAT000789","SPE000935-held_on","held_on",1.0,1058
"SPE000936","DAT000789","SPE000936-held_on","held_on",1.0,1059
"SPE000937","DAT000791","SPE000937-held_on","held_on",1.0,1061
"SPE000938","DAT000792","SPE000938-held_on","held_on",1.0,1062
"SPE000939","DAT000793","SPE000939-held_on","held_on",1.0,1063
"SPE000940","DAT000793","SPE000940-held_on","held_on",1.0,1064
"SPE000941","DAT000793","SPE000941-held_on","held_on",1.0,1065
"SPE000942","DAT000794","SPE000942-held_on","held_on",1.0,1066
"SPE000943","DAT000795","SPE000943-held_on","held_on",1.0,1067
"SPE000944","DAT000796","SPE000944-held_on","held_on",1.0,1068
"SPE000945","DAT000796","SPE000945-held_on","held_on",1.0,1069
"SPE000946","DAT000797","SPE000946-held_on","held_on",1.0,1070
"SPE000947","DAT000797","SPE000947-held_on","held_on",1.0,1071
"SPE000948","DAT000798","SPE000948-held_on","held_on",1.0,1072
"SPE000949","DAT000799","SPE000949-held_on","held_on",1.0,1073
"SPE000950","DAT000800","SPE000950-held_on","held_on",1.0,1074
"SPE000951","DAT000801","SPE000951-held_on","held_on",1.0,1075
"SPE000951","DAT000824","SPE000951-held_on","held_on",1.0,1107
"SPE000951","DAT000863","SPE000951-held_on","held_on",1.0,1156
"SPE000952","DAT000802","SPE000952-held_on","held_on",1.0,1076
"SPE000953","DAT000803","SPE000953-held_on","held_on",1.0,1077
"SPE000954","DAT000803","SPE000954-held_on","held_on",1.0,1078
"SPE000955","DAT000804","SPE000955-held_on","held_on",1.0,1079
"SPE000956","DAT000804","SPE000956-held_on","held_on",1.0,1080
"SPE000957","DAT000805","SPE000957-held_on","held_on",1.0,1081
"SPE000958","DAT000805","SPE000958-held_on","held_on",1.0,1082
"SPE000959","DAT000805","SPE000959-held_on","held_on",1.0,1083
"SPE000960","DAT000806","SPE000960-held_on","held_on",1.0,1084
"SPE000961","DAT000806","SPE000961-held_on","held_on",1.0,1085
"SPE000962","DAT000807","SPE000962-held_on","held_on",1.0,1086
"SPE000963","DAT000808","SPE000963-held_on","held_on",1.0,1087
"SPE000964","DAT000809","SPE000964-held_on","held_on",1.0,1088
"SPE000965","DAT000809","SPE000965-held_on","held_on",1.0,1089
"SPE000966","DAT000810","SPE000966-held_on","held_on",1.0,1090
"SPE000967","DAT000811","SPE000967-held_on","held_on",1.0,1091
"SPE000968","DAT000812","SPE000968-held_on","held_on",1.0,1092
"SPE000969","DAT000813","SPE000969-held_on","held_on",1.0,1093
"SPE000970","DAT000814","SPE000970-held_on","held_on",1.0,1094
"SPE000971","DAT000815","SPE000971-held_on","held_on",1.0,1095
"SPE000972","DAT000816","SPE000972-held_on","held_on",1.0,1096
"SPE000973","DAT000817","SPE000973-held_on","held_on",1.0,1097
"SPE000974","DAT000818","SPE000974-held_on","held_on",1.0,1098
"SPE000975","DAT000819","SPE000975-held_on","held_on",1.0,1099
"SPE000976","DAT000821","SPE000976-held_on","held_on",1.0,1101
"SPE000977","DAT000821","SPE000977-held_on","held_on",1.0,1102
"SPE000978","DAT000822","SPE000978-held_on","held_on",1.0,1103
"SPE000979","DAT000823","SPE000979-held_on","held_on",1.0,1104
"SPE000980","DAT000823","SPE000980-held_on","held_on",1.0,1105
"SPE000981","DAT000824","SPE000981-held_on","held_on",1.0,1106
"SPE000982","DAT000825","SPE000982-held_on","held_on",1.0,1108
"SPE000983","DAT000825","SPE000983-held_on","held_on",1.0,1109
"SPE000984","DAT000826","SPE000984-held_on","held_on",1.0,1110
"SPE000985","DAT000826","SPE000985-held_on","held_on",1.0,1111
"SPE000986","DAT000827","SPE000986-held_on","held_on",1.0,1112
"SPE000987","DAT000827","SPE000987-held_on","held_on",1.0,1113
"SPE000988","DAT000828","SPE000988-held_on","held_on",1.0,1114
"SPE000989","DAT000828","SPE000989-held_on","held_on",1.0,1115
"SPE000990","DAT000829","SPE000990-held_on","held_on",1.0,1116
"SPE000991","DAT000830","SPE000991-held_on","held_on",1.0,1117
"SPE000992","DAT000830","SPE000992-held_on","held_on",1.0,1118
"SPE000993","DAT000831","SPE000993-held_on","held_on",1.0,1119
"SPE000994","DAT000832","SPE000994-held_on","held_on",1.0,1120
"SPE000995","DAT000833","SPE000995-held_on","held_on",1.0,1121
"SPE000996","DAT000834","SPE000996-held_on","held_on",1.0,1122
"SPE000997","DAT000835","SPE000997-held_on","held_on",1.0,1123
"SPE000998","DAT000836","SPE000998-held_on","held_on",1.0,1124
"SPE000999","DAT000837","SPE000999-held_on","held_on",1.0,1125
"SPE001000","DAT000838","SPE001000-held_on","held_on",1.0,1126
"SPE001001","DAT000839","SPE001001-held_on","held_on",1.0,1127
"SPE001002","DAT000840","SPE001002-held_on","held_on",1.0,1128
"SPE001003","DAT000841","SPE001003-held_on","held_on",1.0,1129
"SPE001003","DAT000878","SPE001003-held_on","held_on",1.0,1173
"SPE001003","DAT000961","SPE001003-held_on","held_on",1.0,1280
"SPE001003","DAT001011","SPE001003-held_on","held_on",1.0,1339
"SPE001004","DAT000842","SPE001004-held_on","held_on",1.0,1130
"SPE001005","DAT000843","SPE001005-held_on","held_on",1.0,1131
"SPE001006","DAT000844","SPE001006-held_on","held_on",1.0,1132
"SPE001007","DAT000845","SPE001007-held_on","held_on",1.0,1133
"SPE001008","DAT000845","SPE001008-held_on","held_on",1.0,1134
"SPE001009","DAT000846","SPE001009-held_on","held_on",1.0,1135
"SPE001010","DAT000847","SPE001010-held_on","held_on",1.0,1136
"SPE001011","DAT000848","SPE001011-held_on","held_on",1.0,1137
"SPE001012","DAT000849","SPE001012-held_on","held_on",1.0,1138
"SPE001013","DAT000849","SPE001013-held_on","held_on",1.0,1139
"SPE001014","DAT000850","SPE001014-held_on","held_on",1.0,1140
"SPE001015","DAT000851","SPE001015-held_on","held_on",1.0,1141
"SPE001016","DAT000851","SPE001016-held_on","held_on",1.0,1142
"SPE001017","DAT000851","SPE001017-held_on","held_on",1.0,1143
"SPE001018","DAT000852","SPE001018-held_on","held_on",1.0,1144
"SPE001019","DAT000853","SPE001019-held_on","held_on",1.0,1145
"SPE001020","DAT000854","SPE001020-held_on","held_on",1.0,1146
"SPE001021","DAT000855","SPE001021-held_on","held_on",1.0,1147
"SPE001022","DAT000856","SPE001022-held_on","held_on",1.0,1148
"SPE001023","DAT000857","SPE001023-held_on","held_on",1.0,1149
"SPE001024","DAT000858","SPE001024-held_on","held_on",1.0,1150
"SPE001025","DAT000858","SPE001025-held_on","held_on",1.0,1151
"SPE001026","DAT000859","SPE001026-held_on","held_on",1.0,1152
"SPE001027","DAT000860","SPE001027-held_on","held_on",1.0,1153
"SPE001028","DAT000861","SPE001028-held_on","held_on",1.0,1154
"SPE001029","DAT000862","SPE001029-held_on","held_on",1.0,1155
"SPE001030","DAT000863","SPE001030-held_on","held_on",1.0,1157
"SPE001031","DAT000864","SPE001031-held_on","held_on",1.0,1158
"SPE001032","DAT000865","SPE001032-held_on","held_on",1.0,1159
"SPE001033","DAT000866","SPE001033-held_on","held_on",1.0,1160
"SPE001034","DAT000867","SPE001034-held_on","held_on",1.0,1161
"SPE001035","DAT000868","SPE001035-held_on","held_on",1.0,1162
"SPE001036","DAT000869","SPE001036-held_on","held_on",1.0,1163
"SPE001037","DAT000870","SPE001037-held_on","held_on",1.0,1164
"SPE001038","DAT000871","SPE001038-held_on","held_on",1.0,1165
"SPE001039","DAT000871","SPE001039-held_on","held_on",1.0,1166
"SPE001040","DAT000872","SPE001040-held_on","held_on",1.0,1167
"SPE001041","DAT000873","SPE001041-held_on","held_on",1.0,1168
"SPE001042","DAT000874","SPE001042-held_on","held_on",1.0,1169
"SPE001043","DAT000875","SPE001043-held_on","held_on",1.0,1170
"SPE001044","DAT000876","SPE001044-held_on","held_on",1.0,1171
"SPE001045","DAT000877","SPE001045-held_on","held_on",1.0,1172
"SPE001046","DAT000879","SPE001046-held_on","held_on",1.0,1174
"SPE001047","DAT000879","SPE001047-held_on","held_on",1.0,1175
"SPE001048","DAT000880","SPE001048-held_on","held_on",1.0,1176
"SPE001049","DAT000881","SPE001049-held_on","held_on",1.0,1177
"SPE001050","DAT000882","SPE001050-held_on","held_on",1.0,1178
"SPE001051","DAT000883","SPE001051-held_on","held_on",1.0,1179
"SPE001052","DAT000884","SPE001052-held_on","held_on",1.0,1180
"SPE001053","DAT000885","SPE001053-held_on","held_on",1.0,1182
"SPE001054","DAT000885","SPE001054-held_on","held_on",1.0,1183
"SPE001055","DAT000886","SPE001055-held_on","held_on",1.0,1184
"SPE001056","DAT000886","SPE001056-held_on","held_on",1.0,1185
"SPE001057","DAT000887","SPE001057-held_on","held_on",1.0,1186
"SPE001058","DAT000888","SPE001058-held_on","held_on",1.0,1187
"SPE001059","DAT000888","SPE001059-held_on","held_on",1.0,1188
"SPE001060","DAT000889","SPE001060-held_on","held_on",1.0,1189
"SPE001061","DAT000889","SPE001061-held_on","held_on",1.0,1190
"SPE001062","DAT000890","SPE001062-held_on","held_on",1.0,1191
"SPE001063","DAT000891","SPE001063-held_on","held_on",1.0,1192
"SPE001064","DAT000892","SPE001064-held_on","held_on",1.0,1193
"SPE001065","DAT000893","SPE001065-held_on","held_on",1.0,1194
"SPE001066","DAT000895","SPE001066-held_on","held_on",1.0,1196
"SPE001067","DAT000896","SPE001067-held_on","held_on",1.0,1197
"SPE001068","DAT000897","SPE001068-held_on","held_on",1.0,1198
"SPE001069","DAT000898","SPE001069-held_on","held_on",1.0,1199
"SPE001070","DAT000899","SPE001070-held_on","held_on",1.0,1200
"SPE001071","DAT000900","SPE001071-held_on","held_on",1.0,1201
"SPE001071","DAT002049","SPE001071-held_on","held_on",1.0,2702
"SPE001072","DAT000901","SPE001072-held_on","held_on",1.0,1202
"SPE001073","DAT000902","SPE001073-held_on","held_on",1.0,1203
"SPE001074","DAT000902","SPE001074-held_on","held_on",1.0,1204
"SPE001075","DAT000903","SPE001075-held_on","held_on",1.0,1205
"SPE001076","DAT000904","SPE001076-held_on","held_on",1.0,1206
"SPE001077","DAT000906","SPE001077-held_on","held_on",1.0,1208
"SPE001078","DAT000907","SPE001078-held_on","held_on",1.0,1209
"SPE001079","DAT000907","SPE001079-held_on","held_on",1.0,1210
"SPE001080","DAT000907","SPE001080-held_on","held_on",1.0,1211
"SPE001080","DAT000924","SPE001080-held_on","held_on",1.0,1234
"SPE001081","DAT000907","SPE001081-held_on","held_on",1.0,1212
"SPE001082","DAT000908","SPE001082-held_on","held_on",1.0,1213
"SPE001083","DAT000909","SPE001083-held_on","held_on",1.0,1214
"SPE001084","DAT000910","SPE001084-held_on","held_on",1.0,1215
"SPE001085","DAT000911","SPE001085-held_on","held_on",1.0,1216
"SPE001086","DAT000912","SPE001086-held_on","held_on",1.0,1217
"SPE001087","DAT000913","SPE001087-held_on","held_on",1.0,1218
"SPE001088","DAT000914","SPE001088-held_on","held_on",1.0,1219
"SPE001089","DAT000914","SPE001089-held_on","held_on",1.0,1220
"SPE001090","DAT000915","SPE001090-held_on","held_on",1.0,1221
"SPE001091","DAT000915","SPE001091-held_on","held_on",1.0,1222
"SPE001092","DAT000915","SPE001092-held_on","held_on",1.0,1223
"SPE001093","DAT000917","SPE001093-held_on","held_on",1.0,1225
"SPE001094","DAT000918","SPE001094-held_on","held_on",1.0,1226
"SPE001095","DAT000918","SPE001095-held_on","held_on",1.0,1227
"SPE001096","DAT000919","SPE001096-held_on","held_on",1.0,1228
"SPE001097","DAT000920","SPE001097-held_on","held_on",1.0,1229
"SPE001098","DAT000921","SPE001098-held_on","held_on",1.0,1230
"SPE001099","DAT000922","SPE001099-held_on","held_on",1.0,1231
"SPE001100","DAT000922","SPE001100-held_on","held_on",1.0,1232
"SPE001101","DAT000923","SPE001101-held_on","held_on",1.0,1233
"SPE001102","DAT000925","SPE001102-held_on","held_on",1.0,1235
"SPE001103","DAT000926","SPE001103-held_on","held_on",1.0,1236
"SPE001104","DAT000927","SPE001104-held_on","held_on",1.0,1237
"SPE001105","DAT000928","SPE001105-held_on","held_on",1.0,1238
"SPE001106","DAT000929","SPE001106-held_on","held_on",1.0,1239
"SPE001107","DAT000929","SPE001107-held_on","held_on",1.0,1240
"SPE001108","DAT000930","SPE001108-held_on","held_on",1.0,1241
"SPE001109","DAT000931","SPE001109-held_on","held_on",1.0,1242
"SPE001110","DAT000932","SPE001110-held_on","held_on",1.0,1243
"SPE001111","DAT000933","SPE001111-held_on","held_on",1.0,1244
"SPE001112","DAT000934","SPE001112-held_on","held_on",1.0,1245
"SPE001113","DAT000936","SPE001113-held_on","held_on",1.0,1247
"SPE001114","DAT000936","SPE001114-held_on","held_on",1.0,1248
"SPE001115","DAT000936","SPE001115-held_on","held_on",1.0,1249
"SPE001116","DAT000937","SPE001116-held_on","held_on",1.0,1250
"SPE001117","DAT000938","SPE001117-held_on","held_on",1.0,1251
"SPE001118","DAT000938","SPE001118-held_on","held_on",1.0,1252
"SPE001119","DAT000939","SPE001119-held_on","held_on",1.0,1253
"SPE001120","DAT000940","SPE001120-held_on","held_on",1.0,1254
"SPE001121","DAT000941","SPE001121-held_on","held_on",1.0,1255
"SPE001122","DAT000942","SPE001122-held_on","held_on",1.0,1256
"SPE001123","DAT000943","SPE001123-held_on","held_on",1.0,1257
"SPE001124","DAT000944","SPE001124-held_on","held_on",1.0,1258
"SPE001125","DAT000945","SPE001125-held_on","held_on",1.0,1259
"SPE001126","DAT000946","SPE001126-held_on","held_on",1.0,1260
"SPE001127","DAT000947","SPE001127-held_on","held_on",1.0,1261
"SPE001128","DAT000948","SPE001128-held_on","held_on",1.0,1262
"SPE001129","DAT000949","SPE001129-held_on","held_on",1.0,1263
"SPE001130","DAT000950","SPE001130-held_on","held_on",1.0,1264
"SPE001131","DAT000951","SPE001131-held_on","held_on",1.0,1265
"SPE001132","DAT000951","SPE001132-held_on","held_on",1.0,1266
"SPE001133","DAT000951","SPE001133-held_on","held_on",1.0,1267
"SPE001134","DAT000952","SPE001134-held_on","held_on",1.0,1268
"SPE001135","DAT000952","SPE001135-held_on","held_on",1.0,1269
"SPE001136","DAT000953","SPE001136-held_on","held_on",1.0,1270
"SPE001137","DAT000954","SPE001137-held_on","held_on",1.0,1272
"SPE001138","DAT000955","SPE001138-held_on","held_on",1.0,1273
"SPE001139","DAT000956","SPE001139-held_on","held_on",1.0,1274
"SPE001140","DAT000957","SPE001140-held_on","held_on",1.0,1275
"SPE001141","DAT000958","SPE001141-held_on","held_on",1.0,1276
"SPE001142","DAT000958","SPE001142-held_on","held_on",1.0,1277
"SPE001143","DAT000959","SPE001143-held_on","held_on",1.0,1278
"SPE001144","DAT000960","SPE001144-held_on","held_on",1.0,1279
"SPE001145","DAT000961","SPE001145-held_on","held_on",1.0,1281
"SPE001146","DAT000961","SPE001146-held_on","held_on",1.0,1282
"SPE001147","DAT000962","SPE001147-held_on","held_on",1.0,1283
"SPE001148","DAT000962","SPE001148-held_on","held_on",1.0,1284
"SPE001149","DAT000963","SPE001149-held_on","held_on",1.0,1285
"SPE001150","DAT000964","SPE001150-held_on","held_on",1.0,1286
"SPE001151","DAT000965","SPE001151-held_on","held_on",1.0,1287
"SPE001152","DAT000966","SPE001152-held_on","held_on",1.0,1288
"SPE001153","DAT000967","SPE001153-held_on","held_on",1.0,1289
"SPE001154","DAT000968","SPE001154-held_on","held_on",1.0,1290
"SPE001155","DAT000970","SPE001155-held_on","held_on",1.0,1292
"SPE001156","DAT000971","SPE001156-held_on","held_on",1.0,1293
"SPE001157","DAT000972","SPE001157-held_on","held_on",1.0,1294
"SPE001158","DAT000973","SPE001158-held_on","held_on",1.0,1295
"SPE001159","DAT000974","SPE001159-held_on","held_on",1.0,1296
"SPE001160","DAT000976","SPE001160-held_on","held_on",1.0,1298
"SPE001161","DAT000977","SPE001161-held_on","held_on",1.0,1299
"SPE001162","DAT000978","SPE001162-held_on","held_on",1.0,1300
"SPE001163","DAT000979","SPE001163-held_on","held_on",1.0,1301
"SPE001164","DAT000980","SPE001164-held_on","held_on",1.0,1302
"SPE001165","DAT000981","SPE001165-held_on","held_on",1.0,1303
"SPE001166","DAT000982","SPE001166-held_on","held_on",1.0,1304
"SPE001167","DAT000982","SPE001167-held_on","held_on",1.0,1305
"SPE001168","DAT000984","SPE001168-held_on","held_on",1.0,1307
"SPE001169","SPE001170","SPE001170-delivered","delivered",1.0,1308
"SPE001169","TOP003554","SPE001170-TOP003554-covers","covers",1.0,1308
"SPE001169","TOP003555","SPE001170-TOP003555-covers","covers",1.0,1308
"SPE001169","TOP003556","SPE001170-TOP003556-covers","covers",1.0,1308
"SPE001169","SPE001178","SPE001178-delivered","delivered",1.0,1316
"SPE001169","TOP003577","SPE001178-TOP003577-covers","covers",1.0,1316
"SPE001169","TOP003578","SPE001178-TOP003578-covers","covers",1.0,1316
"SPE001169","TOP003579","SPE001178-TOP003579-covers","covers",1.0,1316
"SPE001169","SPE001179","SPE001179-delivered","delivered",1.0,1317
"SPE001169","TOP003580","SPE001179-TOP003580-covers","covers",1.0,1317
"SPE001169","TOP003581","SPE001179-TOP003581-covers","covers",1.0,1317
"SPE001169","TOP003582","SPE001179-TOP003582-covers","covers",1.0,1317
"SPE001169","SPE001183","SPE001183-delivered","delivered",1.0,1321
"SPE001169","TOP003590","SPE001183-TOP003590-covers","covers",1.0,1321
"SPE001169","TOP003591","SPE001183-TOP003591-covers","covers",1.0,1321
"SPE001169","TOP003592","SPE001183-TOP003592-covers","covers",1.0,1321
"SPE001169","SPE001187","SPE001187-delivered","delivered",1.0,1325
"SPE001169","TOP003601","SPE001187-TOP003601-covers","covers",1.0,1325
"SPE001169","TOP003602","SPE001187-TOP003602-covers","covers",1.0,1325
"SPE001169","TOP003603","SPE001187-TOP003603-covers","covers",1.0,1325
"SPE001169","SPE001190","SPE001190-delivered","delivered",1.0,1328
"SPE001169","TOP003609","SPE001190-TOP003609-covers","covers",1.0,1328
"SPE001169","TOP003610","SPE001190-TOP003610-covers","covers",1.0,1328
"SPE001169","TOP003611","SPE001190-TOP003611-covers","covers",1.0,1328
"SPE001169","SPE001191","SPE001191-delivered","delivered",1.0,1329
"SPE001169","TOP003612","SPE001191-TOP003612-covers","covers",1.0,1329
"SPE001169","TOP003612","SPE001196-TOP003612-covers","covers",1.0,1334
"SPE001169","TOP003613","SPE001191-TOP003613-covers","covers",1.0,1329
"SPE001169","TOP003614","SPE001191-TOP003614-covers","covers",1.0,1329
"SPE001169","SPE001193","SPE001193-delivered","delivered",1.0,1331
"SPE001169","TOP003618","SPE001193-TOP003618-covers","covers",1.0,1331
"SPE001169","TOP003619","SPE001193-TOP003619-covers","covers",1.0,1331
"SPE001169","TOP003620","SPE001193-TOP003620-covers","covers",1.0,1331
"SPE001169","SPE001196","SPE001196-delivered","delivered",1.0,1334
"SPE001169","TOP003626","SPE001196-TOP003626-covers","covers",1.0,1334
"SPE001169","TOP003627","SPE001196-TOP003627-covers","covers",1.0,1334
"SPE001169","SPE001200","SPE001200-delivered","delivered",1.0,1338
"SPE001169","TOP003637","SPE001200-TOP003637-covers","covers",1.0,1338
"SPE001169","TOP003638","SPE001200-TOP003638-covers","covers",1.0,1338
"SPE001169","TOP003639","SPE001200-TOP003639-covers","covers",1.0,1338
"SPE001169","SPE001216","SPE001216-delivered","delivered",1.0,1356
"SPE001169","TOP003688","SPE001216-TOP003688-covers","covers",1.0,1356
"SPE001169","TOP003689","SPE001216-TOP003689-covers","covers",1.0,1356
"SPE001169","TOP003690","SPE001216-TOP003690-covers","covers",1.0,1356
"SPE001169","SPE001218","SPE001218-delivered","delivered",1.0,1358
"SPE001169","TOP003694","SPE001218-TOP003694-covers","covers",1.0,1358
"SPE001169","TOP000548","SPE001218-TOP000548-covers","covers",1.0,1358
"SPE001169","TOP003695","SPE001218-TOP003695-covers","covers",1.0,1358
"SPE001169","SPE001221","SPE001221-delivered","delivered",1.0,1361
"SPE001169","TOP003701","SPE001221-TOP003701-covers","covers",1.0,1361
"SPE001169","TOP003702","SPE001221-TOP003702-covers","covers",1.0,1361
"SPE001169","TOP003703","SPE001221-TOP003703-covers","covers",1.0,1361
"SPE001169","SPE001227","SPE001227-delivered","delivered",1.0,1367
"SPE001169","TOP003719","SPE001227-TOP003719-covers","covers",1.0,1367
"SPE001169","TOP003720","SPE001227-TOP003720-covers","covers",1.0,1367
"SPE001169","TOP003721","SPE001227-TOP003721-covers","covers",1.0,1367
"SPE001169","SPE001229","SPE001229-delivered","delivered",1.0,1369
"SPE001169","TOP003725","SPE001229-TOP003725-covers","covers",1.0,1369
"SPE001169","TOP003726","SPE001229-TOP003726-covers","covers",1.0,1369
"SPE001169","TOP003727","SPE001229-TOP003727-covers","covers",1.0,1369
"SPE001169","SPE001232","SPE001232-delivered","delivered",1.0,1373
"SPE001169","TOP003737","SPE001232-TOP003737-covers","covers",1.0,1373
"SPE001169","TOP003738","SPE001232-TOP003738-covers","covers",1.0,1373
"SPE001169","TOP003739","SPE001232-TOP003739-covers","covers",1.0,1373
"SPE001169","SPE001236","SPE001236-delivered","delivered",1.0,1377
"SPE001169","TOP003749","SPE001236-TOP003749-covers","covers",1.0,1377
"SPE001169","TOP003750","SPE001236-TOP003750-covers","covers",1.0,1377
"SPE001169","TOP003751","SPE001236-TOP003751-covers","covers",1.0,1377
"SPE001169","SPE001238","SPE001238-delivered","delivered",1.0,1379
"SPE001169","TOP003755","SPE001238-TOP003755-covers","covers",1.0,1379
"SPE001169","TOP003756","SPE001238-TOP003756-covers","covers",1.0,1379
"SPE001169","TOP003757","SPE001238-TOP003757-covers","covers",1.0,1379
"SPE001169","SPE001240","SPE001240-delivered","delivered",1.0,1381
"SPE001169","TOP003761","SPE001240-TOP003761-covers","covers",1.0,1381
"SPE001169","TOP003762","SPE001240-TOP003762-covers","covers",1.0,1381
"SPE001169","TOP003763","SPE001240-TOP003763-covers","covers",1.0,1381
"SPE001169","SPE001243","SPE001243-delivered","delivered",1.0,1384
"SPE001169","TOP003770","SPE001243-TOP003770-covers","covers",1.0,1384
"SPE001169","TOP003771","SPE001243-TOP003771-covers","covers",1.0,1384
"SPE001169","TOP003772","SPE001243-TOP003772-covers","covers",1.0,1384
"SPE001169","SPE001255","SPE001255-delivered","delivered",1.0,1396
"SPE001169","TOP003805","SPE001255-TOP003805-covers","covers",1.0,1396
"SPE001169","TOP003806","SPE001255-TOP003806-covers","covers",1.0,1396
"SPE001169","TOP003807","SPE001255-TOP003807-covers","covers",1.0,1396
"SPE001169","SPE001260","SPE001260-delivered","delivered",1.0,1401
"SPE001169","TOP003820","SPE001260-TOP003820-covers","covers",1.0,1401
"SPE001169","TOP003821","SPE001260-TOP003821-covers","covers",1.0,1401
"SPE001169","TOP003822","SPE001260-TOP003822-covers","covers",1.0,1401
"SPE001169","SPE001262","SPE001262-delivered","delivered",1.0,1403
"SPE001169","TOP003824","SPE001262-TOP003824-covers","covers",1.0,1403
"SPE001169","TOP003825","SPE001262-TOP003825-covers","covers",1.0,1403
"SPE001169","TOP003826","SPE001262-TOP003826-covers","covers",1.0,1403
"SPE001169","SPE001265","SPE001265-delivered","delivered",1.0,1406
"SPE001169","TOP003833","SPE001265-TOP003833-covers","covers",1.0,1406
"SPE001169","TOP003834","SPE001265-TOP003834-covers","covers",1.0,1406
"SPE001169","TOP003835","SPE001265-TOP003835-covers","covers",1.0,1406
"SPE001169","SPE001266","SPE001266-delivered","delivered",1.0,1407
"SPE001169","TOP003836","SPE001266-TOP003836-covers","covers",1.0,1407
"SPE001169","TOP003837","SPE001266-TOP003837-covers","covers",1.0,1407
"SPE001169","TOP003838","SPE001266-TOP003838-covers","covers",1.0,1407
"SPE001169","SPE001275","SPE001275-delivered","delivered",1.0,1416
"SPE001169","TOP003862","SPE001275-TOP003862-covers","covers",1.0,1416
"SPE001169","TOP003863","SPE001275-TOP003863-covers","covers",1.0,1416
"SPE001169","TOP003864","SPE001275-TOP003864-covers","covers",1.0,1416
"SPE001169","SPE001278","SPE001278-delivered","delivered",1.0,1419
"SPE001169","TOP003870","SPE001278-TOP003870-covers","covers",1.0,1419
"SPE001169","TOP003871","SPE001278-TOP003871-covers","covers",1.0,1419
"SPE001169","TOP003872","SPE001278-TOP003872-covers","covers",1.0,1419
"SPE001169","SPE001279","SPE001279-delivered","delivered",1.0,1420
"SPE001169","TOP003873","SPE001279-TOP003873-covers","covers",1.0,1420
"SPE001169","TOP003874","SPE001279-TOP003874-covers","covers",1.0,1420
"SPE001169","TOP003875","SPE001279-TOP003875-covers","covers",1.0,1420
"SPE001169","SPE001288","SPE001288-delivered","delivered",1.0,1429
"SPE001169","TOP003898","SPE001288-TOP003898-covers","covers",1.0,1429
"SPE001169","TOP003899","SPE001288-TOP003899-covers","covers",1.0,1429
"SPE001169","TOP003900","SPE001288-TOP003900-covers","covers",1.0,1429
"SPE001169","SPE001305","SPE001305-delivered","delivered",1.0,1446
"SPE001169","TOP003943","SPE001305-TOP003943-covers","covers",1.0,1446
"SPE001169","TOP003944","SPE001305-TOP003944-covers","covers",1.0,1446
"SPE001169","TOP003945","SPE001305-TOP003945-covers","covers",1.0,1446
"SPE001169","SPE001308","SPE001308-delivered","delivered",1.0,1450
"SPE001169","TOP003953","SPE001308-TOP003953-covers","covers",1.0,1450
"SPE001169","TOP003954","SPE001308-TOP003954-covers","covers",1.0,1450
"SPE001169","TOP003955","SPE001308-TOP003955-covers","covers",1.0,1450
"SPE001169","SPE001314","SPE001314-delivered","delivered",1.0,1456
"SPE001169","TOP003969","SPE001314-TOP003969-covers","covers",1.0,1456
"SPE001169","TOP003970","SPE001314-TOP003970-covers","covers",1.0,1456
"SPE001169","TOP003971","SPE001314-TOP003971-covers","covers",1.0,1456
"SPE001169","SPE001321","SPE001321-delivered","delivered",1.0,1463
"SPE001169","TOP003990","SPE001321-TOP003990-covers","covers",1.0,1463
"SPE001169","TOP003991","SPE001321-TOP003991-covers","covers",1.0,1463
"SPE001169","TOP003992","SPE001321-TOP003992-covers","covers",1.0,1463
"SPE001169","SPE001324","SPE001324-delivered","delivered",1.0,1466
"SPE001169","TOP003999","SPE001324-TOP003999-covers","covers",1.0,1466
"SPE001169","TOP004000","SPE001324-TOP004000-covers","covers",1.0,1466
"SPE001169","TOP004001","SPE001324-TOP004001-covers","covers",1.0,1466
"SPE001169","SPE001327","SPE001327-delivered","delivered",1.0,1469
"SPE001169","TOP004006","SPE001327-TOP004006-covers","covers",1.0,1469
"SPE001169","TOP004007","SPE001327-TOP004007-covers","covers",1.0,1469
"SPE001169","TOP004008","SPE001327-TOP004008-covers","covers",1.0,1469
"SPE001169","SPE001334","SPE001334-delivered","delivered",1.0,1476
"SPE001169","TOP004023","SPE001334-TOP004023-covers","covers",1.0,1476
"SPE001169","TOP004024","SPE001334-TOP004024-covers","covers",1.0,1476
"SPE001169","TOP004025","SPE001334-TOP004025-covers","covers",1.0,1476
"SPE001169","SPE001337","SPE001337-delivered","delivered",1.0,1480
"SPE001169","TOP004035","SPE001337-TOP004035-covers","covers",1.0,1480
"SPE001169","TOP004036","SPE001337-TOP004036-covers","covers",1.0,1480
"SPE001169","TOP004037","SPE001337-TOP004037-covers","covers",1.0,1480
"SPE001169","SPE001342","SPE001342-delivered","delivered",1.0,1485
"SPE001169","TOP004049","SPE001342-TOP004049-covers","covers",1.0,1485
"SPE001169","TOP004050","SPE001342-TOP004050-covers","covers",1.0,1485
"SPE001169","TOP004051","SPE001342-TOP004051-covers","covers",1.0,1485
"SPE001169","SPE001344","SPE001344-delivered","delivered",1.0,1487
"SPE001169","TOP004055","SPE001344-TOP004055-covers","covers",1.0,1487
"SPE001169","TOP004056","SPE001344-TOP004056-covers","covers",1.0,1487
"SPE001169","TOP004057","SPE001344-TOP004057-covers","covers",1.0,1487
"SPE001169","SPE001346","SPE001346-delivered","delivered",1.0,1490
"SPE001169","TOP004064","SPE001346-TOP004064-covers","covers",1.0,1490
"SPE001169","TOP004065","SPE001346-TOP004065-covers","covers",1.0,1490
"SPE001169","TOP004066","SPE001346-TOP004066-covers","covers",1.0,1490
"SPE001169","SPE001349","SPE001349-delivered","delivered",1.0,1493
"SPE001169","TOP004073","SPE001349-TOP004073-covers","covers",1.0,1493
"SPE001169","TOP004074","SPE001349-TOP004074-covers","covers",1.0,1493
"SPE001169","TOP004075","SPE001349-TOP004075-covers","covers",1.0,1493
"SPE001169","SPE001353","SPE001353-delivered","delivered",1.0,1497
"SPE001169","TOP004083","SPE001353-TOP004083-covers","covers",1.0,1497
"SPE001169","TOP004084","SPE001353-TOP004084-covers","covers",1.0,1497
"SPE001169","TOP004085","SPE001353-TOP004085-covers","covers",1.0,1497
"SPE001169","SPE001354","SPE001354-delivered","delivered",1.0,1499
"SPE001169","TOP004088","SPE001354-TOP004088-covers","covers",1.0,1499
"SPE001169","TOP004089","SPE001354-TOP004089-covers","covers",1.0,1499
"SPE001169","TOP004090","SPE001354-TOP004090-covers","covers",1.0,1499
"SPE001169","SPE001355","SPE001355-delivered","delivered",1.0,1500
"SPE001169","TOP004091","SPE001355-TOP004091-covers","covers",1.0,1500
"SPE001169","TOP004092","SPE001355-TOP004092-covers","covers",1.0,1500
"SPE001169","TOP004093","SPE001355-TOP004093-covers","covers",1.0,1500
"SPE001169","SPE001358","SPE001358-delivered","delivered",1.0,1503
"SPE001169","TOP004100","SPE001358-TOP004100-covers","covers",1.0,1503
"SPE001169","TOP004101","SPE001358-TOP004101-covers","covers",1.0,1503
"SPE001169","TOP004102","SPE001358-TOP004102-covers","covers",1.0,1503
"SPE001169","SPE001364","SPE001364-delivered","delivered",1.0,1509
"SPE001169","TOP004117","SPE001364-TOP004117-covers","covers",1.0,1509
"SPE001169","TOP004118","SPE001364-TOP004118-covers","covers",1.0,1509
"SPE001169","TOP004119","SPE001364-TOP004119-covers","covers",1.0,1509
"SPE001169","SPE001369","SPE001369-delivered","delivered",1.0,1514
"SPE001169","TOP004132","SPE001369-TOP004132-covers","covers",1.0,1514
"SPE001169","TOP004133","SPE001369-TOP004133-covers","covers",1.0,1514
"SPE001169","TOP004134","SPE001369-TOP004134-covers","covers",1.0,1514
"SPE001169","SPE001370","SPE001370-delivered","delivered",1.0,1515
"SPE001169","TOP004135","SPE001370-TOP004135-covers","covers",1.0,1515
"SPE001169","TOP004136","SPE001370-TOP004136-covers","covers",1.0,1515
"SPE001169","TOP004137","SPE001370-TOP004137-covers","covers",1.0,1515
"SPE001169","SPE001381","SPE001381-delivered","delivered",1.0,1527
"SPE001169","TOP004168","SPE001381-TOP004168-covers","covers",1.0,1527
"SPE001169","TOP004169","SPE001381-TOP004169-covers","covers",1.0,1527
"SPE001169","TOP004170","SPE001381-TOP004170-covers","covers",1.0,1527
"SPE001169","SPE001388","SPE001388-delivered","delivered",1.0,1534
"SPE001169","TOP004188","SPE001388-TOP004188-covers","covers",1.0,1534
"SPE001169","TOP004189","SPE001388-TOP004189-covers","covers",1.0,1534
"SPE001169","TOP004190","SPE001388-TOP004190-covers","covers",1.0,1534
"SPE001169","SPE001391","SPE001391-delivered","delivered",1.0,1537
"SPE001169","TOP004196","SPE001391-TOP004196-covers","covers",1.0,1537
"SPE001169","TOP004197","SPE001391-TOP004197-covers","covers",1.0,1537
"SPE001169","TOP004198","SPE001391-TOP004198-covers","covers",1.0,1537
"SPE001170","DAT000985","SPE001170-held_on","held_on",1.0,1308
"SPE001171","DAT000985","SPE001171-held_on","held_on",1.0,1309
"SPE001172","DAT000986","SPE001172-held_on","held_on",1.0,1310
"SPE001173","DAT000987","SPE001173-held_on","held_on",1.0,1311
"SPE001174","DAT000988","SPE001174-held_on","held_on",1.0,1312
"SPE001175","DAT000989","SPE001175-held_on","held_on",1.0,1313
"SPE001176","DAT000990","SPE001176-held_on","held_on",1.0,1314
"SPE001177","DAT000991","SPE001177-held_on","held_on",1.0,1315
"SPE001178","DAT000992","SPE001178-held_on","held_on",1.0,1316
"SPE001179","DAT000993","SPE001179-held_on","held_on",1.0,1317
"SPE001180","DAT000994","SPE001180-held_on","held_on",1.0,1318
"SPE001181","DAT000995","SPE001181-held_on","held_on",1.0,1319
"SPE001182","DAT000996","SPE001182-held_on","held_on",1.0,1320
"SPE001183","DAT000997","SPE001183-held_on","held_on",1.0,1321
"SPE001184","DAT000997","SPE001184-held_on","held_on",1.0,1322
"SPE001185","DAT000998","SPE001185-held_on","held_on",1.0,1323
"SPE001186","DAT000999","SPE001186-held_on","held_on",1.0,1324
"SPE001187","DAT000999","SPE001187-held_on","held_on",1.0,1325
"SPE001188","DAT001000","SPE001188-held_on","held_on",1.0,1326
"SPE001189","DAT001001","SPE001189-held_on","held_on",1.0,1327
"SPE001190","DAT001002","SPE001190-held_on","held_on",1.0,1328
"SPE001191","DAT001003","SPE001191-held_on","held_on",1.0,1329
"SPE001192","DAT001003","SPE001192-held_on","held_on",1.0,1330
"SPE001193","DAT001004","SPE001193-held_on","held_on",1.0,1331
"SPE001194","DAT001004","SPE001194-held_on","held_on",1.0,1332
"SPE001195","DAT001005","SPE001195-held_on","held_on",1.0,1333
"SPE001196","DAT001006","SPE001196-held_on","held_on",1.0,1334
"SPE001197","DAT001007","SPE001197-held_on","held_on",1.0,1335
"SPE001198","DAT001008","SPE001198-held_on","held_on",1.0,1336
"SPE001199","DAT001009","SPE001199-held_on","held_on",1.0,1337
"SPE001200","DAT001010","SPE001200-held_on","held_on",1.0,1338
"SPE001201","DAT001012","SPE001201-held_on","held_on",1.0,1340
"SPE001202","DAT001013","SPE001202-held_on","held_on",1.0,1341
"SPE001203","DAT001013","SPE001203-held_on","held_on",1.0,1342
"SPE001204","DAT001014","SPE001204-held_on","held_on",1.0,1343
"SPE001205","DAT001015","SPE001205-held_on","held_on",1.0,1344
"SPE001206","DAT001016","SPE001206-held_on","held_on",1.0,1345
"SPE001206","DAT001127","SPE001206-held_on","held_on",1.0,1488
"SPE001207","DAT001016","SPE001207-held_on","held_on",1.0,1346
"SPE001208","DAT001017","SPE001208-held_on","held_on",1.0,1347
"SPE001209","DAT001018","SPE001209-held_on","held_on",1.0,1348
"SPE001210","DAT001018","SPE001210-held_on","held_on",1.0,1349
"SPE001211","DAT001019","SPE001211-held_on","held_on",1.0,1350
"SPE001212","DAT001019","SPE001212-held_on","held_on",1.0,1351
"SPE001213","DAT001021","SPE001213-held_on","held_on",1.0,1353
"SPE001214","DAT001022","SPE001214-held_on","held_on",1.0,1354
"SPE001215","DAT001023","SPE001215-held_on","held_on",1.0,1355
"SPE001216","DAT001024","SPE001216-held_on","held_on",1.0,1356
"SPE001217","DAT001025","SPE001217-held_on","held_on",1.0,1357
"SPE001218","DAT001026","SPE001218-held_on","held_on",1.0,1358
"SPE001219","DAT001027","SPE001219-held_on","held_on",1.0,1359
"SPE001220","DAT001028","SPE001220-held_on","held_on",1.0,1360
"SPE001221","DAT001029","SPE001221-held_on","held_on",1.0,1361
"SPE001222","DAT001030","SPE001222-held_on","held_on",1.0,1362
"SPE001223","DAT001031","SPE001223-held_on","held_on",1.0,1363
"SPE001224","DAT001031","SPE001224-held_on","held_on",1.0,1364
"SPE001225","DAT001032","SPE001225-held_on","held_on",1.0,1365
"SPE001226","DAT001033","SPE001226-held_on","held_on",1.0,1366
"SPE001227","DAT001034","SPE001227-held_on","held_on",1.0,1367
"SPE001228","DAT001034","SPE001228-held_on","held_on",1.0,1368
"SPE001229","DAT001035","SPE001229-held_on","held_on",1.0,1369
"SPE001230","DAT001037","SPE001230-held_on","held_on",1.0,1371
"SPE001231","DAT001038","SPE001231-held_on","held_on",1.0,1372
"SPE001232","DAT001039","SPE001232-held_on","held_on",1.0,1373
"SPE001233","DAT001039","SPE001233-held_on","held_on",1.0,1374
"SPE001234","DAT001040","SPE001234-held_on","held_on",1.0,1375
"SPE001235","DAT001040","SPE001235-held_on","held_on",1.0,1376
"SPE001236","DAT001041","SPE001236-held_on","held_on",1.0,1377
"SPE001237","DAT001042","SPE001237-held_on","held_on",1.0,1378
"SPE001238","DAT001043","SPE001238-held_on","held_on",1.0,1379
"SPE001239","DAT001043","SPE001239-held_on","held_on",1.0,1380
"SPE001240","DAT001044","SPE001240-held_on","held_on",1.0,1381
"SPE001241","DAT001045","SPE001241-held_on","held_on",1.0,1382
"SPE001242","DAT001045","SPE001242-held_on","held_on",1.0,1383
"SPE001243","DAT001046","SPE001243-held_on","held_on",1.0,1384
"SPE001244","DAT001047","SPE001244-held_on","held_on",1.0,1385
"SPE001245","DAT001048","SPE001245-held_on","held_on",1.0,1386
"SPE001246","DAT001048","SPE001246-held_on","held_on",1.0,1387
"SPE001247","DAT001049","SPE001247-held_on","held_on",1.0,1388
"SPE001248","DAT001050","SPE001248-held_on","held_on",1.0,1389
"SPE001249","DAT001050","SPE001249-held_on","held_on",1.0,1390
"SPE001250","DAT001050","SPE001250-held_on","held_on",1.0,1391
"SPE001251","DAT001051","SPE001251-held_on","held_on",1.0,1392
"SPE001252","DAT001052","SPE001252-held_on","held_on",1.0,1393
"SPE001253","DAT001052","SPE001253-held_on","held_on",1.0,1394
"SPE001254","DAT001053","SPE001254-held_on","held_on",1.0,1395
"SPE001255","DAT001054","SPE001255-held_on","held_on",1.0,1396
"SPE001256","DAT001055","SPE001256-held_on","held_on",1.0,1397
"SPE001257","DAT001055","SPE001257-held_on","held_on",1.0,1398
"SPE001258","DAT001056","SPE001258-held_on","held_on",1.0,1399
"SPE001259","DAT001057","SPE001259-held_on","held_on",1.0,1400
"SPE001260","DAT001058","SPE001260-held_on","held_on",1.0,1401
"SPE001261","DAT001059","SPE001261-held_on","held_on",1.0,1402
"SPE001262","DAT001059","SPE001262-held_on","held_on",1.0,1403
"SPE001263","DAT001060","SPE001263-held_on","held_on",1.0,1404
"SPE001264","DAT001061","SPE001264-held_on","held_on",1.0,1405
"SPE001265","DAT001062","SPE001265-held_on","held_on",1.0,1406
"SPE001266","DAT001063","SPE001266-held_on","held_on",1.0,1407
"SPE001267","DAT001064","SPE001267-held_on","held_on",1.0,1408
"SPE001268","DAT001065","SPE001268-held_on","held_on",1.0,1409
"SPE001269","DAT001066","SPE001269-held_on","held_on",1.0,1410
"SPE001270","DAT001066","SPE001270-held_on","held_on",1.0,1411
"SPE001271","DAT001067","SPE001271-held_on","held_on",1.0,1412
"SPE001272","DAT001068","SPE001272-held_on","held_on",1.0,1413
"SPE001273","DAT001069","SPE001273-held_on","held_on",1.0,1414
"SPE001274","DAT001070","SPE001274-held_on","held_on",1.0,1415
"SPE001275","DAT001071","SPE001275-held_on","held_on",1.0,1416
"SPE001276","DAT001072","SPE001276-held_on","held_on",1.0,1417
"SPE001277","DAT001072","SPE001277-held_on","held_on",1.0,1418
"SPE001278","DAT001073","SPE001278-held_on","held_on",1.0,1419
"SPE001279","DAT001073","SPE001279-held_on","held_on",1.0,1420
"SPE001280","DAT001074","SPE001280-held_on","held_on",1.0,1421
"SPE001281","DAT001075","SPE001281-held_on","held_on",1.0,1422
"SPE001282","DAT001076","SPE001282-held_on","held_on",1.0,1423
"SPE001283","DAT001077","SPE001283-held_on","held_on",1.0,1424
"SPE001284","DAT001078","SPE001284-held_on","held_on",1.0,1425
"SPE001285","DAT001079","SPE001285-held_on","held_on",1.0,1426
"SPE001286","DAT001079","SPE001286-held_on","held_on",1.0,1427
"SPE001287","DAT001079","SPE001287-held_on","held_on",1.0,1428
"SPE001288","DAT001080","SPE001288-held_on","held_on",1.0,1429
"SPE001289","DAT001080","SPE001289-held_on","held_on",1.0,1430
"SPE001290","DAT001081","SPE001290-held_on","held_on",1.0,1431
"SPE001290","DAT001095","SPE001290-held_on","held_on",1.0,1447
"SPE001291","DAT001082","SPE001291-held_on","held_on",1.0,1432
"SPE001292","DAT001083","SPE001292-held_on","held_on",1.0,1433
"SPE001293","DAT001084","SPE001293-held_on","held_on",1.0,1434
"SPE001294","DAT001084","SPE001294-held_on","held_on",1.0,1435
"SPE001295","DAT001085","SPE001295-held_on","held_on",1.0,1436
"SPE001296","DAT001086","SPE001296-held_on","held_on",1.0,1437
"SPE001297","DAT001087","SPE001297-held_on","held_on",1.0,1438
"SPE001298","DAT001087","SPE001298-held_on","held_on",1.0,1439
"SPE001299","DAT001088","SPE001299-held_on","held_on",1.0,1440
"SPE001300","DAT001089","SPE001300-held_on","held_on",1.0,1441
"SPE001301","DAT001090","SPE001301-held_on","held_on",1.0,1442
"SPE001302","DAT001091","SPE001302-held_on","held_on",1.0,1443
"SPE001303","DAT001092","SPE001303-held_on","held_on",1.0,1444
"SPE001304","DAT001093","SPE001304-held_on","held_on",1.0,1445
"SPE001305","DAT001094","SPE001305-held_on","held_on",1.0,1446
"SPE001306","DAT001096","SPE001306-held_on","held_on",1.0,1448
"SPE001307","DAT001097","SPE001307-held_on","held_on",1.0,1449
"SPE001308","DAT001098","SPE001308-held_on","held_on",1.0,1450
"SPE001309","DAT001098","SPE001309-held_on","held_on",1.0,1451
"SPE001310","DAT001099","SPE001310-held_on","held_on",1.0,1452
"SPE001311","DAT001100","SPE001311-held_on","held_on",1.0,1453
"SPE001312","DAT001101","SPE001312-held_on","held_on",1.0,1454
"SPE001313","DAT001101","SPE001313-held_on","held_on",1.0,1455
"SPE001314","DAT001102","SPE001314-held_on","held_on",1.0,1456
"SPE001315","DAT001103","SPE001315-held_on","held_on",1.0,1457
"SPE001316","DAT001104","SPE001316-held_on","held_on",1.0,1458
"SPE001317","DAT001104","SPE001317-held_on","held_on",1.0,1459
"SPE001318","DAT001105","SPE001318-held_on","held_on",1.0,1460
"SPE001319","DAT001106","SPE001319-held_on","held_on",1.0,1461
"SPE001320","DAT001107","SPE001320-held_on","held_on",1.0,1462
"SPE001321","DAT001108","SPE001321-held_on","held_on",1.0,1463
"SPE001322","DAT001108","SPE001322-held_on","held_on",1.0,1464
"SPE001323","DAT001108","SPE001323-held_on","held_on",1.0,1465
"SPE001324","DAT001109","SPE001324-held_on","held_on",1.0,1466
"SPE001325","DAT001110","SPE001325-held_on","held_on",1.0,1467
"SPE001326","DAT001111","SPE001326-held_on","held_on",1.0,1468
"SPE001327","DAT001112","SPE001327-held_on","held_on",1.0,1469
"SPE001328","DAT001112","SPE001328-held_on","held_on",1.0,1470
"SPE001329","DAT001112","SPE001329-held_on","held_on",1.0,1471
"SPE001330","DAT001113","SPE001330-held_on","held_on",1.0,1472
"SPE001331","DAT001114","SPE001331-held_on","held_on",1.0,1473
"SPE001332","DAT001115","SPE001332-held_on","held_on",1.0,1474
"SPE001333","DAT001116","SPE001333-held_on","held_on",1.0,1475
"SPE001334","DAT001117","SPE001334-held_on","held_on",1.0,1476
"SPE001335","DAT001118","SPE001335-held_on","held_on",1.0,1477
"SPE001336","DAT001120","SPE001336-held_on","held_on",1.0,1479
"SPE001337","DAT001121","SPE001337-held_on","held_on",1.0,1480
"SPE001338","DAT001121","SPE001338-held_on","held_on",1.0,1481
"SPE001339","DAT001122","SPE001339-held_on","held_on",1.0,1482
"SPE001340","DAT001123","SPE001340-held_on","held_on",1.0,1483
"SPE001341","DAT001124","SPE001341-held_on","held_on",1.0,1484
"SPE001342","DAT001125","SPE001342-held_on","held_on",1.0,1485
"SPE001343","DAT001125","SPE001343-held_on","held_on",1.0,1486
"SPE001344","DAT001126","SPE001344-held_on","held_on",1.0,1487
"SPE001345","DAT001128","SPE001345-held_on","held_on",1.0,1489
"SPE001346","DAT001129","SPE001346-held_on","held_on",1.0,1490
"SPE001347","DAT001130","SPE001347-held_on","held_on",1.0,1491
"SPE001348","DAT001131","SPE001348-held_on","held_on",1.0,1492
"SPE001349","DAT001132","SPE001349-held_on","held_on",1.0,1493
"SPE001350","DAT001133","SPE001350-held_on","held_on",1.0,1494
"SPE001351","DAT001134","SPE001351-held_on","held_on",1.0,1495
"SPE001352","DAT001134","SPE001352-held_on","held_on",1.0,1496
"SPE001353","DAT001135","SPE001353-held_on","held_on",1.0,1497
"SPE001354","DAT001137","SPE001354-held_on","held_on",1.0,1499
"SPE001355","DAT001138","SPE001355-held_on","held_on",1.0,1500
"SPE001356","DAT001139","SPE001356-held_on","held_on",1.0,1501
"SPE001357","DAT001139","SPE001357-held_on","held_on",1.0,1502
"SPE001358","DAT001140","SPE001358-held_on","held_on",1.0,1503
"SPE001359","DAT001141","SPE001359-held_on","held_on",1.0,1504
"SPE001360","DAT001142","SPE001360-held_on","held_on",1.0,1505
"SPE001361","DAT001142","SPE001361-held_on","held_on",1.0,1506
"SPE001362","DAT001143","SPE001362-held_on","held_on",1.0,1507
"SPE001363","DAT001143","SPE001363-held_on","held_on",1.0,1508
"SPE001364","DAT001144","SPE001364-held_on","held_on",1.0,1509
"SPE001365","DAT001145","SPE001365-held_on","held_on",1.0,1510
"SPE001366","DAT001146","SPE001366-held_on","held_on",1.0,1511
"SPE001367","DAT001147","SPE001367-held_on","held_on",1.0,1512
"SPE001368","DAT001148","SPE001368-held_on","held_on",1.0,1513
"SPE001369","DAT001148","SPE001369-held_on","held_on",1.0,1514
"SPE001370","DAT001149","SPE001370-held_on","held_on",1.0,1515
"SPE001371","SPE001372","SPE001372-delivered","delivered",1.0,1516
"SPE001371","TOP004138","SPE001372-TOP004138-covers","covers",1.0,1516
"SPE001371","TOP004139","SPE001372-TOP004139-covers","covers",1.0,1516
"SPE001371","TOP004140","SPE001372-TOP004140-covers","covers",1.0,1516
"SPE001371","SPE001373","SPE001373-delivered","delivered",1.0,1517
"SPE001371","TOP004141","SPE001373-TOP004141-covers","covers",1.0,1517
"SPE001371","TOP004142","SPE001373-TOP004142-covers","covers",1.0,1517
"SPE001371","TOP004143","SPE001373-TOP004143-covers","covers",1.0,1517
"SPE001371","SPE001384","SPE001384-delivered","delivered",1.0,1530
"SPE001371","TOP004177","SPE001384-TOP004177-covers","covers",1.0,1530
"SPE001371","TOP004178","SPE001384-TOP004178-covers","covers",1.0,1530
"SPE001371","TOP004179","SPE001384-TOP004179-covers","covers",1.0,1530
"SPE001371","SPE001387","SPE001387-delivered","delivered",1.0,1533
"SPE001371","TOP004185","SPE001387-TOP004185-covers","covers",1.0,1533
"SPE001371","TOP004186","SPE001387-TOP004186-covers","covers",1.0,1533
"SPE001371","TOP004187","SPE001387-TOP004187-covers","covers",1.0,1533
"SPE001371","SPE001394","SPE001394-delivered","delivered",1.0,1540
"SPE001371","TOP004205","SPE001394-TOP004205-covers","covers",1.0,1540
"SPE001371","TOP004206","SPE001394-TOP004206-covers","covers",1.0,1540
"SPE001371","TOP004207","SPE001394-TOP004207-covers","covers",1.0,1540
"SPE001371","SPE001395","SPE001395-delivered","delivered",1.0,1541
"SPE001371","TOP004208","SPE001395-TOP004208-covers","covers",1.0,1541
"SPE001371","TOP004209","SPE001395-TOP004209-covers","covers",1.0,1541
"SPE001371","TOP004209","SPE001399-TOP004209-covers","covers",1.0,1545
"SPE001371","TOP004209","SPE001738-TOP004209-covers","covers",1.0,1892
"SPE001371","TOP004209","SPE001837-TOP004209-covers","covers",1.0,1995
"SPE001371","TOP004209","SPE001858-TOP004209-covers","covers",1.0,2018
"SPE001371","TOP004209","SPE002003-TOP004209-covers","covers",1.0,2169
"SPE001371","TOP004209","SPE002045-TOP004209-covers","covers",1.0,2212
"SPE001371","TOP004209","SPE002203-TOP004209-covers","covers",1.0,2377
"SPE001371","TOP004210","SPE001395-TOP004210-covers","covers",1.0,1541
"SPE001371","SPE001396","SPE001396-delivered","delivered",1.0,1542
"SPE001371","TOP004211","SPE001396-TOP004211-covers","covers",1.0,1542
"SPE001371","TOP004212","SPE001396-TOP004212-covers","covers",1.0,1542
"SPE001371","TOP004213","SPE001396-TOP004213-covers","covers",1.0,1542
"SPE001371","SPE001399","SPE001399-delivered","delivered",1.0,1545
"SPE001371","TOP004220","SPE001399-TOP004220-covers","covers",1.0,1545
"SPE001371","TOP004221","SPE001399-TOP004221-covers","covers",1.0,1545
"SPE001371","SPE001413","SPE001413-delivered","delivered",1.0,1558
"SPE001371","TOP004258","SPE001413-TOP004258-covers","covers",1.0,1558
"SPE001371","TOP004259","SPE001413-TOP004259-covers","covers",1.0,1558
"SPE001371","TOP003547","SPE001413-TOP003547-covers","covers",1.0,1558
"SPE001371","SPE001414","SPE001414-delivered","delivered",1.0,1559
"SPE001371","TOP004260","SPE001414-TOP004260-covers","covers",1.0,1559
"SPE001371","TOP004261","SPE001414-TOP004261-covers","covers",1.0,1559
"SPE001371","TOP004262","SPE001414-TOP004262-covers","covers",1.0,1559
"SPE001371","SPE001425","SPE001425-delivered","delivered",1.0,1570
"SPE001371","TOP004290","SPE001425-TOP004290-covers","covers",1.0,1570
"SPE001371","TOP004291","SPE001425-TOP004291-covers","covers",1.0,1570
"SPE001371","TOP004292","SPE001425-TOP004292-covers","covers",1.0,1570
"SPE001371","SPE001428","SPE001428-delivered","delivered",1.0,1572
"SPE001371","TOP004296","SPE001428-TOP004296-covers","covers",1.0,1572
"SPE001371","TOP004297","SPE001428-TOP004297-covers","covers",1.0,1572
"SPE001371","TOP000300","SPE001428-TOP000300-covers","covers",1.0,1572
"SPE001371","SPE001433","SPE001433-delivered","delivered",1.0,1578
"SPE001371","TOP004312","SPE001433-TOP004312-covers","covers",1.0,1578
"SPE001371","TOP004313","SPE001433-TOP004313-covers","covers",1.0,1578
"SPE001371","TOP004314","SPE001433-TOP004314-covers","covers",1.0,1578
"SPE001371","SPE001442","SPE001442-delivered","delivered",1.0,1588
"SPE001371","TOP004337","SPE001442-TOP004337-covers","covers",1.0,1588
"SPE001371","TOP004338","SPE001442-TOP004338-covers","covers",1.0,1588
"SPE001371","TOP004339","SPE001442-TOP004339-covers","covers",1.0,1588
"SPE001371","SPE001443","SPE001443-delivered","delivered",1.0,1589
"SPE001371","TOP004340","SPE001443-TOP004340-covers","covers",1.0,1589
"SPE001371","TOP004341","SPE001443-TOP004341-covers","covers",1.0,1589
"SPE001371","TOP004342","SPE001443-TOP004342-covers","covers",1.0,1589
"SPE001371","SPE001456","SPE001456-delivered","delivered",1.0,1604
"SPE001371","TOP004383","SPE001456-TOP004383-covers","covers",1.0,1604
"SPE001371","TOP004384","SPE001456-TOP004384-covers","covers",1.0,1604
"SPE001371","TOP004385","SPE001456-TOP004385-covers","covers",1.0,1604
"SPE001371","SPE001466","SPE001466-delivered","delivered",1.0,1614
"SPE001371","TOP004411","SPE001466-TOP004411-covers","covers",1.0,1614
"SPE001371","TOP004412","SPE001466-TOP004412-covers","covers",1.0,1614
"SPE001371","TOP004413","SPE001466-TOP004413-covers","covers",1.0,1614
"SPE001371","SPE001472","SPE001472-delivered","delivered",1.0,1620
"SPE001371","TOP004426","SPE001472-TOP004426-covers","covers",1.0,1620
"SPE001371","TOP004427","SPE001472-TOP004427-covers","covers",1.0,1620
"SPE001371","TOP004428","SPE001472-TOP004428-covers","covers",1.0,1620
"SPE001371","SPE001475","SPE001475-delivered","delivered",1.0,1623
"SPE001371","TOP004435","SPE001475-TOP004435-covers","covers",1.0,1623
"SPE001371","TOP004436","SPE001475-TOP004436-covers","covers",1.0,1623
"SPE001371","TOP004437","SPE001475-TOP004437-covers","covers",1.0,1623
"SPE001371","TOP004437","SPE001531-TOP004437-covers","covers",1.0,1679
"SPE001371","SPE001483","SPE001483-delivered","delivered",1.0,1630
"SPE001371","TOP004455","SPE001483-TOP004455-covers","covers",1.0,1630
"SPE001371","TOP004456","SPE001483-TOP004456-covers","covers",1.0,1630
"SPE001371","TOP004457","SPE001483-TOP004457-covers","covers",1.0,1630
"SPE001371","SPE001490","SPE001490-delivered","delivered",1.0,1637
"SPE001371","TOP004472","SPE001490-TOP004472-covers","covers",1.0,1637
"SPE001371","TOP004473","SPE001490-TOP004473-covers","covers",1.0,1637
"SPE001371","TOP004474","SPE001490-TOP004474-covers","covers",1.0,1637
"SPE001371","SPE001500","SPE001500-delivered","delivered",1.0,1647
"SPE001371","TOP004501","SPE001500-TOP004501-covers","covers",1.0,1647
"SPE001371","TOP004502","SPE001500-TOP004502-covers","covers",1.0,1647
"SPE001371","TOP004503","SPE001500-TOP004503-covers","covers",1.0,1647
"SPE001371","SPE001508","SPE001508-delivered","delivered",1.0,1655
"SPE001371","TOP004525","SPE001508-TOP004525-covers","covers",1.0,1655
"SPE001371","TOP004526","SPE001508-TOP004526-covers","covers",1.0,1655
"SPE001371","TOP004527","SPE001508-TOP004527-covers","covers",1.0,1655
"SPE001371","SPE001516","SPE001516-delivered","delivered",1.0,1664
"SPE001371","TOP004552","SPE001516-TOP004552-covers","covers",1.0,1664
"SPE001371","TOP004553","SPE001516-TOP004553-covers","covers",1.0,1664
"SPE001371","TOP004554","SPE001516-TOP004554-covers","covers",1.0,1664
"SPE001371","SPE001518","SPE001518-delivered","delivered",1.0,1666
"SPE001371","TOP004558","SPE001518-TOP004558-covers","covers",1.0,1666
"SPE001371","TOP004559","SPE001518-TOP004559-covers","covers",1.0,1666
"SPE001371","TOP004560","SPE001518-TOP004560-covers","covers",1.0,1666
"SPE001371","SPE001531","SPE001531-delivered","delivered",1.0,1679
"SPE001371","TOP004592","SPE001531-TOP004592-covers","covers",1.0,1679
"SPE001371","TOP004593","SPE001531-TOP004593-covers","covers",1.0,1679
"SPE001371","SPE001547","SPE001547-delivered","delivered",1.0,1695
"SPE001371","TOP004637","SPE001547-TOP004637-covers","covers",1.0,1695
"SPE001371","TOP004638","SPE001547-TOP004638-covers","covers",1.0,1695
"SPE001371","TOP004639","SPE001547-TOP004639-covers","covers",1.0,1695
"SPE001371","SPE001560","SPE001560-delivered","delivered",1.0,1708
"SPE001371","TOP004671","SPE001560-TOP004671-covers","covers",1.0,1708
"SPE001371","TOP004672","SPE001560-TOP004672-covers","covers",1.0,1708
"SPE001371","TOP004673","SPE001560-TOP004673-covers","covers",1.0,1708
"SPE001371","SPE001575","SPE001575-delivered","delivered",1.0,1723
"SPE001371","TOP004714","SPE001575-TOP004714-covers","covers",1.0,1723
"SPE001371","TOP004715","SPE001575-TOP004715-covers","covers",1.0,1723
"SPE001371","TOP001130","SPE001575-TOP001130-covers","covers",1.0,1723
"SPE001371","SPE001589","SPE001589-delivered","delivered",1.0,1738
"SPE001371","TOP004758","SPE001589-TOP004758-covers","covers",1.0,1738
"SPE001371","TOP004759","SPE001589-TOP004759-covers","covers",1.0,1738
"SPE001371","TOP004760","SPE001589-TOP004760-covers","covers",1.0,1738
"SPE001371","SPE001599","SPE001599-delivered","delivered",1.0,1749
"SPE001371","TOP004787","SPE001599-TOP004787-covers","covers",1.0,1749
"SPE001371","TOP004788","SPE001599-TOP004788-covers","covers",1.0,1749
"SPE001371","TOP004789","SPE001599-TOP004789-covers","covers",1.0,1749
"SPE001371","SPE001601","SPE001601-delivered","delivered",1.0,1751
"SPE001371","TOP004793","SPE001601-TOP004793-covers","covers",1.0,1751
"SPE001371","TOP004794","SPE001601-TOP004794-covers","covers",1.0,1751
"SPE001371","TOP004795","SPE001601-TOP004795-covers","covers",1.0,1751
"SPE001371","SPE001604","SPE001604-delivered","delivered",1.0,1754
"SPE001371","TOP004801","SPE001604-TOP004801-covers","covers",1.0,1754
"SPE001371","TOP004802","SPE001604-TOP004802-covers","covers",1.0,1754
"SPE001371","TOP004803","SPE001604-TOP004803-covers","covers",1.0,1754
"SPE001371","SPE001617","SPE001617-delivered","delivered",1.0,1766
"SPE001371","TOP004834","SPE001617-TOP004834-covers","covers",1.0,1766
"SPE001371","TOP004835","SPE001617-TOP004835-covers","covers",1.0,1766
"SPE001371","TOP004836","SPE001617-TOP004836-covers","covers",1.0,1766
"SPE001371","SPE001642","SPE001642-delivered","delivered",1.0,1791
"SPE001371","TOP004908","SPE001642-TOP004908-covers","covers",1.0,1791
"SPE001371","TOP004909","SPE001642-TOP004909-covers","covers",1.0,1791
"SPE001371","TOP004910","SPE001642-TOP004910-covers","covers",1.0,1791
"SPE001371","SPE001650","SPE001650-delivered","delivered",1.0,1800
"SPE001371","TOP004933","SPE001650-TOP004933-covers","covers",1.0,1800
"SPE001371","TOP004934","SPE001650-TOP004934-covers","covers",1.0,1800
"SPE001371","TOP004935","SPE001650-TOP004935-covers","covers",1.0,1800
"SPE001371","TOP004935","SPE001672-TOP004935-covers","covers",1.0,1824
"SPE001371","SPE001653","SPE001653-delivered","delivered",1.0,1803
"SPE001371","TOP004942","SPE001653-TOP004942-covers","covers",1.0,1803
"SPE001371","TOP004943","SPE001653-TOP004943-covers","covers",1.0,1803
"SPE001371","TOP004944","SPE001653-TOP004944-covers","covers",1.0,1803
"SPE001371","SPE001661","SPE001661-delivered","delivered",1.0,1811
"SPE001371","TOP004964","SPE001661-TOP004964-covers","covers",1.0,1811
"SPE001371","TOP004965","SPE001661-TOP004965-covers","covers",1.0,1811
"SPE001371","TOP004966","SPE001661-TOP004966-covers","covers",1.0,1811
"SPE001371","SPE001667","SPE001667-delivered","delivered",1.0,1818
"SPE001371","TOP004981","SPE001667-TOP004981-covers","covers",1.0,1818
"SPE001371","TOP004982","SPE001667-TOP004982-covers","covers",1.0,1818
"SPE001371","TOP004983","SPE001667-TOP004983-covers","covers",1.0,1818
"SPE001371","SPE001672","SPE001672-delivered","delivered",1.0,1824
"SPE001371","TOP004999","SPE001672-TOP004999-covers","covers",1.0,1824
"SPE001371","TOP005000","SPE001672-TOP005000-covers","covers",1.0,1824
"SPE001371","SPE001677","SPE001677-delivered","delivered",1.0,1829
"SPE001371","TOP004810","SPE001677-TOP004810-covers","covers",1.0,1829
"SPE001371","TOP005013","SPE001677-TOP005013-covers","covers",1.0,1829
"SPE001371","TOP005014","SPE001677-TOP005014-covers","covers",1.0,1829
"SPE001371","SPE001684","SPE001684-delivered","delivered",1.0,1836
"SPE001371","TOP005032","SPE001684-TOP005032-covers","covers",1.0,1836
"SPE001371","TOP003369","SPE001684-TOP003369-covers","covers",1.0,1836
"SPE001371","TOP005033","SPE001684-TOP005033-covers","covers",1.0,1836
"SPE001371","SPE001686","SPE001686-delivered","delivered",1.0,1838
"SPE001371","TOP005037","SPE001686-TOP005037-covers","covers",1.0,1838
"SPE001371","TOP005038","SPE001686-TOP005038-covers","covers",1.0,1838
"SPE001371","TOP005039","SPE001686-TOP005039-covers","covers",1.0,1838
"SPE001371","SPE001700","SPE001700-delivered","delivered",1.0,1854
"SPE001371","TOP005083","SPE001700-TOP005083-covers","covers",1.0,1854
"SPE001371","TOP005084","SPE001700-TOP005084-covers","covers",1.0,1854
"SPE001371","TOP005085","SPE001700-TOP005085-covers","covers",1.0,1854
"SPE001371","SPE001703","SPE001703-delivered","delivered",1.0,1857
"SPE001371","TOP005092","SPE001703-TOP005092-covers","covers",1.0,1857
"SPE001371","TOP005093","SPE001703-TOP005093-covers","covers",1.0,1857
"SPE001371","TOP005094","SPE001703-TOP005094-covers","covers",1.0,1857
"SPE001371","SPE001705","SPE001705-delivered","delivered",1.0,1859
"SPE001371","TOP005098","SPE001705-TOP005098-covers","covers",1.0,1859
"SPE001371","TOP005099","SPE001705-TOP005099-covers","covers",1.0,1859
"SPE001371","TOP005100","SPE001705-TOP005100-covers","covers",1.0,1859
"SPE001371","SPE001721","SPE001721-delivered","delivered",1.0,1875
"SPE001371","TOP005143","SPE001721-TOP005143-covers","covers",1.0,1875
"SPE001371","TOP005144","SPE001721-TOP005144-covers","covers",1.0,1875
"SPE001371","TOP005145","SPE001721-TOP005145-covers","covers",1.0,1875
"SPE001371","TOP005145","SPE001791-TOP005145-covers","covers",1.0,1948
"SPE001371","SPE001728","SPE001728-delivered","delivered",1.0,1882
"SPE001371","TOP005164","SPE001728-TOP005164-covers","covers",1.0,1882
"SPE001371","TOP005165","SPE001728-TOP005165-covers","covers",1.0,1882
"SPE001371","TOP005166","SPE001728-TOP005166-covers","covers",1.0,1882
"SPE001371","SPE001734","SPE001734-delivered","delivered",1.0,1888
"SPE001371","TOP005182","SPE001734-TOP005182-covers","covers",1.0,1888
"SPE001371","TOP005183","SPE001734-TOP005183-covers","covers",1.0,1888
"SPE001371","TOP005184","SPE001734-TOP005184-covers","covers",1.0,1888
"SPE001371","SPE001738","SPE001738-delivered","delivered",1.0,1892
"SPE001371","TOP005193","SPE001738-TOP005193-covers","covers",1.0,1892
"SPE001371","TOP005194","SPE001738-TOP005194-covers","covers",1.0,1892
"SPE001371","SPE001766","SPE001766-delivered","delivered",1.0,1921
"SPE001371","TOP005276","SPE001766-TOP005276-covers","covers",1.0,1921
"SPE001371","TOP005277","SPE001766-TOP005277-covers","covers",1.0,1921
"SPE001371","TOP005278","SPE001766-TOP005278-covers","covers",1.0,1921
"SPE001371","SPE001770","SPE001770-delivered","delivered",1.0,1925
"SPE001371","TOP005288","SPE001770-TOP005288-covers","covers",1.0,1925
"SPE001371","TOP005289","SPE001770-TOP005289-covers","covers",1.0,1925
"SPE001371","TOP005290","SPE001770-TOP005290-covers","covers",1.0,1925
"SPE001371","SPE001771","SPE001771-delivered","delivered",1.0,1926
"SPE001371","TOP005229","SPE001771-TOP005229-covers","covers",1.0,1926
"SPE001371","TOP005291","SPE001771-TOP005291-covers","covers",1.0,1926
"SPE001371","TOP005292","SPE001771-TOP005292-covers","covers",1.0,1926
"SPE001371","SPE001774","SPE001774-delivered","delivered",1.0,1930
"SPE001371","TOP005302","SPE001774-TOP005302-covers","covers",1.0,1930
"SPE001371","TOP005303","SPE001774-TOP005303-covers","covers",1.0,1930
"SPE001371","TOP005304","SPE001774-TOP005304-covers","covers",1.0,1930
"SPE001371","SPE001791","SPE001791-delivered","delivered",1.0,1948
"SPE001371","TOP002833","SPE001791-TOP002833-covers","covers",1.0,1948
"SPE001371","TOP005355","SPE001791-TOP005355-covers","covers",1.0,1948
"SPE001371","SPE001806","SPE001806-delivered","delivered",1.0,1963
"SPE001371","TOP005398","SPE001806-TOP005398-covers","covers",1.0,1963
"SPE001371","TOP005399","SPE001806-TOP005399-covers","covers",1.0,1963
"SPE001371","TOP005400","SPE001806-TOP005400-covers","covers",1.0,1963
"SPE001371","SPE001809","SPE001809-delivered","delivered",1.0,1966
"SPE001371","TOP005406","SPE001809-TOP005406-covers","covers",1.0,1966
"SPE001371","TOP005407","SPE001809-TOP005407-covers","covers",1.0,1966
"SPE001371","TOP005408","SPE001809-TOP005408-covers","covers",1.0,1966
"SPE001371","TOP005408","SPE001829-TOP005408-covers","covers",1.0,1987
"SPE001371","SPE001813","SPE001813-delivered","delivered",1.0,1970
"SPE001371","TOP005416","SPE001813-TOP005416-covers","covers",1.0,1970
"SPE001371","TOP005417","SPE001813-TOP005417-covers","covers",1.0,1970
"SPE001371","TOP005418","SPE001813-TOP005418-covers","covers",1.0,1970
"SPE001371","SPE001815","SPE001815-delivered","delivered",1.0,1972
"SPE001371","TOP005422","SPE001815-TOP005422-covers","covers",1.0,1972
"SPE001371","TOP005423","SPE001815-TOP005423-covers","covers",1.0,1972
"SPE001371","TOP005424","SPE001815-TOP005424-covers","covers",1.0,1972
"SPE001371","SPE001824","SPE001824-delivered","delivered",1.0,1982
"SPE001371","TOP005452","SPE001824-TOP005452-covers","covers",1.0,1982
"SPE001371","TOP005453","SPE001824-TOP005453-covers","covers",1.0,1982
"SPE001371","TOP005454","SPE001824-TOP005454-covers","covers",1.0,1982
"SPE001371","SPE001829","SPE001829-delivered","delivered",1.0,1987
"SPE001371","TOP005466","SPE001829-TOP005466-covers","covers",1.0,1987
"SPE001371","TOP000598","SPE001829-TOP000598-covers","covers",1.0,1987
"SPE001371","SPE001835","SPE001835-delivered","delivered",1.0,1993
"SPE001371","TOP005481","SPE001835-TOP005481-covers","covers",1.0,1993
"SPE001371","TOP005482","SPE001835-TOP005482-covers","covers",1.0,1993
"SPE001371","TOP005483","SPE001835-TOP005483-covers","covers",1.0,1993
"SPE001371","SPE001837","SPE001837-delivered","delivered",1.0,1995
"SPE001371","TOP005487","SPE001837-TOP005487-covers","covers",1.0,1995
"SPE001371","TOP005488","SPE001837-TOP005488-covers","covers",1.0,1995
"SPE001371","SPE001857","SPE001857-delivered","delivered",1.0,2017
"SPE001371","TOP005550","SPE001857-TOP005550-covers","covers",1.0,2017
"SPE001371","TOP005551","SPE001857-TOP005551-covers","covers",1.0,2017
"SPE001371","TOP005552","SPE001857-TOP005552-covers","covers",1.0,2017
"SPE001371","SPE001858","SPE001858-delivered","delivered",1.0,2018
"SPE001371","TOP005553","SPE001858-TOP005553-covers","covers",1.0,2018
"SPE001371","TOP005554","SPE001858-TOP005554-covers","covers",1.0,2018
"SPE001371","SPE001870","SPE001870-delivered","delivered",1.0,2030
"SPE001371","TOP005582","SPE001870-TOP005582-covers","covers",1.0,2030
"SPE001371","TOP002179","SPE001870-TOP002179-covers","covers",1.0,2030
"SPE001371","TOP005583","SPE001870-TOP005583-covers","covers",1.0,2030
"SPE001371","SPE001881","SPE001881-delivered","delivered",1.0,2041
"SPE001371","TOP005609","SPE001881-TOP005609-covers","covers",1.0,2041
"SPE001371","TOP005610","SPE001881-TOP005610-covers","covers",1.0,2041
"SPE001371","TOP005611","SPE001881-TOP005611-covers","covers",1.0,2041
"SPE001371","SPE001891","SPE001891-delivered","delivered",1.0,2052
"SPE001371","TOP005638","SPE001891-TOP005638-covers","covers",1.0,2052
"SPE001371","TOP005639","SPE001891-TOP005639-covers","covers",1.0,2052
"SPE001371","TOP005640","SPE001891-TOP005640-covers","covers",1.0,2052
"SPE001371","SPE001895","SPE001895-delivered","delivered",1.0,2056
"SPE001371","TOP005650","SPE001895-TOP005650-covers","covers",1.0,2056
"SPE001371","TOP005651","SPE001895-TOP005651-covers","covers",1.0,2056
"SPE001371","TOP005652","SPE001895-TOP005652-covers","covers",1.0,2056
"SPE001371","SPE001898","SPE001898-delivered","delivered",1.0,2059
"SPE001371","TOP005658","SPE001898-TOP005658-covers","covers",1.0,2059
"SPE001371","TOP005659","SPE001898-TOP005659-covers","covers",1.0,2059
"SPE001371","TOP001081","SPE001898-TOP001081-covers","covers",1.0,2059
"SPE001371","SPE001921","SPE001921-delivered","delivered",1.0,2083
"SPE001371","TOP003276","SPE001921-TOP003276-covers","covers",1.0,2083
"SPE001371","TOP005720","SPE001921-TOP005720-covers","covers",1.0,2083
"SPE001371","TOP005721","SPE001921-TOP005721-covers","covers",1.0,2083
"SPE001371","SPE001937","SPE001937-delivered","delivered",1.0,2099
"SPE001371","TOP005763","SPE001937-TOP005763-covers","covers",1.0,2099
"SPE001371","TOP005764","SPE001937-TOP005764-covers","covers",1.0,2099
"SPE001371","TOP005765","SPE001937-TOP005765-covers","covers",1.0,2099
"SPE001371","SPE001939","SPE001939-delivered","delivered",1.0,2101
"SPE001371","TOP005769","SPE001939-TOP005769-covers","covers",1.0,2101
"SPE001371","TOP005770","SPE001939-TOP005770-covers","covers",1.0,2101
"SPE001371","TOP005771","SPE001939-TOP005771-covers","covers",1.0,2101
"SPE001371","SPE001944","SPE001944-delivered","delivered",1.0,2106
"SPE001371","TOP005784","SPE001944-TOP005784-covers","covers",1.0,2106
"SPE001371","TOP005785","SPE001944-TOP005785-covers","covers",1.0,2106
"SPE001371","TOP005786","SPE001944-TOP005786-covers","covers",1.0,2106
"SPE001371","SPE001961","SPE001961-delivered","delivered",1.0,2126
"SPE001371","TOP005841","SPE001961-TOP005841-covers","covers",1.0,2126
"SPE001371","TOP005842","SPE001961-TOP005842-covers","covers",1.0,2126
"SPE001371","TOP005843","SPE001961-TOP005843-covers","covers",1.0,2126
"SPE001371","SPE001976","SPE001976-delivered","delivered",1.0,2141
"SPE001371","TOP005883","SPE001976-TOP005883-covers","covers",1.0,2141
"SPE001371","TOP005884","SPE001976-TOP005884-covers","covers",1.0,2141
"SPE001371","TOP005885","SPE001976-TOP005885-covers","covers",1.0,2141
"SPE001371","SPE001982","SPE001982-delivered","delivered",1.0,2147
"SPE001371","TOP005899","SPE001982-TOP005899-covers","covers",1.0,2147
"SPE001371","TOP002371","SPE001982-TOP002371-covers","covers",1.0,2147
"SPE001371","TOP002371","SPE002193-TOP002371-covers","covers",1.0,2367
"SPE001371","TOP005900","SPE001982-TOP005900-covers","covers",1.0,2147
"SPE001371","SPE001987","SPE001987-delivered","delivered",1.0,2153
"SPE001371","TOP005914","SPE001987-TOP005914-covers","covers",1.0,2153
"SPE001371","TOP005915","SPE001987-TOP005915-covers","covers",1.0,2153
"SPE001371","TOP005916","SPE001987-TOP005916-covers","covers",1.0,2153
"SPE001371","SPE002003","SPE002003-delivered","delivered",1.0,2169
"SPE001371","TOP005958","SPE002003-TOP005958-covers","covers",1.0,2169
"SPE001371","TOP005959","SPE002003-TOP005959-covers","covers",1.0,2169
"SPE001371","SPE000553","SPE000553-delivered","delivered",1.0,2181
"SPE001371","TOP005988","SPE000553-TOP005988-covers","covers",1.0,2181
"SPE001371","TOP005989","SPE000553-TOP005989-covers","covers",1.0,2181
"SPE001371","TOP005990","SPE000553-TOP005990-covers","covers",1.0,2181
"SPE001371","SPE002019","SPE002019-delivered","delivered",1.0,2186
"SPE001371","TOP006003","SPE002019-TOP006003-covers","covers",1.0,2186
"SPE001371","TOP006004","SPE002019-TOP006004-covers","covers",1.0,2186
"SPE001371","TOP006005","SPE002019-TOP006005-covers","covers",1.0,2186
"SPE001371","SPE002024","SPE002024-delivered","delivered",1.0,2191
"SPE001371","TOP006017","SPE002024-TOP006017-covers","covers",1.0,2191
"SPE001371","TOP006018","SPE002024-TOP006018-covers","covers",1.0,2191
"SPE001371","TOP006019","SPE002024-TOP006019-covers","covers",1.0,2191
"SPE001371","SPE002026","SPE002026-delivered","delivered",1.0,2193
"SPE001371","TOP006023","SPE002026-TOP006023-covers","covers",1.0,2193
"SPE001371","TOP006024","SPE002026-TOP006024-covers","covers",1.0,2193
"SPE001371","TOP006025","SPE002026-TOP006025-covers","covers",1.0,2193
"SPE001371","SPE002032","SPE002032-delivered","delivered",1.0,2199
"SPE001371","TOP006040","SPE002032-TOP006040-covers","covers",1.0,2199
"SPE001371","TOP006041","SPE002032-TOP006041-covers","covers",1.0,2199
"SPE001371","TOP006042","SPE002032-TOP006042-covers","covers",1.0,2199
"SPE001371","SPE002040","SPE002040-delivered","delivered",1.0,2207
"SPE001371","TOP006064","SPE002040-TOP006064-covers","covers",1.0,2207
"SPE001371","TOP006065","SPE002040-TOP006065-covers","covers",1.0,2207
"SPE001371","TOP006066","SPE002040-TOP006066-covers","covers",1.0,2207
"SPE001371","SPE002043","SPE002043-delivered","delivered",1.0,2210
"SPE001371","TOP006073","SPE002043-TOP006073-covers","covers",1.0,2210
"SPE001371","TOP006074","SPE002043-TOP006074-covers","covers",1.0,2210
"SPE001371","TOP005367","SPE002043-TOP005367-covers","covers",1.0,2210
"SPE001371","SPE002045","SPE002045-delivered","delivered",1.0,2212
"SPE001371","TOP006078","SPE002045-TOP006078-covers","covers",1.0,2212
"SPE001371","TOP006079","SPE002045-TOP006079-covers","covers",1.0,2212
"SPE001371","SPE002049","SPE002049-delivered","delivered",1.0,2216
"SPE001371","TOP006088","SPE002049-TOP006088-covers","covers",1.0,2216
"SPE001371","TOP006089","SPE002049-TOP006089-covers","covers",1.0,2216
"SPE001371","TOP006090","SPE002049-TOP006090-covers","covers",1.0,2216
"SPE001371","SPE002058","SPE002058-delivered","delivered",1.0,2225
"SPE001371","TOP006115","SPE002058-TOP006115-covers","covers",1.0,2225
"SPE001371","TOP006116","SPE002058-TOP006116-covers","covers",1.0,2225
"SPE001371","TOP006116","SPE002172-TOP006116-covers","covers",1.0,2345
"SPE001371","TOP006117","SPE002058-TOP006117-covers","covers",1.0,2225
"SPE001371","SPE002062","SPE002062-delivered","delivered",1.0,2229
"SPE001371","TOP006127","SPE002062-TOP006127-covers","covers",1.0,2229
"SPE001371","TOP006128","SPE002062-TOP006128-covers","covers",1.0,2229
"SPE001371","TOP000076","SPE002062-TOP000076-covers","covers",1.0,2229
"SPE001371","SPE002069","SPE002069-delivered","delivered",1.0,2237
"SPE001371","TOP006148","SPE002069-TOP006148-covers","covers",1.0,2237
"SPE001371","TOP006149","SPE002069-TOP006149-covers","covers",1.0,2237
"SPE001371","TOP006150","SPE002069-TOP006150-covers","covers",1.0,2237
"SPE001371","SPE002074","SPE002074-delivered","delivered",1.0,2242
"SPE001371","TOP006163","SPE002074-TOP006163-covers","covers",1.0,2242
"SPE001371","TOP006164","SPE002074-TOP006164-covers","covers",1.0,2242
"SPE001371","TOP006165","SPE002074-TOP006165-covers","covers",1.0,2242
"SPE001371","SPE002076","SPE002076-delivered","delivered",1.0,2244
"SPE001371","TOP006168","SPE002076-TOP006168-covers","covers",1.0,2244
"SPE001371","TOP006169","SPE002076-TOP006169-covers","covers",1.0,2244
"SPE001371","TOP006170","SPE002076-TOP006170-covers","covers",1.0,2244
"SPE001371","SPE002092","SPE002092-delivered","delivered",1.0,2260
"SPE001371","TOP006211","SPE002092-TOP006211-covers","covers",1.0,2260
"SPE001371","TOP006212","SPE002092-TOP006212-covers","covers",1.0,2260
"SPE001371","TOP006213","SPE002092-TOP006213-covers","covers",1.0,2260
"SPE001371","SPE002108","SPE002108-delivered","delivered",1.0,2275
"SPE001371","TOP006254","SPE002108-TOP006254-covers","covers",1.0,2275
"SPE001371","TOP006255","SPE002108-TOP006255-covers","covers",1.0,2275
"SPE001371","TOP006256","SPE002108-TOP006256-covers","covers",1.0,2275
"SPE001371","SPE002111","SPE002111-delivered","delivered",1.0,2278
"SPE001371","TOP006263","SPE002111-TOP006263-covers","covers",1.0,2278
"SPE001371","TOP006264","SPE002111-TOP006264-covers","covers",1.0,2278
"SPE001371","TOP000599","SPE002111-TOP000599-covers","covers",1.0,2278
"SPE001371","SPE002114","SPE002114-delivered","delivered",1.0,2281
"SPE001371","TOP006271","SPE002114-TOP006271-covers","covers",1.0,2281
"SPE001371","TOP006272","SPE002114-TOP006272-covers","covers",1.0,2281
"SPE001371","TOP002382","SPE002114-TOP002382-covers","covers",1.0,2281
"SPE001371","SPE002118","SPE002118-delivered","delivered",1.0,2286
"SPE001371","TOP006285","SPE002118-TOP006285-covers","covers",1.0,2286
"SPE001371","TOP006286","SPE002118-TOP006286-covers","covers",1.0,2286
"SPE001371","TOP006287","SPE002118-TOP006287-covers","covers",1.0,2286
"SPE001371","SPE002124","SPE002124-delivered","delivered",1.0,2292
"SPE001371","TOP006302","SPE002124-TOP006302-covers","covers",1.0,2292
"SPE001371","TOP006303","SPE002124-TOP006303-covers","covers",1.0,2292
"SPE001371","TOP006304","SPE002124-TOP006304-covers","covers",1.0,2292
"SPE001371","SPE002127","SPE002127-delivered","delivered",1.0,2295
"SPE001371","TOP006311","SPE002127-TOP006311-covers","covers",1.0,2295
"SPE001371","TOP006312","SPE002127-TOP006312-covers","covers",1.0,2295
"SPE001371","TOP006313","SPE002127-TOP006313-covers","covers",1.0,2295
"SPE001371","SPE002130","SPE002130-delivered","delivered",1.0,2298
"SPE001371","TOP006320","SPE002130-TOP006320-covers","covers",1.0,2298
"SPE001371","TOP006321","SPE002130-TOP006321-covers","covers",1.0,2298
"SPE001371","TOP006322","SPE002130-TOP006322-covers","covers",1.0,2298
"SPE001371","SPE002134","SPE002134-delivered","delivered",1.0,2303
"SPE001371","TOP006335","SPE002134-TOP006335-covers","covers",1.0,2303
"SPE001371","TOP006336","SPE002134-TOP006336-covers","covers",1.0,2303
"SPE001371","TOP006337","SPE002134-TOP006337-covers","covers",1.0,2303
"SPE001371","SPE002142","SPE002142-delivered","delivered",1.0,2312
"SPE001371","TOP006359","SPE002142-TOP006359-covers","covers",1.0,2312
"SPE001371","TOP006360","SPE002142-TOP006360-covers","covers",1.0,2312
"SPE001371","TOP006361","SPE002142-TOP006361-covers","covers",1.0,2312
"SPE001371","SPE002155","SPE002155-delivered","delivered",1.0,2326
"SPE001371","TOP006396","SPE002155-TOP006396-covers","covers",1.0,2326
"SPE001371","TOP006397","SPE002155-TOP006397-covers","covers",1.0,2326
"SPE001371","TOP006398","SPE002155-TOP006398-covers","covers",1.0,2326
"SPE001371","SPE002157","SPE002157-delivered","delivered",1.0,2328
"SPE001371","TOP006402","SPE002157-TOP006402-covers","covers",1.0,2328
"SPE001371","TOP006403","SPE002157-TOP006403-covers","covers",1.0,2328
"SPE001371","TOP006404","SPE002157-TOP006404-covers","covers",1.0,2328
"SPE001371","SPE002161","SPE002161-delivered","delivered",1.0,2333
"SPE001371","TOP006416","SPE002161-TOP006416-covers","covers",1.0,2333
"SPE001371","TOP006417","SPE002161-TOP006417-covers","covers",1.0,2333
"SPE001371","TOP006418","SPE002161-TOP006418-covers","covers",1.0,2333
"SPE001371","SPE002167","SPE002167-delivered","delivered",1.0,2339
"SPE001371","TOP006433","SPE002167-TOP006433-covers","covers",1.0,2339
"SPE001371","TOP006434","SPE002167-TOP006434-covers","covers",1.0,2339
"SPE001371","TOP006435","SPE002167-TOP006435-covers","covers",1.0,2339
"SPE001371","SPE002171","SPE002171-delivered","delivered",1.0,2344
"SPE001371","TOP006447","SPE002171-TOP006447-covers","covers",1.0,2344
"SPE001371","TOP006448","SPE002171-TOP006448-covers","covers",1.0,2344
"SPE001371","TOP006449","SPE002171-TOP006449-covers","covers",1.0,2344
"SPE001371","SPE002172","SPE002172-delivered","delivered",1.0,2345
"SPE001371","TOP006450","SPE002172-TOP006450-covers","covers",1.0,2345
"SPE001371","TOP006451","SPE002172-TOP006451-covers","covers",1.0,2345
"SPE001371","SPE002176","SPE002176-delivered","delivered",1.0,2349
"SPE001371","TOP006461","SPE002176-TOP006461-covers","covers",1.0,2349
"SPE001371","TOP006462","SPE002176-TOP006462-covers","covers",1.0,2349
"SPE001371","TOP006463","SPE002176-TOP006463-covers","covers",1.0,2349
"SPE001371","SPE002191","SPE002191-delivered","delivered",1.0,2364
"SPE001371","TOP006503","SPE002191-TOP006503-covers","covers",1.0,2364
"SPE001371","TOP006504","SPE002191-TOP006504-covers","covers",1.0,2364
"SPE001371","TOP006505","SPE002191-TOP006505-covers","covers",1.0,2364
"SPE001371","SPE002193","SPE002193-delivered","delivered",1.0,2367
"SPE001371","TOP006512","SPE002193-TOP006512-covers","covers",1.0,2367
"SPE001371","TOP006513","SPE002193-TOP006513-covers","covers",1.0,2367
"SPE001371","SPE002203","SPE002203-delivered","delivered",1.0,2377
"SPE001371","TOP006537","SPE002203-TOP006537-covers","covers",1.0,2377
"SPE001371","TOP006538","SPE002203-TOP006538-covers","covers",1.0,2377
"SPE001371","SPE002213","SPE002213-delivered","delivered",1.0,2388
"SPE001371","TOP006567","SPE002213-TOP006567-covers","covers",1.0,2388
"SPE001371","TOP006568","SPE002213-TOP006568-covers","covers",1.0,2388
"SPE001371","TOP006569","SPE002213-TOP006569-covers","covers",1.0,2388
"SPE001371","SPE002214","SPE002214-delivered","delivered",1.0,2389
"SPE001371","TOP006570","SPE002214-TOP006570-covers","covers",1.0,2389
"SPE001371","TOP006571","SPE002214-TOP006571-covers","covers",1.0,2389
"SPE001371","TOP006572","SPE002214-TOP006572-covers","covers",1.0,2389
"SPE001371","SPE002215","SPE002215-delivered","delivered",1.0,2390
"SPE001371","TOP006573","SPE002215-TOP006573-covers","covers",1.0,2390
"SPE001371","TOP006574","SPE002215-TOP006574-covers","covers",1.0,2390
"SPE001371","TOP006575","SPE002215-TOP006575-covers","covers",1.0,2390
"SPE001371","SPE002224","SPE002224-delivered","delivered",1.0,2399
"SPE001371","TOP006598","SPE002224-TOP006598-covers","covers",1.0,2399
"SPE001371","TOP006599","SPE002224-TOP006599-covers","covers",1.0,2399
"SPE001371","TOP006600","SPE002224-TOP006600-covers","covers",1.0,2399
"SPE001371","TOP006600","SPE002226-TOP006600-covers","covers",1.0,2401
"SPE001371","SPE002226","SPE002226-delivered","delivered",1.0,2401
"SPE001371","TOP006604","SPE002226-TOP006604-covers","covers",1.0,2401
"SPE001371","TOP006605","SPE002226-TOP006605-covers","covers",1.0,2401
"SPE001371","SPE002238","SPE002238-delivered","delivered",1.0,2414
"SPE001371","TOP006640","SPE002238-TOP006640-covers","covers",1.0,2414
"SPE001371","TOP006641","SPE002238-TOP006641-covers","covers",1.0,2414
"SPE001371","TOP006642","SPE002238-TOP006642-covers","covers",1.0,2414
"SPE001372","DAT001150","SPE001372-held_on","held_on",1.0,1516
"SPE001373","DAT001151","SPE001373-held_on","held_on",1.0,1517
"SPE001374","DAT001151","SPE001374-held_on","held_on",1.0,1518
"SPE001375","DAT001152","SPE001375-held_on","held_on",1.0,1519
"SPE001376","DAT001153","SPE001376-held_on","held_on",1.0,1520
"SPE001377","DAT001153","SPE001377-held_on","held_on",1.0,1522
"SPE001378","DAT001154","SPE001378-held_on","held_on",1.0,1523
"SPE001379","DAT001155","SPE001379-held_on","held_on",1.0,1524
"SPE001380","DAT001156","SPE001380-held_on","held_on",1.0,1525
"SPE001381","DAT001157","SPE001381-held_on","held_on",1.0,1527
"SPE001382","DAT001157","SPE001382-held_on","held_on",1.0,1528
"SPE001383","DAT001158","SPE001383-held_on","held_on",1.0,1529
"SPE001384","DAT001159","SPE001384-held_on","held_on",1.0,1530
"SPE001385","DAT001160","SPE001385-held_on","held_on",1.0,1531
"SPE001386","DAT001160","SPE001386-held_on","held_on",1.0,1532
"SPE001387","DAT001161","SPE001387-held_on","held_on",1.0,1533
"SPE001388","DAT001161","SPE001388-held_on","held_on",1.0,1534
"SPE001389","DAT001162","SPE001389-held_on","held_on",1.0,1535
"SPE001390","DAT001163","SPE001390-held_on","held_on",1.0,1536
"SPE001391","DAT001164","SPE001391-held_on","held_on",1.0,1537
"SPE001392","DAT001165","SPE001392-held_on","held_on",1.0,1538
"SPE001393","DAT001165","SPE001393-held_on","held_on",1.0,1539
"SPE001393","DAT002199","SPE001393-held_on","held_on",1.0,2892
"SPE001394","DAT001166","SPE001394-held_on","held_on",1.0,1540
"SPE001395","DAT001167","SPE001395-held_on","held_on",1.0,1541
"SPE001396","DAT001168","SPE001396-held_on","held_on",1.0,1542
"SPE001397","DAT001169","SPE001397-held_on","held_on",1.0,1543
"SPE001398","DAT001170","SPE001398-held_on","held_on",1.0,1544
"SPE001399","DAT001171","SPE001399-held_on","held_on",1.0,1545
"SPE001400","DAT001172","SPE001400-held_on","held_on",1.0,1546
"SPE001401","DAT001173","SPE001401-held_on","held_on",1.0,1547
"SPE001402","DAT001174","SPE001402-held_on","held_on",1.0,1548
"SPE001403","DAT001175","SPE001403-held_on","held_on",1.0,1549
"SPE001404","SPE001405","SPE001405-delivered","delivered",1.0,1551
"SPE001404","TOP004237","SPE001405-TOP004237-covers","covers",1.0,1551
"SPE001404","TOP004238","SPE001405-TOP004238-covers","covers",1.0,1551
"SPE001404","TOP004239","SPE001405-TOP004239-covers","covers",1.0,1551
"SPE001404","SPE001431","SPE001431-delivered","delivered",1.0,1575
"SPE001404","TOP004303","SPE001431-TOP004303-covers","covers",1.0,1575
"SPE001404","TOP004304","SPE001431-TOP004304-covers","covers",1.0,1575
"SPE001404","TOP004305","SPE001431-TOP004305-covers","covers",1.0,1575
"SPE001404","SPE001438","SPE001438-delivered","delivered",1.0,1584
"SPE001404","TOP004328","SPE001438-TOP004328-covers","covers",1.0,1584
"SPE001404","TOP004329","SPE001438-TOP004329-covers","covers",1.0,1584
"SPE001404","TOP004330","SPE001438-TOP004330-covers","covers",1.0,1584
"SPE001404","SPE001446","SPE001446-delivered","delivered",1.0,1592
"SPE001404","TOP004348","SPE001446-TOP004348-covers","covers",1.0,1592
"SPE001404","TOP004349","SPE001446-TOP004349-covers","covers",1.0,1592
"SPE001404","TOP004350","SPE001446-TOP004350-covers","covers",1.0,1592
"SPE001404","SPE001451","SPE001451-delivered","delivered",1.0,1598
"SPE001404","TOP004366","SPE001451-TOP004366-covers","covers",1.0,1598
"SPE001404","TOP004367","SPE001451-TOP004367-covers","covers",1.0,1598
"SPE001404","TOP004368","SPE001451-TOP004368-covers","covers",1.0,1598
"SPE001404","SPE001452","SPE001452-delivered","delivered",1.0,1599
"SPE001404","TOP004369","SPE001452-TOP004369-covers","covers",1.0,1599
"SPE001404","TOP004370","SPE001452-TOP004370-covers","covers",1.0,1599
"SPE001404","TOP004371","SPE001452-TOP004371-covers","covers",1.0,1599
"SPE001404","SPE001459","SPE001459-delivered","delivered",1.0,1607
"SPE001404","TOP004392","SPE001459-TOP004392-covers","covers",1.0,1607
"SPE001404","TOP004393","SPE001459-TOP004393-covers","covers",1.0,1607
"SPE001404","TOP004394","SPE001459-TOP004394-covers","covers",1.0,1607
"SPE001404","SPE001461","SPE001461-delivered","delivered",1.0,1609
"SPE001404","TOP004398","SPE001461-TOP004398-covers","covers",1.0,1609
"SPE001404","TOP004399","SPE001461-TOP004399-covers","covers",1.0,1609
"SPE001404","TOP004400","SPE001461-TOP004400-covers","covers",1.0,1609
"SPE001404","SPE001463","SPE001463-delivered","delivered",1.0,1611
"SPE001404","TOP004403","SPE001463-TOP004403-covers","covers",1.0,1611
"SPE001404","TOP004404","SPE001463-TOP004404-covers","covers",1.0,1611
"SPE001404","TOP004405","SPE001463-TOP004405-covers","covers",1.0,1611
"SPE001404","SPE001471","SPE001471-delivered","delivered",1.0,1619
"SPE001404","TOP004423","SPE001471-TOP004423-covers","covers",1.0,1619
"SPE001404","TOP004424","SPE001471-TOP004424-covers","covers",1.0,1619
"SPE001404","TOP004425","SPE001471-TOP004425-covers","covers",1.0,1619
"SPE001404","SPE001476","SPE001476-delivered","delivered",1.0,1624
"SPE001404","TOP004438","SPE001476-TOP004438-covers","covers",1.0,1624
"SPE001404","TOP003205","SPE001476-TOP003205-covers","covers",1.0,1624
"SPE001404","TOP004439","SPE001476-TOP004439-covers","covers",1.0,1624
"SPE001404","SPE001481","SPE001481-delivered","delivered",1.0,1628
"SPE001404","TOP004449","SPE001481-TOP004449-covers","covers",1.0,1628
"SPE001404","TOP004450","SPE001481-TOP004450-covers","covers",1.0,1628
"SPE001404","TOP004451","SPE001481-TOP004451-covers","covers",1.0,1628
"SPE001404","SPE001494","SPE001494-delivered","delivered",1.0,1641
"SPE001404","TOP004484","SPE001494-TOP004484-covers","covers",1.0,1641
"SPE001404","TOP004485","SPE001494-TOP004485-covers","covers",1.0,1641
"SPE001404","TOP004486","SPE001494-TOP004486-covers","covers",1.0,1641
"SPE001404","SPE001504","SPE001504-delivered","delivered",1.0,1651
"SPE001404","TOP004513","SPE001504-TOP004513-covers","covers",1.0,1651
"SPE001404","TOP004514","SPE001504-TOP004514-covers","covers",1.0,1651
"SPE001404","TOP004515","SPE001504-TOP004515-covers","covers",1.0,1651
"SPE001404","SPE001505","SPE001505-delivered","delivered",1.0,1652
"SPE001404","TOP004516","SPE001505-TOP004516-covers","covers",1.0,1652
"SPE001404","TOP004517","SPE001505-TOP004517-covers","covers",1.0,1652
"SPE001404","TOP004518","SPE001505-TOP004518-covers","covers",1.0,1652
"SPE001404","SPE001506","SPE001506-delivered","delivered",1.0,1653
"SPE001404","TOP004519","SPE001506-TOP004519-covers","covers",1.0,1653
"SPE001404","TOP004520","SPE001506-TOP004520-covers","covers",1.0,1653
"SPE001404","TOP004521","SPE001506-TOP004521-covers","covers",1.0,1653
"SPE001404","SPE001515","SPE001515-delivered","delivered",1.0,1663
"SPE001404","TOP004549","SPE001515-TOP004549-covers","covers",1.0,1663
"SPE001404","TOP004550","SPE001515-TOP004550-covers","covers",1.0,1663
"SPE001404","TOP004551","SPE001515-TOP004551-covers","covers",1.0,1663
"SPE001404","SPE001517","SPE001517-delivered","delivered",1.0,1665
"SPE001404","TOP004555","SPE001517-TOP004555-covers","covers",1.0,1665
"SPE001404","TOP004556","SPE001517-TOP004556-covers","covers",1.0,1665
"SPE001404","TOP004557","SPE001517-TOP004557-covers","covers",1.0,1665
"SPE001404","SPE001521","SPE001521-delivered","delivered",1.0,1669
"SPE001404","TOP004564","SPE001521-TOP004564-covers","covers",1.0,1669
"SPE001404","TOP004565","SPE001521-TOP004565-covers","covers",1.0,1669
"SPE001404","TOP004566","SPE001521-TOP004566-covers","covers",1.0,1669
"SPE001404","SPE001524","SPE001524-delivered","delivered",1.0,1672
"SPE001404","TOP004573","SPE001524-TOP004573-covers","covers",1.0,1672
"SPE001404","TOP004574","SPE001524-TOP004574-covers","covers",1.0,1672
"SPE001404","TOP004575","SPE001524-TOP004575-covers","covers",1.0,1672
"SPE001404","SPE001526","SPE001526-delivered","delivered",1.0,1674
"SPE001404","TOP004579","SPE001526-TOP004579-covers","covers",1.0,1674
"SPE001404","TOP004580","SPE001526-TOP004580-covers","covers",1.0,1674
"SPE001404","TOP004581","SPE001526-TOP004581-covers","covers",1.0,1674
"SPE001404","SPE001527","SPE001527-delivered","delivered",1.0,1675
"SPE001404","TOP003213","SPE001527-TOP003213-covers","covers",1.0,1675
"SPE001404","TOP003213","SPE001595-TOP003213-covers","covers",1.0,1744
"SPE001404","TOP004582","SPE001527-TOP004582-covers","covers",1.0,1675
"SPE001404","TOP003876","SPE001527-TOP003876-covers","covers",1.0,1675
"SPE001404","TOP003876","SPE001595-TOP003876-covers","covers",1.0,1744
"SPE001404","SPE001529","SPE001529-delivered","delivered",1.0,1677
"SPE001404","TOP004586","SPE001529-TOP004586-covers","covers",1.0,1677
"SPE001404","TOP004587","SPE001529-TOP004587-covers","covers",1.0,1677
"SPE001404","TOP004588","SPE001529-TOP004588-covers","covers",1.0,1677
"SPE001404","SPE001532","SPE001532-delivered","delivered",1.0,1680
"SPE001404","TOP004594","SPE001532-TOP004594-covers","covers",1.0,1680
"SPE001404","TOP004595","SPE001532-TOP004595-covers","covers",1.0,1680
"SPE001404","TOP004596","SPE001532-TOP004596-covers","covers",1.0,1680
"SPE001404","SPE001535","SPE001535-delivered","delivered",1.0,1683
"SPE001404","TOP004603","SPE001535-TOP004603-covers","covers",1.0,1683
"SPE001404","TOP004604","SPE001535-TOP004604-covers","covers",1.0,1683
"SPE001404","TOP004605","SPE001535-TOP004605-covers","covers",1.0,1683
"SPE001404","SPE001536","SPE001536-delivered","delivered",1.0,1684
"SPE001404","TOP004606","SPE001536-TOP004606-covers","covers",1.0,1684
"SPE001404","TOP004607","SPE001536-TOP004607-covers","covers",1.0,1684
"SPE001404","TOP004608","SPE001536-TOP004608-covers","covers",1.0,1684
"SPE001404","SPE001557","SPE001557-delivered","delivered",1.0,1705
"SPE001404","TOP004662","SPE001557-TOP004662-covers","covers",1.0,1705
"SPE001404","TOP004663","SPE001557-TOP004663-covers","covers",1.0,1705
"SPE001404","TOP004664","SPE001557-TOP004664-covers","covers",1.0,1705
"SPE001404","SPE001562","SPE001562-delivered","delivered",1.0,1710
"SPE001404","TOP004676","SPE001562-TOP004676-covers","covers",1.0,1710
"SPE001404","TOP004677","SPE001562-TOP004677-covers","covers",1.0,1710
"SPE001404","TOP004678","SPE001562-TOP004678-covers","covers",1.0,1710
"SPE001404","SPE001570","SPE001570-delivered","delivered",1.0,1718
"SPE001404","TOP004700","SPE001570-TOP004700-covers","covers",1.0,1718
"SPE001404","TOP004701","SPE001570-TOP004701-covers","covers",1.0,1718
"SPE001404","TOP004702","SPE001570-TOP004702-covers","covers",1.0,1718
"SPE001404","SPE001572","SPE001572-delivered","delivered",1.0,1720
"SPE001404","TOP004706","SPE001572-TOP004706-covers","covers",1.0,1720
"SPE001404","TOP004707","SPE001572-TOP004707-covers","covers",1.0,1720
"SPE001404","TOP004708","SPE001572-TOP004708-covers","covers",1.0,1720
"SPE001404","SPE001577","SPE001577-delivered","delivered",1.0,1725
"SPE001404","TOP004719","SPE001577-TOP004719-covers","covers",1.0,1725
"SPE001404","TOP004720","SPE001577-TOP004720-covers","covers",1.0,1725
"SPE001404","TOP004721","SPE001577-TOP004721-covers","covers",1.0,1725
"SPE001404","SPE001585","SPE001585-delivered","delivered",1.0,1734
"SPE001404","TOP004746","SPE001585-TOP004746-covers","covers",1.0,1734
"SPE001404","TOP004747","SPE001585-TOP004747-covers","covers",1.0,1734
"SPE001404","TOP004748","SPE001585-TOP004748-covers","covers",1.0,1734
"SPE001404","SPE001586","SPE001586-delivered","delivered",1.0,1735
"SPE001404","TOP004749","SPE001586-TOP004749-covers","covers",1.0,1735
"SPE001404","TOP004750","SPE001586-TOP004750-covers","covers",1.0,1735
"SPE001404","TOP004751","SPE001586-TOP004751-covers","covers",1.0,1735
"SPE001404","SPE001587","SPE001587-delivered","delivered",1.0,1736
"SPE001404","TOP004752","SPE001587-TOP004752-covers","covers",1.0,1736
"SPE001404","TOP004753","SPE001587-TOP004753-covers","covers",1.0,1736
"SPE001404","TOP004754","SPE001587-TOP004754-covers","covers",1.0,1736
"SPE001404","SPE001595","SPE001595-delivered","delivered",1.0,1744
"SPE001404","TOP000153","SPE001595-TOP000153-covers","covers",1.0,1744
"SPE001404","TOP000153","SPE002022-TOP000153-covers","covers",1.0,2189
"SPE001404","TOP000153","SPE002158-TOP000153-covers","covers",1.0,2329
"SPE001404","SPE001600","SPE001600-delivered","delivered",1.0,1750
"SPE001404","TOP004790","SPE001600-TOP004790-covers","covers",1.0,1750
"SPE001404","TOP004791","SPE001600-TOP004791-covers","covers",1.0,1750
"SPE001404","TOP004792","SPE001600-TOP004792-covers","covers",1.0,1750
"SPE001404","SPE001603","SPE001603-delivered","delivered",1.0,1753
"SPE001404","TOP004799","SPE001603-TOP004799-covers","covers",1.0,1753
"SPE001404","TOP004800","SPE001603-TOP004800-covers","covers",1.0,1753
"SPE001404","TOP002981","SPE001603-TOP002981-covers","covers",1.0,1753
"SPE001404","SPE001605","SPE001605-delivered","delivered",1.0,1755
"SPE001404","TOP004804","SPE001605-TOP004804-covers","covers",1.0,1755
"SPE001404","TOP004805","SPE001605-TOP004805-covers","covers",1.0,1755
"SPE001404","TOP004806","SPE001605-TOP004806-covers","covers",1.0,1755
"SPE001404","SPE001606","SPE001606-delivered","delivered",1.0,1756
"SPE001404","TOP004807","SPE001606-TOP004807-covers","covers",1.0,1756
"SPE001404","TOP004808","SPE001606-TOP004808-covers","covers",1.0,1756
"SPE001404","TOP004809","SPE001606-TOP004809-covers","covers",1.0,1756
"SPE001404","SPE001616","SPE001616-delivered","delivered",1.0,1765
"SPE001404","TOP004831","SPE001616-TOP004831-covers","covers",1.0,1765
"SPE001404","TOP004832","SPE001616-TOP004832-covers","covers",1.0,1765
"SPE001404","TOP004833","SPE001616-TOP004833-covers","covers",1.0,1765
"SPE001404","SPE001620","SPE001620-delivered","delivered",1.0,1769
"SPE001404","TOP004843","SPE001620-TOP004843-covers","covers",1.0,1769
"SPE001404","TOP004844","SPE001620-TOP004844-covers","covers",1.0,1769
"SPE001404","TOP004845","SPE001620-TOP004845-covers","covers",1.0,1769
"SPE001404","SPE001634","SPE001634-delivered","delivered",1.0,1783
"SPE001404","TOP004884","SPE001634-TOP004884-covers","covers",1.0,1783
"SPE001404","TOP004885","SPE001634-TOP004885-covers","covers",1.0,1783
"SPE001404","TOP004886","SPE001634-TOP004886-covers","covers",1.0,1783
"SPE001404","SPE001639","SPE001639-delivered","delivered",1.0,1788
"SPE001404","TOP004899","SPE001639-TOP004899-covers","covers",1.0,1788
"SPE001404","TOP004900","SPE001639-TOP004900-covers","covers",1.0,1788
"SPE001404","TOP004901","SPE001639-TOP004901-covers","covers",1.0,1788
"SPE001404","SPE001652","SPE001652-delivered","delivered",1.0,1802
"SPE001404","TOP004939","SPE001652-TOP004939-covers","covers",1.0,1802
"SPE001404","TOP004940","SPE001652-TOP004940-covers","covers",1.0,1802
"SPE001404","TOP004941","SPE001652-TOP004941-covers","covers",1.0,1802
"SPE001404","SPE001655","SPE001655-delivered","delivered",1.0,1805
"SPE001404","TOP004946","SPE001655-TOP004946-covers","covers",1.0,1805
"SPE001404","TOP004947","SPE001655-TOP004947-covers","covers",1.0,1805
"SPE001404","TOP004948","SPE001655-TOP004948-covers","covers",1.0,1805
"SPE001404","SPE001657","SPE001657-delivered","delivered",1.0,1807
"SPE001404","TOP004952","SPE001657-TOP004952-covers","covers",1.0,1807
"SPE001404","TOP004953","SPE001657-TOP004953-covers","covers",1.0,1807
"SPE001404","TOP004954","SPE001657-TOP004954-covers","covers",1.0,1807
"SPE001404","SPE001660","SPE001660-delivered","delivered",1.0,1810
"SPE001404","TOP004961","SPE001660-TOP004961-covers","covers",1.0,1810
"SPE001404","TOP004962","SPE001660-TOP004962-covers","covers",1.0,1810
"SPE001404","TOP004963","SPE001660-TOP004963-covers","covers",1.0,1810
"SPE001404","SPE001664","SPE001664-delivered","delivered",1.0,1814
"SPE001404","TOP004972","SPE001664-TOP004972-covers","covers",1.0,1814
"SPE001404","TOP001768","SPE001664-TOP001768-covers","covers",1.0,1814
"SPE001404","TOP004973","SPE001664-TOP004973-covers","covers",1.0,1814
"SPE001404","SPE001675","SPE001675-delivered","delivered",1.0,1827
"SPE001404","TOP005007","SPE001675-TOP005007-covers","covers",1.0,1827
"SPE001404","TOP005008","SPE001675-TOP005008-covers","covers",1.0,1827
"SPE001404","TOP005009","SPE001675-TOP005009-covers","covers",1.0,1827
"SPE001404","SPE001678","SPE001678-delivered","delivered",1.0,1830
"SPE001404","TOP005015","SPE001678-TOP005015-covers","covers",1.0,1830
"SPE001404","TOP005016","SPE001678-TOP005016-covers","covers",1.0,1830
"SPE001404","TOP005017","SPE001678-TOP005017-covers","covers",1.0,1830
"SPE001404","SPE001687","SPE001687-delivered","delivered",1.0,1839
"SPE001404","TOP005040","SPE001687-TOP005040-covers","covers",1.0,1839
"SPE001404","TOP005041","SPE001687-TOP005041-covers","covers",1.0,1839
"SPE001404","TOP005042","SPE001687-TOP005042-covers","covers",1.0,1839
"SPE001404","SPE001688","SPE001688-delivered","delivered",1.0,1840
"SPE001404","TOP005043","SPE001688-TOP005043-covers","covers",1.0,1840
"SPE001404","TOP005044","SPE001688-TOP005044-covers","covers",1.0,1840
"SPE001404","TOP005045","SPE001688-TOP005045-covers","covers",1.0,1840
"SPE001404","SPE001690","SPE001690-delivered","delivered",1.0,1842
"SPE001404","TOP005048","SPE001690-TOP005048-covers","covers",1.0,1842
"SPE001404","TOP005049","SPE001690-TOP005049-covers","covers",1.0,1842
"SPE001404","TOP005050","SPE001690-TOP005050-covers","covers",1.0,1842
"SPE001404","SPE001692","SPE001692-delivered","delivered",1.0,1844
"SPE001404","TOP005054","SPE001692-TOP005054-covers","covers",1.0,1844
"SPE001404","TOP005055","SPE001692-TOP005055-covers","covers",1.0,1844
"SPE001404","TOP005056","SPE001692-TOP005056-covers","covers",1.0,1844
"SPE001404","SPE001697","SPE001697-delivered","delivered",1.0,1851
"SPE001404","TOP005075","SPE001697-TOP005075-covers","covers",1.0,1851
"SPE001404","TOP005076","SPE001697-TOP005076-covers","covers",1.0,1851
"SPE001404","TOP005077","SPE001697-TOP005077-covers","covers",1.0,1851
"SPE001404","SPE001702","SPE001702-delivered","delivered",1.0,1856
"SPE001404","TOP005089","SPE001702-TOP005089-covers","covers",1.0,1856
"SPE001404","TOP005090","SPE001702-TOP005090-covers","covers",1.0,1856
"SPE001404","TOP005091","SPE001702-TOP005091-covers","covers",1.0,1856
"SPE001404","SPE001717","SPE001717-delivered","delivered",1.0,1871
"SPE001404","TOP005131","SPE001717-TOP005131-covers","covers",1.0,1871
"SPE001404","TOP005132","SPE001717-TOP005132-covers","covers",1.0,1871
"SPE001404","TOP005133","SPE001717-TOP005133-covers","covers",1.0,1871
"SPE001404","SPE001718","SPE001718-delivered","delivered",1.0,1872
"SPE001404","TOP005134","SPE001718-TOP005134-covers","covers",1.0,1872
"SPE001404","TOP005135","SPE001718-TOP005135-covers","covers",1.0,1872
"SPE001404","TOP005136","SPE001718-TOP005136-covers","covers",1.0,1872
"SPE001404","SPE001719","SPE001719-delivered","delivered",1.0,1873
"SPE001404","TOP005137","SPE001719-TOP005137-covers","covers",1.0,1873
"SPE001404","TOP005138","SPE001719-TOP005138-covers","covers",1.0,1873
"SPE001404","TOP005139","SPE001719-TOP005139-covers","covers",1.0,1873
"SPE001404","SPE001722","SPE001722-delivered","delivered",1.0,1876
"SPE001404","TOP005146","SPE001722-TOP005146-covers","covers",1.0,1876
"SPE001404","TOP005147","SPE001722-TOP005147-covers","covers",1.0,1876
"SPE001404","TOP005148","SPE001722-TOP005148-covers","covers",1.0,1876
"SPE001404","SPE001737","SPE001737-delivered","delivered",1.0,1891
"SPE001404","TOP005190","SPE001737-TOP005190-covers","covers",1.0,1891
"SPE001404","TOP005191","SPE001737-TOP005191-covers","covers",1.0,1891
"SPE001404","TOP005192","SPE001737-TOP005192-covers","covers",1.0,1891
"SPE001404","SPE001745","SPE001745-delivered","delivered",1.0,1899
"SPE001404","TOP005213","SPE001745-TOP005213-covers","covers",1.0,1899
"SPE001404","TOP005214","SPE001745-TOP005214-covers","covers",1.0,1899
"SPE001404","TOP005215","SPE001745-TOP005215-covers","covers",1.0,1899
"SPE001404","SPE001750","SPE001750-delivered","delivered",1.0,1904
"SPE001404","TOP005226","SPE001750-TOP005226-covers","covers",1.0,1904
"SPE001404","TOP005227","SPE001750-TOP005227-covers","covers",1.0,1904
"SPE001404","TOP005228","SPE001750-TOP005228-covers","covers",1.0,1904
"SPE001404","SPE001751","SPE001751-delivered","delivered",1.0,1905
"SPE001404","TOP005229","SPE001751-TOP005229-covers","covers",1.0,1905
"SPE001404","TOP005230","SPE001751-TOP005230-covers","covers",1.0,1905
"SPE001404","TOP005231","SPE001751-TOP005231-covers","covers",1.0,1905
"SPE001404","SPE001753","SPE001753-delivered","delivered",1.0,1907
"SPE001404","TOP005235","SPE001753-TOP005235-covers","covers",1.0,1907
"SPE001404","TOP005236","SPE001753-TOP005236-covers","covers",1.0,1907
"SPE001404","TOP005237","SPE001753-TOP005237-covers","covers",1.0,1907
"SPE001404","SPE001760","SPE001760-delivered","delivered",1.0,1914
"SPE001404","TOP005256","SPE001760-TOP005256-covers","covers",1.0,1914
"SPE001404","TOP005257","SPE001760-TOP005257-covers","covers",1.0,1914
"SPE001404","TOP005258","SPE001760-TOP005258-covers","covers",1.0,1914
"SPE001404","SPE001763","SPE001763-delivered","delivered",1.0,1918
"SPE001404","TOP005267","SPE001763-TOP005267-covers","covers",1.0,1918
"SPE001404","TOP005268","SPE001763-TOP005268-covers","covers",1.0,1918
"SPE001404","TOP005269","SPE001763-TOP005269-covers","covers",1.0,1918
"SPE001404","SPE001768","SPE001768-delivered","delivered",1.0,1923
"SPE001404","TOP005282","SPE001768-TOP005282-covers","covers",1.0,1923
"SPE001404","TOP005283","SPE001768-TOP005283-covers","covers",1.0,1923
"SPE001404","TOP005284","SPE001768-TOP005284-covers","covers",1.0,1923
"SPE001404","SPE001783","SPE001783-delivered","delivered",1.0,1939
"SPE001404","TOP005328","SPE001783-TOP005328-covers","covers",1.0,1939
"SPE001404","TOP005329","SPE001783-TOP005329-covers","covers",1.0,1939
"SPE001404","TOP005330","SPE001783-TOP005330-covers","covers",1.0,1939
"SPE001404","SPE001786","SPE001786-delivered","delivered",1.0,1943
"SPE001404","TOP005340","SPE001786-TOP005340-covers","covers",1.0,1943
"SPE001404","TOP005341","SPE001786-TOP005341-covers","covers",1.0,1943
"SPE001404","TOP005342","SPE001786-TOP005342-covers","covers",1.0,1943
"SPE001404","SPE001788","SPE001788-delivered","delivered",1.0,1945
"SPE001404","TOP005346","SPE001788-TOP005346-covers","covers",1.0,1945
"SPE001404","TOP005347","SPE001788-TOP005347-covers","covers",1.0,1945
"SPE001404","TOP005348","SPE001788-TOP005348-covers","covers",1.0,1945
"SPE001404","SPE001789","SPE001789-delivered","delivered",1.0,1946
"SPE001404","TOP005349","SPE001789-TOP005349-covers","covers",1.0,1946
"SPE001404","TOP005350","SPE001789-TOP005350-covers","covers",1.0,1946
"SPE001404","TOP005351","SPE001789-TOP005351-covers","covers",1.0,1946
"SPE001404","SPE001802","SPE001802-delivered","delivered",1.0,1959
"SPE001404","TOP005386","SPE001802-TOP005386-covers","covers",1.0,1959
"SPE001404","TOP005387","SPE001802-TOP005387-covers","covers",1.0,1959
"SPE001404","TOP005388","SPE001802-TOP005388-covers","covers",1.0,1959
"SPE001404","SPE001803","SPE001803-delivered","delivered",1.0,1960
"SPE001404","TOP005389","SPE001803-TOP005389-covers","covers",1.0,1960
"SPE001404","TOP005390","SPE001803-TOP005390-covers","covers",1.0,1960
"SPE001404","TOP005391","SPE001803-TOP005391-covers","covers",1.0,1960
"SPE001404","SPE001807","SPE001807-delivered","delivered",1.0,1964
"SPE001404","TOP005401","SPE001807-TOP005401-covers","covers",1.0,1964
"SPE001404","TOP005402","SPE001807-TOP005402-covers","covers",1.0,1964
"SPE001404","TOP000076","SPE001807-TOP000076-covers","covers",1.0,1964
"SPE001404","TOP000076","SPE001917-TOP000076-covers","covers",1.0,2079
"SPE001404","SPE001811","SPE001811-delivered","delivered",1.0,1968
"SPE001404","TOP005412","SPE001811-TOP005412-covers","covers",1.0,1968
"SPE001404","TOP005413","SPE001811-TOP005413-covers","covers",1.0,1968
"SPE001404","TOP005414","SPE001811-TOP005414-covers","covers",1.0,1968
"SPE001404","SPE001814","SPE001814-delivered","delivered",1.0,1971
"SPE001404","TOP005419","SPE001814-TOP005419-covers","covers",1.0,1971
"SPE001404","TOP005420","SPE001814-TOP005420-covers","covers",1.0,1971
"SPE001404","TOP005421","SPE001814-TOP005421-covers","covers",1.0,1971
"SPE001404","SPE001816","SPE001816-delivered","delivered",1.0,1973
"SPE001404","TOP005425","SPE001816-TOP005425-covers","covers",1.0,1973
"SPE001404","TOP005426","SPE001816-TOP005426-covers","covers",1.0,1973
"SPE001404","TOP005427","SPE001816-TOP005427-covers","covers",1.0,1973
"SPE001404","SPE001828","SPE001828-delivered","delivered",1.0,1986
"SPE001404","TOP005464","SPE001828-TOP005464-covers","covers",1.0,1986
"SPE001404","TOP005465","SPE001828-TOP005465-covers","covers",1.0,1986
"SPE001404","TOP002325","SPE001828-TOP002325-covers","covers",1.0,1986
"SPE001404","SPE001843","SPE001843-delivered","delivered",1.0,2002
"SPE001404","TOP005507","SPE001843-TOP005507-covers","covers",1.0,2002
"SPE001404","TOP005508","SPE001843-TOP005508-covers","covers",1.0,2002
"SPE001404","TOP005509","SPE001843-TOP005509-covers","covers",1.0,2002
"SPE001404","SPE001851","SPE001851-delivered","delivered",1.0,2010
"SPE001404","TOP005530","SPE001851-TOP005530-covers","covers",1.0,2010
"SPE001404","TOP005531","SPE001851-TOP005531-covers","covers",1.0,2010
"SPE001404","TOP005532","SPE001851-TOP005532-covers","covers",1.0,2010
"SPE001404","SPE001861","SPE001861-delivered","delivered",1.0,2021
"SPE001404","TOP005560","SPE001861-TOP005560-covers","covers",1.0,2021
"SPE001404","TOP003161","SPE001861-TOP003161-covers","covers",1.0,2021
"SPE001404","TOP005561","SPE001861-TOP005561-covers","covers",1.0,2021
"SPE001404","SPE001883","SPE001883-delivered","delivered",1.0,2043
"SPE001404","TOP005615","SPE001883-TOP005615-covers","covers",1.0,2043
"SPE001404","TOP005616","SPE001883-TOP005616-covers","covers",1.0,2043
"SPE001404","TOP005617","SPE001883-TOP005617-covers","covers",1.0,2043
"SPE001404","SPE001887","SPE001887-delivered","delivered",1.0,2048
"SPE001404","TOP005626","SPE001887-TOP005626-covers","covers",1.0,2048
"SPE001404","TOP005627","SPE001887-TOP005627-covers","covers",1.0,2048
"SPE001404","TOP005628","SPE001887-TOP005628-covers","covers",1.0,2048
"SPE001404","SPE001903","SPE001903-delivered","delivered",1.0,2064
"SPE001404","TOP005672","SPE001903-TOP005672-covers","covers",1.0,2064
"SPE001404","TOP005673","SPE001903-TOP005673-covers","covers",1.0,2064
"SPE001404","TOP005674","SPE001903-TOP005674-covers","covers",1.0,2064
"SPE001404","SPE001917","SPE001917-delivered","delivered",1.0,2079
"SPE001404","TOP005709","SPE001917-TOP005709-covers","covers",1.0,2079
"SPE001404","TOP005710","SPE001917-TOP005710-covers","covers",1.0,2079
"SPE001404","SPE001920","SPE001920-delivered","delivered",1.0,2082
"SPE001404","TOP005717","SPE001920-TOP005717-covers","covers",1.0,2082
"SPE001404","TOP005718","SPE001920-TOP005718-covers","covers",1.0,2082
"SPE001404","TOP005719","SPE001920-TOP005719-covers","covers",1.0,2082
"SPE001404","SPE001930","SPE001930-delivered","delivered",1.0,2092
"SPE001404","TOP005745","SPE001930-TOP005745-covers","covers",1.0,2092
"SPE001404","TOP005746","SPE001930-TOP005746-covers","covers",1.0,2092
"SPE001404","TOP005747","SPE001930-TOP005747-covers","covers",1.0,2092
"SPE001404","SPE001931","SPE001931-delivered","delivered",1.0,2093
"SPE001404","TOP005748","SPE001931-TOP005748-covers","covers",1.0,2093
"SPE001404","TOP005749","SPE001931-TOP005749-covers","covers",1.0,2093
"SPE001404","TOP005750","SPE001931-TOP005750-covers","covers",1.0,2093
"SPE001404","SPE001938","SPE001938-delivered","delivered",1.0,2100
"SPE001404","TOP005766","SPE001938-TOP005766-covers","covers",1.0,2100
"SPE001404","TOP005767","SPE001938-TOP005767-covers","covers",1.0,2100
"SPE001404","TOP005768","SPE001938-TOP005768-covers","covers",1.0,2100
"SPE001404","SPE001941","SPE001941-delivered","delivered",1.0,2103
"SPE001404","TOP005775","SPE001941-TOP005775-covers","covers",1.0,2103
"SPE001404","TOP005776","SPE001941-TOP005776-covers","covers",1.0,2103
"SPE001404","TOP005777","SPE001941-TOP005777-covers","covers",1.0,2103
"SPE001404","SPE001948","SPE001948-delivered","delivered",1.0,2111
"SPE001404","TOP005799","SPE001948-TOP005799-covers","covers",1.0,2111
"SPE001404","TOP005800","SPE001948-TOP005800-covers","covers",1.0,2111
"SPE001404","TOP005801","SPE001948-TOP005801-covers","covers",1.0,2111
"SPE001404","SPE001958","SPE001958-delivered","delivered",1.0,2122
"SPE001404","TOP005829","SPE001958-TOP005829-covers","covers",1.0,2122
"SPE001404","TOP005830","SPE001958-TOP005830-covers","covers",1.0,2122
"SPE001404","TOP005831","SPE001958-TOP005831-covers","covers",1.0,2122
"SPE001404","SPE001974","SPE001974-delivered","delivered",1.0,2139
"SPE001404","TOP005618","SPE001974-TOP005618-covers","covers",1.0,2139
"SPE001404","TOP005878","SPE001974-TOP005878-covers","covers",1.0,2139
"SPE001404","TOP005879","SPE001974-TOP005879-covers","covers",1.0,2139
"SPE001404","SPE001975","SPE001975-delivered","delivered",1.0,2140
"SPE001404","TOP005880","SPE001975-TOP005880-covers","covers",1.0,2140
"SPE001404","TOP005881","SPE001975-TOP005881-covers","covers",1.0,2140
"SPE001404","TOP005882","SPE001975-TOP005882-covers","covers",1.0,2140
"SPE001404","SPE001977","SPE001977-delivered","delivered",1.0,2142
"SPE001404","TOP005886","SPE001977-TOP005886-covers","covers",1.0,2142
"SPE001404","TOP005887","SPE001977-TOP005887-covers","covers",1.0,2142
"SPE001404","TOP005888","SPE001977-TOP005888-covers","covers",1.0,2142
"SPE001404","SPE001979","SPE001979-delivered","delivered",1.0,2144
"SPE001404","TOP005892","SPE001979-TOP005892-covers","covers",1.0,2144
"SPE001404","TOP005893","SPE001979-TOP005893-covers","covers",1.0,2144
"SPE001404","TOP005894","SPE001979-TOP005894-covers","covers",1.0,2144
"SPE001404","SPE001990","SPE001990-delivered","delivered",1.0,2156
"SPE001404","TOP005923","SPE001990-TOP005923-covers","covers",1.0,2156
"SPE001404","TOP005924","SPE001990-TOP005924-covers","covers",1.0,2156
"SPE001404","TOP000548","SPE001990-TOP000548-covers","covers",1.0,2156
"SPE001404","SPE002004","SPE002004-delivered","delivered",1.0,2170
"SPE001404","TOP002539","SPE002004-TOP002539-covers","covers",1.0,2170
"SPE001404","TOP005960","SPE002004-TOP005960-covers","covers",1.0,2170
"SPE001404","TOP005961","SPE002004-TOP005961-covers","covers",1.0,2170
"SPE001404","SPE002010","SPE002010-delivered","delivered",1.0,2176
"SPE001404","TOP005976","SPE002010-TOP005976-covers","covers",1.0,2176
"SPE001404","TOP005977","SPE002010-TOP005977-covers","covers",1.0,2176
"SPE001404","TOP005978","SPE002010-TOP005978-covers","covers",1.0,2176
"SPE001404","SPE002015","SPE002015-delivered","delivered",1.0,2182
"SPE001404","TOP005991","SPE002015-TOP005991-covers","covers",1.0,2182
"SPE001404","TOP005992","SPE002015-TOP005992-covers","covers",1.0,2182
"SPE001404","TOP005993","SPE002015-TOP005993-covers","covers",1.0,2182
"SPE001404","SPE002018","SPE002018-delivered","delivered",1.0,2185
"SPE001404","TOP006000","SPE002018-TOP006000-covers","covers",1.0,2185
"SPE001404","TOP006001","SPE002018-TOP006001-covers","covers",1.0,2185
"SPE001404","TOP006002","SPE002018-TOP006002-covers","covers",1.0,2185
"SPE001404","SPE002022","SPE002022-delivered","delivered",1.0,2189
"SPE001404","TOP006012","SPE002022-TOP006012-covers","covers",1.0,2189
"SPE001404","TOP006013","SPE002022-TOP006013-covers","covers",1.0,2189
"SPE001404","SPE002025","SPE002025-delivered","delivered",1.0,2192
"SPE001404","TOP006020","SPE002025-TOP006020-covers","covers",1.0,2192
"SPE001404","TOP006021","SPE002025-TOP006021-covers","covers",1.0,2192
"SPE001404","TOP006022","SPE002025-TOP006022-covers","covers",1.0,2192
"SPE001404","SPE002029","SPE002029-delivered","delivered",1.0,2196
"SPE001404","TOP006031","SPE002029-TOP006031-covers","covers",1.0,2196
"SPE001404","TOP006032","SPE002029-TOP006032-covers","covers",1.0,2196
"SPE001404","TOP006033","SPE002029-TOP006033-covers","covers",1.0,2196
"SPE001404","SPE002048","SPE002048-delivered","delivered",1.0,2215
"SPE001404","TOP006085","SPE002048-TOP006085-covers","covers",1.0,2215
"SPE001404","TOP006086","SPE002048-TOP006086-covers","covers",1.0,2215
"SPE001404","TOP006087","SPE002048-TOP006087-covers","covers",1.0,2215
"SPE001404","SPE002055","SPE002055-delivered","delivered",1.0,2222
"SPE001404","TOP006106","SPE002055-TOP006106-covers","covers",1.0,2222
"SPE001404","TOP006107","SPE002055-TOP006107-covers","covers",1.0,2222
"SPE001404","TOP006108","SPE002055-TOP006108-covers","covers",1.0,2222
"SPE001404","SPE002057","SPE002057-delivered","delivered",1.0,2224
"SPE001404","TOP006112","SPE002057-TOP006112-covers","covers",1.0,2224
"SPE001404","TOP006113","SPE002057-TOP006113-covers","covers",1.0,2224
"SPE001404","TOP006114","SPE002057-TOP006114-covers","covers",1.0,2224
"SPE001404","SPE002061","SPE002061-delivered","delivered",1.0,2228
"SPE001404","TOP006124","SPE002061-TOP006124-covers","covers",1.0,2228
"SPE001404","TOP006125","SPE002061-TOP006125-covers","covers",1.0,2228
"SPE001404","TOP006126","SPE002061-TOP006126-covers","covers",1.0,2228
"SPE001404","SPE002070","SPE002070-delivered","delivered",1.0,2238
"SPE001404","TOP006151","SPE002070-TOP006151-covers","covers",1.0,2238
"SPE001404","TOP006152","SPE002070-TOP006152-covers","covers",1.0,2238
"SPE001404","TOP006153","SPE002070-TOP006153-covers","covers",1.0,2238
"SPE001404","SPE002079","SPE002079-delivered","delivered",1.0,2247
"SPE001404","TOP006177","SPE002079-TOP006177-covers","covers",1.0,2247
"SPE001404","TOP006178","SPE002079-TOP006178-covers","covers",1.0,2247
"SPE001404","TOP006179","SPE002079-TOP006179-covers","covers",1.0,2247
"SPE001404","SPE002082","SPE002082-delivered","delivered",1.0,2250
"SPE001404","TOP006185","SPE002082-TOP006185-covers","covers",1.0,2250
"SPE001404","TOP006186","SPE002082-TOP006186-covers","covers",1.0,2250
"SPE001404","TOP006187","SPE002082-TOP006187-covers","covers",1.0,2250
"SPE001404","SPE002088","SPE002088-delivered","delivered",1.0,2256
"SPE001404","TOP006200","SPE002088-TOP006200-covers","covers",1.0,2256
"SPE001404","TOP006201","SPE002088-TOP006201-covers","covers",1.0,2256
"SPE001404","TOP006202","SPE002088-TOP006202-covers","covers",1.0,2256
"SPE001404","SPE002099","SPE002099-delivered","delivered",1.0,2267
"SPE001404","TOP006231","SPE002099-TOP006231-covers","covers",1.0,2267
"SPE001404","TOP006232","SPE002099-TOP006232-covers","covers",1.0,2267
"SPE001404","TOP006233","SPE002099-TOP006233-covers","covers",1.0,2267
"SPE001404","SPE002105","SPE002105-delivered","delivered",1.0,2272
"SPE001404","TOP006245","SPE002105-TOP006245-covers","covers",1.0,2272
"SPE001404","TOP006246","SPE002105-TOP006246-covers","covers",1.0,2272
"SPE001404","TOP006247","SPE002105-TOP006247-covers","covers",1.0,2272
"SPE001404","SPE002113","SPE002113-delivered","delivered",1.0,2280
"SPE001404","TOP006268","SPE002113-TOP006268-covers","covers",1.0,2280
"SPE001404","TOP006269","SPE002113-TOP006269-covers","covers",1.0,2280
"SPE001404","TOP006270","SPE002113-TOP006270-covers","covers",1.0,2280
"SPE001404","SPE002126","SPE002126-delivered","delivered",1.0,2294
"SPE001404","TOP006308","SPE002126-TOP006308-covers","covers",1.0,2294
"SPE001404","TOP006309","SPE002126-TOP006309-covers","covers",1.0,2294
"SPE001404","TOP006310","SPE002126-TOP006310-covers","covers",1.0,2294
"SPE001404","SPE002139","SPE002139-delivered","delivered",1.0,2309
"SPE001404","TOP006352","SPE002139-TOP006352-covers","covers",1.0,2309
"SPE001404","TOP006353","SPE002139-TOP006353-covers","covers",1.0,2309
"SPE001404","TOP000930","SPE002139-TOP000930-covers","covers",1.0,2309
"SPE001404","SPE002158","SPE002158-delivered","delivered",1.0,2329
"SPE001404","TOP006405","SPE002158-TOP006405-covers","covers",1.0,2329
"SPE001404","TOP006406","SPE002158-TOP006406-covers","covers",1.0,2329
"SPE001405","DAT001177","SPE001405-held_on","held_on",1.0,1551
"SPE001406","DAT001178","SPE001406-held_on","held_on",1.0,1552
"SPE001407","DAT001179","SPE001407-held_on","held_on",1.0,1553
"SPE001408","DAT001180","SPE001408-held_on","held_on",1.0,1554
"SPE001409","SPE001410","SPE001410-delivered","delivered",1.0,1555
"SPE001409","TOP004249","SPE001410-TOP004249-covers","covers",1.0,1555
"SPE001409","TOP004250","SPE001410-TOP004250-covers","covers",1.0,1555
"SPE001409","TOP004251","SPE001410-TOP004251-covers","covers",1.0,1555
"SPE001409","SPE001412","SPE001412-delivered","delivered",1.0,1557
"SPE001409","TOP004255","SPE001412-TOP004255-covers","covers",1.0,1557
"SPE001409","TOP004256","SPE001412-TOP004256-covers","covers",1.0,1557
"SPE001409","TOP004257","SPE001412-TOP004257-covers","covers",1.0,1557
"SPE001409","SPE001421","SPE001421-delivered","delivered",1.0,1566
"SPE001409","TOP004279","SPE001421-TOP004279-covers","covers",1.0,1566
"SPE001409","TOP004280","SPE001421-TOP004280-covers","covers",1.0,1566
"SPE001409","TOP004281","SPE001421-TOP004281-covers","covers",1.0,1566
"SPE001409","SPE001422","SPE001422-delivered","delivered",1.0,1567
"SPE001409","TOP004282","SPE001422-TOP004282-covers","covers",1.0,1567
"SPE001409","TOP004283","SPE001422-TOP004283-covers","covers",1.0,1567
"SPE001409","TOP004283","SPE001444-TOP004283-covers","covers",1.0,1590
"SPE001409","TOP004284","SPE001422-TOP004284-covers","covers",1.0,1567
"SPE001409","SPE001423","SPE001423-delivered","delivered",1.0,1568
"SPE001409","TOP004285","SPE001423-TOP004285-covers","covers",1.0,1568
"SPE001409","TOP004286","SPE001423-TOP004286-covers","covers",1.0,1568
"SPE001409","TOP000229","SPE001423-TOP000229-covers","covers",1.0,1568
"SPE001409","SPE001424","SPE001424-delivered","delivered",1.0,1569
"SPE001409","TOP004287","SPE001424-TOP004287-covers","covers",1.0,1569
"SPE001409","TOP004288","SPE001424-TOP004288-covers","covers",1.0,1569
"SPE001409","TOP004289","SPE001424-TOP004289-covers","covers",1.0,1569
"SPE001409","SPE000433","SPE000433-delivered","delivered",1.0,1576
"SPE001409","TOP004306","SPE000433-TOP004306-covers","covers",1.0,1576
"SPE001409","TOP004307","SPE000433-TOP004307-covers","covers",1.0,1576
"SPE001409","TOP004308","SPE000433-TOP004308-covers","covers",1.0,1576
"SPE001409","SPE001434","SPE001434-delivered","delivered",1.0,1579
"SPE001409","TOP004315","SPE001434-TOP004315-covers","covers",1.0,1579
"SPE001409","TOP004316","SPE001434-TOP004316-covers","covers",1.0,1579
"SPE001409","TOP003767","SPE001434-TOP003767-covers","covers",1.0,1579
"SPE001409","SPE001439","SPE001439-delivered","delivered",1.0,1585
"SPE001409","TOP004331","SPE001439-TOP004331-covers","covers",1.0,1585
"SPE001409","TOP003748","SPE001439-TOP003748-covers","covers",1.0,1585
"SPE001409","TOP004332","SPE001439-TOP004332-covers","covers",1.0,1585
"SPE001409","SPE001444","SPE001444-delivered","delivered",1.0,1590
"SPE001409","TOP004343","SPE001444-TOP004343-covers","covers",1.0,1590
"SPE001409","TOP004344","SPE001444-TOP004344-covers","covers",1.0,1590
"SPE001409","SPE001454","SPE001454-delivered","delivered",1.0,1602
"SPE001409","TOP004377","SPE001454-TOP004377-covers","covers",1.0,1602
"SPE001409","TOP004378","SPE001454-TOP004378-covers","covers",1.0,1602
"SPE001409","TOP004379","SPE001454-TOP004379-covers","covers",1.0,1602
"SPE001409","SPE001455","SPE001455-delivered","delivered",1.0,1603
"SPE001409","TOP004380","SPE001455-TOP004380-covers","covers",1.0,1603
"SPE001409","TOP004381","SPE001455-TOP004381-covers","covers",1.0,1603
"SPE001409","TOP004382","SPE001455-TOP004382-covers","covers",1.0,1603
"SPE001409","SPE001457","SPE001457-delivered","delivered",1.0,1605
"SPE001409","TOP004386","SPE001457-TOP004386-covers","covers",1.0,1605
"SPE001409","TOP004387","SPE001457-TOP004387-covers","covers",1.0,1605
"SPE001409","TOP004388","SPE001457-TOP004388-covers","covers",1.0,1605
"SPE001409","SPE001465","SPE001465-delivered","delivered",1.0,1613
"SPE001409","TOP004409","SPE001465-TOP004409-covers","covers",1.0,1613
"SPE001409","TOP004325","SPE001465-TOP004325-covers","covers",1.0,1613
"SPE001409","TOP004410","SPE001465-TOP004410-covers","covers",1.0,1613
"SPE001409","SPE001478","SPE001478-delivered","delivered",1.0,1626
"SPE001409","TOP004443","SPE001478-TOP004443-covers","covers",1.0,1626
"SPE001409","TOP004444","SPE001478-TOP004444-covers","covers",1.0,1626
"SPE001409","TOP004445","SPE001478-TOP004445-covers","covers",1.0,1626
"SPE001409","SPE001485","SPE001485-delivered","delivered",1.0,1632
"SPE001409","TOP004459","SPE001485-TOP004459-covers","covers",1.0,1632
"SPE001409","TOP004460","SPE001485-TOP004460-covers","covers",1.0,1632
"SPE001409","TOP001417","SPE001485-TOP001417-covers","covers",1.0,1632
"SPE001409","SPE001487","SPE001487-delivered","delivered",1.0,1634
"SPE001409","TOP004463","SPE001487-TOP004463-covers","covers",1.0,1634
"SPE001409","TOP004464","SPE001487-TOP004464-covers","covers",1.0,1634
"SPE001409","TOP004465","SPE001487-TOP004465-covers","covers",1.0,1634
"SPE001409","SPE001492","SPE001492-delivered","delivered",1.0,1639
"SPE001409","TOP004478","SPE001492-TOP004478-covers","covers",1.0,1639
"SPE001409","TOP004479","SPE001492-TOP004479-covers","covers",1.0,1639
"SPE001409","TOP004480","SPE001492-TOP004480-covers","covers",1.0,1639
"SPE001409","SPE001501","SPE001501-delivered","delivered",1.0,1648
"SPE001409","TOP004504","SPE001501-TOP004504-covers","covers",1.0,1648
"SPE001409","TOP004505","SPE001501-TOP004505-covers","covers",1.0,1648
"SPE001409","TOP004506","SPE001501-TOP004506-covers","covers",1.0,1648
"SPE001409","SPE001522","SPE001522-delivered","delivered",1.0,1670
"SPE001409","TOP004567","SPE001522-TOP004567-covers","covers",1.0,1670
"SPE001409","TOP004568","SPE001522-TOP004568-covers","covers",1.0,1670
"SPE001409","TOP004569","SPE001522-TOP004569-covers","covers",1.0,1670
"SPE001409","SPE001533","SPE001533-delivered","delivered",1.0,1681
"SPE001409","TOP004597","SPE001533-TOP004597-covers","covers",1.0,1681
"SPE001409","TOP004598","SPE001533-TOP004598-covers","covers",1.0,1681
"SPE001409","TOP004599","SPE001533-TOP004599-covers","covers",1.0,1681
"SPE001409","SPE001549","SPE001549-delivered","delivered",1.0,1697
"SPE001409","TOP004641","SPE001549-TOP004641-covers","covers",1.0,1697
"SPE001409","TOP004642","SPE001549-TOP004642-covers","covers",1.0,1697
"SPE001409","TOP004643","SPE001549-TOP004643-covers","covers",1.0,1697
"SPE001409","SPE001551","SPE001551-delivered","delivered",1.0,1699
"SPE001409","TOP004647","SPE001551-TOP004647-covers","covers",1.0,1699
"SPE001409","TOP004648","SPE001551-TOP004648-covers","covers",1.0,1699
"SPE001409","TOP000860","SPE001551-TOP000860-covers","covers",1.0,1699
"SPE001409","SPE001556","SPE001556-delivered","delivered",1.0,1704
"SPE001409","TOP004659","SPE001556-TOP004659-covers","covers",1.0,1704
"SPE001409","TOP004660","SPE001556-TOP004660-covers","covers",1.0,1704
"SPE001409","TOP004661","SPE001556-TOP004661-covers","covers",1.0,1704
"SPE001409","SPE001559","SPE001559-delivered","delivered",1.0,1707
"SPE001409","TOP004668","SPE001559-TOP004668-covers","covers",1.0,1707
"SPE001409","TOP004669","SPE001559-TOP004669-covers","covers",1.0,1707
"SPE001409","TOP004670","SPE001559-TOP004670-covers","covers",1.0,1707
"SPE001409","SPE001563","SPE001563-delivered","delivered",1.0,1711
"SPE001409","TOP004679","SPE001563-TOP004679-covers","covers",1.0,1711
"SPE001409","TOP004680","SPE001563-TOP004680-covers","covers",1.0,1711
"SPE001409","TOP004681","SPE001563-TOP004681-covers","covers",1.0,1711
"SPE001409","SPE001564","SPE001564-delivered","delivered",1.0,1712
"SPE001409","TOP004682","SPE001564-TOP004682-covers","covers",1.0,1712
"SPE001409","TOP004683","SPE001564-TOP004683-covers","covers",1.0,1712
"SPE001409","TOP004684","SPE001564-TOP004684-covers","covers",1.0,1712
"SPE001409","SPE001569","SPE001569-delivered","delivered",1.0,1717
"SPE001409","TOP004697","SPE001569-TOP004697-covers","covers",1.0,1717
"SPE001409","TOP004698","SPE001569-TOP004698-covers","covers",1.0,1717
"SPE001409","TOP004699","SPE001569-TOP004699-covers","covers",1.0,1717
"SPE001409","SPE001593","SPE001593-delivered","delivered",1.0,1742
"SPE001409","TOP004770","SPE001593-TOP004770-covers","covers",1.0,1742
"SPE001409","TOP004771","SPE001593-TOP004771-covers","covers",1.0,1742
"SPE001409","TOP004772","SPE001593-TOP004772-covers","covers",1.0,1742
"SPE001409","SPE001597","SPE001597-delivered","delivered",1.0,1746
"SPE001409","TOP004778","SPE001597-TOP004778-covers","covers",1.0,1746
"SPE001409","TOP004779","SPE001597-TOP004779-covers","covers",1.0,1746
"SPE001409","TOP004780","SPE001597-TOP004780-covers","covers",1.0,1746
"SPE001409","SPE001626","SPE001626-delivered","delivered",1.0,1775
"SPE001409","TOP004861","SPE001626-TOP004861-covers","covers",1.0,1775
"SPE001409","TOP004862","SPE001626-TOP004862-covers","covers",1.0,1775
"SPE001409","TOP004863","SPE001626-TOP004863-covers","covers",1.0,1775
"SPE001409","SPE001633","SPE001633-delivered","delivered",1.0,1782
"SPE001409","TOP004882","SPE001633-TOP004882-covers","covers",1.0,1782
"SPE001409","TOP000076","SPE001633-TOP000076-covers","covers",1.0,1782
"SPE001409","TOP000076","SPE002080-TOP000076-covers","covers",1.0,2248
"SPE001409","TOP004883","SPE001633-TOP004883-covers","covers",1.0,1782
"SPE001409","SPE001645","SPE001645-delivered","delivered",1.0,1795
"SPE001409","TOP004919","SPE001645-TOP004919-covers","covers",1.0,1795
"SPE001409","TOP004920","SPE001645-TOP004920-covers","covers",1.0,1795
"SPE001409","TOP004921","SPE001645-TOP004921-covers","covers",1.0,1795
"SPE001409","SPE001649","SPE001649-delivered","delivered",1.0,1799
"SPE001409","TOP004930","SPE001649-TOP004930-covers","covers",1.0,1799
"SPE001409","TOP004931","SPE001649-TOP004931-covers","covers",1.0,1799
"SPE001409","TOP004932","SPE001649-TOP004932-covers","covers",1.0,1799
"SPE001409","SPE001651","SPE001651-delivered","delivered",1.0,1801
"SPE001409","TOP004936","SPE001651-TOP004936-covers","covers",1.0,1801
"SPE001409","TOP004937","SPE001651-TOP004937-covers","covers",1.0,1801
"SPE001409","TOP004938","SPE001651-TOP004938-covers","covers",1.0,1801
"SPE001409","SPE001659","SPE001659-delivered","delivered",1.0,1809
"SPE001409","TOP004958","SPE001659-TOP004958-covers","covers",1.0,1809
"SPE001409","TOP004959","SPE001659-TOP004959-covers","covers",1.0,1809
"SPE001409","TOP004960","SPE001659-TOP004960-covers","covers",1.0,1809
"SPE001409","SPE001663","SPE001663-delivered","delivered",1.0,1813
"SPE001409","TOP004969","SPE001663-TOP004969-covers","covers",1.0,1813
"SPE001409","TOP004970","SPE001663-TOP004970-covers","covers",1.0,1813
"SPE001409","TOP004971","SPE001663-TOP004971-covers","covers",1.0,1813
"SPE001409","SPE001681","SPE001681-delivered","delivered",1.0,1833
"SPE001409","TOP005023","SPE001681-TOP005023-covers","covers",1.0,1833
"SPE001409","TOP005024","SPE001681-TOP005024-covers","covers",1.0,1833
"SPE001409","TOP005025","SPE001681-TOP005025-covers","covers",1.0,1833
"SPE001409","SPE001685","SPE001685-delivered","delivered",1.0,1837
"SPE001409","TOP005034","SPE001685-TOP005034-covers","covers",1.0,1837
"SPE001409","TOP005035","SPE001685-TOP005035-covers","covers",1.0,1837
"SPE001409","TOP005036","SPE001685-TOP005036-covers","covers",1.0,1837
"SPE001409","SPE001698","SPE001698-delivered","delivered",1.0,1852
"SPE001409","TOP005078","SPE001698-TOP005078-covers","covers",1.0,1852
"SPE001409","TOP005079","SPE001698-TOP005079-covers","covers",1.0,1852
"SPE001409","TOP005080","SPE001698-TOP005080-covers","covers",1.0,1852
"SPE001409","SPE001701","SPE001701-delivered","delivered",1.0,1855
"SPE001409","TOP005086","SPE001701-TOP005086-covers","covers",1.0,1855
"SPE001409","TOP005087","SPE001701-TOP005087-covers","covers",1.0,1855
"SPE001409","TOP005088","SPE001701-TOP005088-covers","covers",1.0,1855
"SPE001409","SPE001707","SPE001707-delivered","delivered",1.0,1861
"SPE001409","TOP005103","SPE001707-TOP005103-covers","covers",1.0,1861
"SPE001409","TOP005104","SPE001707-TOP005104-covers","covers",1.0,1861
"SPE001409","TOP005105","SPE001707-TOP005105-covers","covers",1.0,1861
"SPE001409","SPE001709","SPE001709-delivered","delivered",1.0,1863
"SPE001409","TOP005109","SPE001709-TOP005109-covers","covers",1.0,1863
"SPE001409","TOP005110","SPE001709-TOP005110-covers","covers",1.0,1863
"SPE001409","TOP005111","SPE001709-TOP005111-covers","covers",1.0,1863
"SPE001409","SPE001716","SPE001716-delivered","delivered",1.0,1870
"SPE001409","TOP005128","SPE001716-TOP005128-covers","covers",1.0,1870
"SPE001409","TOP005129","SPE001716-TOP005129-covers","covers",1.0,1870
"SPE001409","TOP005130","SPE001716-TOP005130-covers","covers",1.0,1870
"SPE001409","SPE001729","SPE001729-delivered","delivered",1.0,1883
"SPE001409","TOP005167","SPE001729-TOP005167-covers","covers",1.0,1883
"SPE001409","TOP005168","SPE001729-TOP005168-covers","covers",1.0,1883
"SPE001409","TOP005169","SPE001729-TOP005169-covers","covers",1.0,1883
"SPE001409","SPE001732","SPE001732-delivered","delivered",1.0,1886
"SPE001409","TOP005176","SPE001732-TOP005176-covers","covers",1.0,1886
"SPE001409","TOP005177","SPE001732-TOP005177-covers","covers",1.0,1886
"SPE001409","TOP005178","SPE001732-TOP005178-covers","covers",1.0,1886
"SPE001409","SPE001744","SPE001744-delivered","delivered",1.0,1898
"SPE001409","TOP005210","SPE001744-TOP005210-covers","covers",1.0,1898
"SPE001409","TOP005211","SPE001744-TOP005211-covers","covers",1.0,1898
"SPE001409","TOP005212","SPE001744-TOP005212-covers","covers",1.0,1898
"SPE001409","SPE001759","SPE001759-delivered","delivered",1.0,1913
"SPE001409","TOP005253","SPE001759-TOP005253-covers","covers",1.0,1913
"SPE001409","TOP005254","SPE001759-TOP005254-covers","covers",1.0,1913
"SPE001409","TOP005255","SPE001759-TOP005255-covers","covers",1.0,1913
"SPE001409","SPE001765","SPE001765-delivered","delivered",1.0,1920
"SPE001409","TOP005273","SPE001765-TOP005273-covers","covers",1.0,1920
"SPE001409","TOP005274","SPE001765-TOP005274-covers","covers",1.0,1920
"SPE001409","TOP005275","SPE001765-TOP005275-covers","covers",1.0,1920
"SPE001409","SPE001782","SPE001782-delivered","delivered",1.0,1938
"SPE001409","TOP005325","SPE001782-TOP005325-covers","covers",1.0,1938
"SPE001409","TOP005326","SPE001782-TOP005326-covers","covers",1.0,1938
"SPE001409","TOP005327","SPE001782-TOP005327-covers","covers",1.0,1938
"SPE001409","SPE001793","SPE001793-delivered","delivered",1.0,1950
"SPE001409","TOP005359","SPE001793-TOP005359-covers","covers",1.0,1950
"SPE001409","TOP005360","SPE001793-TOP005360-covers","covers",1.0,1950
"SPE001409","TOP005361","SPE001793-TOP005361-covers","covers",1.0,1950
"SPE001409","SPE001796","SPE001796-delivered","delivered",1.0,1953
"SPE001409","TOP005368","SPE001796-TOP005368-covers","covers",1.0,1953
"SPE001409","TOP005369","SPE001796-TOP005369-covers","covers",1.0,1953
"SPE001409","TOP005370","SPE001796-TOP005370-covers","covers",1.0,1953
"SPE001409","SPE001801","SPE001801-delivered","delivered",1.0,1958
"SPE001409","TOP005383","SPE001801-TOP005383-covers","covers",1.0,1958
"SPE001409","TOP005384","SPE001801-TOP005384-covers","covers",1.0,1958
"SPE001409","TOP005385","SPE001801-TOP005385-covers","covers",1.0,1958
"SPE001409","SPE001827","SPE001827-delivered","delivered",1.0,1985
"SPE001409","TOP005461","SPE001827-TOP005461-covers","covers",1.0,1985
"SPE001409","TOP005462","SPE001827-TOP005462-covers","covers",1.0,1985
"SPE001409","TOP005463","SPE001827-TOP005463-covers","covers",1.0,1985
"SPE001409","SPE001830","SPE001830-delivered","delivered",1.0,1988
"SPE001409","TOP005467","SPE001830-TOP005467-covers","covers",1.0,1988
"SPE001409","TOP005468","SPE001830-TOP005468-covers","covers",1.0,1988
"SPE001409","TOP000776","SPE001830-TOP000776-covers","covers",1.0,1988
"SPE001409","SPE001844","SPE001844-delivered","delivered",1.0,2003
"SPE001409","TOP005510","SPE001844-TOP005510-covers","covers",1.0,2003
"SPE001409","TOP005511","SPE001844-TOP005511-covers","covers",1.0,2003
"SPE001409","TOP005512","SPE001844-TOP005512-covers","covers",1.0,2003
"SPE001409","SPE001847","SPE001847-delivered","delivered",1.0,2006
"SPE001409","TOP005518","SPE001847-TOP005518-covers","covers",1.0,2006
"SPE001409","TOP005519","SPE001847-TOP005519-covers","covers",1.0,2006
"SPE001409","TOP005520","SPE001847-TOP005520-covers","covers",1.0,2006
"SPE001409","SPE001852","SPE001852-delivered","delivered",1.0,2011
"SPE001409","TOP005533","SPE001852-TOP005533-covers","covers",1.0,2011
"SPE001409","TOP005534","SPE001852-TOP005534-covers","covers",1.0,2011
"SPE001409","TOP005535","SPE001852-TOP005535-covers","covers",1.0,2011
"SPE001409","SPE001871","SPE001871-delivered","delivered",1.0,2031
"SPE001409","TOP005584","SPE001871-TOP005584-covers","covers",1.0,2031
"SPE001409","TOP005585","SPE001871-TOP005585-covers","covers",1.0,2031
"SPE001409","TOP005586","SPE001871-TOP005586-covers","covers",1.0,2031
"SPE001409","SPE001879","SPE001879-delivered","delivered",1.0,2039
"SPE001409","TOP005607","SPE001879-TOP005607-covers","covers",1.0,2039
"SPE001409","TOP004175","SPE001879-TOP004175-covers","covers",1.0,2039
"SPE001409","TOP005231","SPE001879-TOP005231-covers","covers",1.0,2039
"SPE001409","SPE001882","SPE001882-delivered","delivered",1.0,2042
"SPE001409","TOP005612","SPE001882-TOP005612-covers","covers",1.0,2042
"SPE001409","TOP005613","SPE001882-TOP005613-covers","covers",1.0,2042
"SPE001409","TOP005614","SPE001882-TOP005614-covers","covers",1.0,2042
"SPE001409","SPE001885","SPE001885-delivered","delivered",1.0,2045
"SPE001409","TOP005620","SPE001885-TOP005620-covers","covers",1.0,2045
"SPE001409","TOP005621","SPE001885-TOP005621-covers","covers",1.0,2045
"SPE001409","TOP005622","SPE001885-TOP005622-covers","covers",1.0,2045
"SPE001409","SPE001888","SPE001888-delivered","delivered",1.0,2049
"SPE001409","TOP005629","SPE001888-TOP005629-covers","covers",1.0,2049
"SPE001409","TOP005630","SPE001888-TOP005630-covers","covers",1.0,2049
"SPE001409","TOP005631","SPE001888-TOP005631-covers","covers",1.0,2049
"SPE001409","SPE001889","SPE001889-delivered","delivered",1.0,2050
"SPE001409","TOP005632","SPE001889-TOP005632-covers","covers",1.0,2050
"SPE001409","TOP005633","SPE001889-TOP005633-covers","covers",1.0,2050
"SPE001409","TOP005634","SPE001889-TOP005634-covers","covers",1.0,2050
"SPE001409","SPE001900","SPE001900-delivered","delivered",1.0,2061
"SPE001409","TOP005663","SPE001900-TOP005663-covers","covers",1.0,2061
"SPE001409","TOP005664","SPE001900-TOP005664-covers","covers",1.0,2061
"SPE001409","TOP005665","SPE001900-TOP005665-covers","covers",1.0,2061
"SPE001409","SPE001906","SPE001906-delivered","delivered",1.0,2067
"SPE001409","TOP005680","SPE001906-TOP005680-covers","covers",1.0,2067
"SPE001409","TOP005681","SPE001906-TOP005681-covers","covers",1.0,2067
"SPE001409","TOP005682","SPE001906-TOP005682-covers","covers",1.0,2067
"SPE001409","SPE001911","SPE001911-delivered","delivered",1.0,2072
"SPE001409","TOP005694","SPE001911-TOP005694-covers","covers",1.0,2072
"SPE001409","TOP001768","SPE001911-TOP001768-covers","covers",1.0,2072
"SPE001409","TOP005695","SPE001911-TOP005695-covers","covers",1.0,2072
"SPE001409","SPE001915","SPE001915-delivered","delivered",1.0,2077
"SPE001409","TOP005703","SPE001915-TOP005703-covers","covers",1.0,2077
"SPE001409","TOP005704","SPE001915-TOP005704-covers","covers",1.0,2077
"SPE001409","TOP005705","SPE001915-TOP005705-covers","covers",1.0,2077
"SPE001409","SPE001924","SPE001924-delivered","delivered",1.0,2086
"SPE001409","TOP005727","SPE001924-TOP005727-covers","covers",1.0,2086
"SPE001409","TOP005728","SPE001924-TOP005728-covers","covers",1.0,2086
"SPE001409","TOP005729","SPE001924-TOP005729-covers","covers",1.0,2086
"SPE001409","SPE001925","SPE001925-delivered","delivered",1.0,2087
"SPE001409","TOP005730","SPE001925-TOP005730-covers","covers",1.0,2087
"SPE001409","TOP005731","SPE001925-TOP005731-covers","covers",1.0,2087
"SPE001409","TOP005732","SPE001925-TOP005732-covers","covers",1.0,2087
"SPE001409","SPE001934","SPE001934-delivered","delivered",1.0,2096
"SPE001409","TOP005756","SPE001934-TOP005756-covers","covers",1.0,2096
"SPE001409","TOP005757","SPE001934-TOP005757-covers","covers",1.0,2096
"SPE001409","TOP005758","SPE001934-TOP005758-covers","covers",1.0,2096
"SPE001409","SPE001943","SPE001943-delivered","delivered",1.0,2105
"SPE001409","TOP005781","SPE001943-TOP005781-covers","covers",1.0,2105
"SPE001409","TOP005782","SPE001943-TOP005782-covers","covers",1.0,2105
"SPE001409","TOP005783","SPE001943-TOP005783-covers","covers",1.0,2105
"SPE001409","SPE001949","SPE001949-delivered","delivered",1.0,2112
"SPE001409","TOP005802","SPE001949-TOP005802-covers","covers",1.0,2112
"SPE001409","TOP005803","SPE001949-TOP005803-covers","covers",1.0,2112
"SPE001409","TOP005804","SPE001949-TOP005804-covers","covers",1.0,2112
"SPE001409","SPE001964","SPE001964-delivered","delivered",1.0,2129
"SPE001409","TOP005850","SPE001964-TOP005850-covers","covers",1.0,2129
"SPE001409","TOP005851","SPE001964-TOP005851-covers","covers",1.0,2129
"SPE001409","TOP005852","SPE001964-TOP005852-covers","covers",1.0,2129
"SPE001409","SPE001972","SPE001972-delivered","delivered",1.0,2137
"SPE001409","TOP005872","SPE001972-TOP005872-covers","covers",1.0,2137
"SPE001409","TOP005873","SPE001972-TOP005873-covers","covers",1.0,2137
"SPE001409","TOP005874","SPE001972-TOP005874-covers","covers",1.0,2137
"SPE001409","SPE001973","SPE001973-delivered","delivered",1.0,2138
"SPE001409","TOP005875","SPE001973-TOP005875-covers","covers",1.0,2138
"SPE001409","TOP005876","SPE001973-TOP005876-covers","covers",1.0,2138
"SPE001409","TOP005877","SPE001973-TOP005877-covers","covers",1.0,2138
"SPE001409","SPE002012","SPE002012-delivered","delivered",1.0,2178
"SPE001409","TOP005982","SPE002012-TOP005982-covers","covers",1.0,2178
"SPE001409","TOP005983","SPE002012-TOP005983-covers","covers",1.0,2178
"SPE001409","TOP005984","SPE002012-TOP005984-covers","covers",1.0,2178
"SPE001409","SPE002027","SPE002027-delivered","delivered",1.0,2194
"SPE001409","TOP006026","SPE002027-TOP006026-covers","covers",1.0,2194
"SPE001409","TOP006027","SPE002027-TOP006027-covers","covers",1.0,2194
"SPE001409","TOP006028","SPE002027-TOP006028-covers","covers",1.0,2194
"SPE001409","SPE002028","SPE002028-delivered","delivered",1.0,2195
"SPE001409","TOP006029","SPE002028-TOP006029-covers","covers",1.0,2195
"SPE001409","TOP002529","SPE002028-TOP002529-covers","covers",1.0,2195
"SPE001409","TOP006030","SPE002028-TOP006030-covers","covers",1.0,2195
"SPE001409","SPE002030","SPE002030-delivered","delivered",1.0,2197
"SPE001409","TOP006034","SPE002030-TOP006034-covers","covers",1.0,2197
"SPE001409","TOP006035","SPE002030-TOP006035-covers","covers",1.0,2197
"SPE001409","TOP006036","SPE002030-TOP006036-covers","covers",1.0,2197
"SPE001409","SPE002037","SPE002037-delivered","delivered",1.0,2204
"SPE001409","TOP006055","SPE002037-TOP006055-covers","covers",1.0,2204
"SPE001409","TOP006056","SPE002037-TOP006056-covers","covers",1.0,2204
"SPE001409","TOP006057","SPE002037-TOP006057-covers","covers",1.0,2204
"SPE001409","SPE002046","SPE002046-delivered","delivered",1.0,2213
"SPE001409","TOP006080","SPE002046-TOP006080-covers","covers",1.0,2213
"SPE001409","TOP006081","SPE002046-TOP006081-covers","covers",1.0,2213
"SPE001409","TOP001946","SPE002046-TOP001946-covers","covers",1.0,2213
"SPE001409","SPE002056","SPE002056-delivered","delivered",1.0,2223
"SPE001409","TOP006109","SPE002056-TOP006109-covers","covers",1.0,2223
"SPE001409","TOP006110","SPE002056-TOP006110-covers","covers",1.0,2223
"SPE001409","TOP006111","SPE002056-TOP006111-covers","covers",1.0,2223
"SPE001409","SPE002059","SPE002059-delivered","delivered",1.0,2226
"SPE001409","TOP006118","SPE002059-TOP006118-covers","covers",1.0,2226
"SPE001409","TOP006119","SPE002059-TOP006119-covers","covers",1.0,2226
"SPE001409","TOP006120","SPE002059-TOP006120-covers","covers",1.0,2226
"SPE001409","SPE002066","SPE002066-delivered","delivered",1.0,2233
"SPE001409","TOP006138","SPE002066-TOP006138-covers","covers",1.0,2233
"SPE001409","TOP004390","SPE002066-TOP004390-covers","covers",1.0,2233
"SPE001409","TOP006139","SPE002066-TOP006139-covers","covers",1.0,2233
"SPE001409","TOP006139","SPE002075-TOP006139-covers","covers",1.0,2243
"SPE001409","SPE002068","SPE002068-delivered","delivered",1.0,2236
"SPE001409","TOP006145","SPE002068-TOP006145-covers","covers",1.0,2236
"SPE001409","TOP006146","SPE002068-TOP006146-covers","covers",1.0,2236
"SPE001409","TOP006147","SPE002068-TOP006147-covers","covers",1.0,2236
"SPE001409","SPE002075","SPE002075-delivered","delivered",1.0,2243
"SPE001409","TOP006166","SPE002075-TOP006166-covers","covers",1.0,2243
"SPE001409","TOP006167","SPE002075-TOP006167-covers","covers",1.0,2243
"SPE001409","SPE002080","SPE002080-delivered","delivered",1.0,2248
"SPE001409","TOP006180","SPE002080-TOP006180-covers","covers",1.0,2248
"SPE001409","TOP006181","SPE002080-TOP006181-covers","covers",1.0,2248
"SPE001410","DAT001181","SPE001410-held_on","held_on",1.0,1555
"SPE001411","DAT001182","SPE001411-held_on","held_on",1.0,1556
"SPE001412","DAT001183","SPE001412-held_on","held_on",1.0,1557
"SPE001413","DAT001184","SPE001413-held_on","held_on",1.0,1558
"SPE001414","DAT001185","SPE001414-held_on","held_on",1.0,1559
"SPE001415","DAT001185","SPE001415-held_on","held_on",1.0,1560
"SPE001416","DAT001186","SPE001416-held_on","held_on",1.0,1561
"SPE001417","DAT001187","SPE001417-held_on","held_on",1.0,1562
"SPE001418","DAT001188","SPE001418-held_on","held_on",1.0,1563
"SPE001419","DAT001189","SPE001419-held_on","held_on",1.0,1564
"SPE001420","DAT001190","SPE001420-held_on","held_on",1.0,1565
"SPE001421","DAT001191","SPE001421-held_on","held_on",1.0,1566
"SPE001421","DAT001322","SPE001421-held_on","held_on",1.0,1747
"SPE001422","DAT001192","SPE001422-held_on","held_on",1.0,1567
"SPE001423","DAT001192","SPE001423-held_on","held_on",1.0,1568
"SPE001424","DAT001193","SPE001424-held_on","held_on",1.0,1569
"SPE001425","DAT001193","SPE001425-held_on","held_on",1.0,1570
"SPE001426","SPE001427","SPE001427-delivered","delivered",1.0,1571
"SPE001426","TOP004293","SPE001427-TOP004293-covers","covers",1.0,1571
"SPE001426","TOP004294","SPE001427-TOP004294-covers","covers",1.0,1571
"SPE001426","TOP004295","SPE001427-TOP004295-covers","covers",1.0,1571
"SPE001426","SPE001429","SPE001429-delivered","delivered",1.0,1573
"SPE001426","TOP000202","SPE001429-TOP000202-covers","covers",1.0,1573
"SPE001426","TOP004298","SPE001429-TOP004298-covers","covers",1.0,1573
"SPE001426","TOP004299","SPE001429-TOP004299-covers","covers",1.0,1573
"SPE001426","SPE001430","SPE001430-delivered","delivered",1.0,1574
"SPE001426","TOP004300","SPE001430-TOP004300-covers","covers",1.0,1574
"SPE001426","TOP004301","SPE001430-TOP004301-covers","covers",1.0,1574
"SPE001426","TOP004302","SPE001430-TOP004302-covers","covers",1.0,1574
"SPE001426","SPE000433","SPE000433-delivered","delivered",1.0,1728
"SPE001426","TOP004325","SPE000433-TOP004325-covers","covers",1.0,1583
"SPE001426","TOP004326","SPE000433-TOP004326-covers","covers",1.0,1583
"SPE001426","TOP004327","SPE000433-TOP004327-covers","covers",1.0,1583
"SPE001426","SPE001440","SPE001440-delivered","delivered",1.0,1586
"SPE001426","TOP004333","SPE001440-TOP004333-covers","covers",1.0,1586
"SPE001426","TOP004334","SPE001440-TOP004334-covers","covers",1.0,1586
"SPE001426","TOP003547","SPE001440-TOP003547-covers","covers",1.0,1586
"SPE001426","TOP003547","SPE001863-TOP003547-covers","covers",1.0,2023
"SPE001426","SPE001445","SPE001445-delivered","delivered",1.0,1591
"SPE001426","TOP004345","SPE001445-TOP004345-covers","covers",1.0,1591
"SPE001426","TOP004346","SPE001445-TOP004346-covers","covers",1.0,1591
"SPE001426","TOP004347","SPE001445-TOP004347-covers","covers",1.0,1591
"SPE001426","SPE001447","SPE001447-delivered","delivered",1.0,1593
"SPE001426","TOP004351","SPE001447-TOP004351-covers","covers",1.0,1593
"SPE001426","TOP004352","SPE001447-TOP004352-covers","covers",1.0,1593
"SPE001426","TOP004353","SPE001447-TOP004353-covers","covers",1.0,1593
"SPE001426","TOP004357","SPE000433-TOP004357-covers","covers",1.0,1595
"SPE001426","TOP004357","SPE001662-TOP004357-covers","covers",1.0,1812
"SPE001426","TOP004358","SPE000433-TOP004358-covers","covers",1.0,1595
"SPE001426","TOP004359","SPE000433-TOP004359-covers","covers",1.0,1595
"SPE001426","SPE001449","SPE001449-delivered","delivered",1.0,1596
"SPE001426","TOP004360","SPE001449-TOP004360-covers","covers",1.0,1596
"SPE001426","TOP004361","SPE001449-TOP004361-covers","covers",1.0,1596
"SPE001426","TOP004362","SPE001449-TOP004362-covers","covers",1.0,1596
"SPE001426","SPE001450","SPE001450-delivered","delivered",1.0,1597
"SPE001426","TOP004363","SPE001450-TOP004363-covers","covers",1.0,1597
"SPE001426","TOP004363","SPE001654-TOP004363-covers","covers",1.0,1804
"SPE001426","TOP004364","SPE001450-TOP004364-covers","covers",1.0,1597
"SPE001426","TOP004364","SPE001654-TOP004364-covers","covers",1.0,1804
"SPE001426","TOP004365","SPE001450-TOP004365-covers","covers",1.0,1597
"SPE001426","TOP004372","SPE000433-TOP004372-covers","covers",1.0,1600
"SPE001426","TOP004373","SPE000433-TOP004373-covers","covers",1.0,1600
"SPE001426","TOP004374","SPE000433-TOP004374-covers","covers",1.0,1600
"SPE001426","SPE001453","SPE001453-delivered","delivered",1.0,1601
"SPE001426","TOP004375","SPE001453-TOP004375-covers","covers",1.0,1601
"SPE001426","TOP002391","SPE001453-TOP002391-covers","covers",1.0,1601
"SPE001426","TOP004376","SPE001453-TOP004376-covers","covers",1.0,1601
"SPE001426","SPE001458","SPE001458-delivered","delivered",1.0,1606
"SPE001426","TOP004389","SPE001458-TOP004389-covers","covers",1.0,1606
"SPE001426","TOP004390","SPE001458-TOP004390-covers","covers",1.0,1606
"SPE001426","TOP004391","SPE001458-TOP004391-covers","covers",1.0,1606
"SPE001426","SPE001460","SPE001460-delivered","delivered",1.0,1608
"SPE001426","TOP004395","SPE001460-TOP004395-covers","covers",1.0,1608
"SPE001426","TOP004396","SPE001460-TOP004396-covers","covers",1.0,1608
"SPE001426","TOP004397","SPE001460-TOP004397-covers","covers",1.0,1608
"SPE001426","SPE001464","SPE001464-delivered","delivered",1.0,1612
"SPE001426","TOP004406","SPE001464-TOP004406-covers","covers",1.0,1612
"SPE001426","TOP004407","SPE001464-TOP004407-covers","covers",1.0,1612
"SPE001426","TOP004408","SPE001464-TOP004408-covers","covers",1.0,1612
"SPE001426","TOP004408","SPE001470-TOP004408-covers","covers",1.0,1618
"SPE001426","SPE001468","SPE001468-delivered","delivered",1.0,1616
"SPE001426","TOP004416","SPE001468-TOP004416-covers","covers",1.0,1616
"SPE001426","TOP004417","SPE001468-TOP004417-covers","covers",1.0,1616
"SPE001426","TOP004418","SPE001468-TOP004418-covers","covers",1.0,1616
"SPE001426","SPE001470","SPE001470-delivered","delivered",1.0,1618
"SPE001426","TOP004421","SPE001470-TOP004421-covers","covers",1.0,1618
"SPE001426","TOP004422","SPE001470-TOP004422-covers","covers",1.0,1618
"SPE001426","SPE001473","SPE001473-delivered","delivered",1.0,1621
"SPE001426","TOP004429","SPE001473-TOP004429-covers","covers",1.0,1621
"SPE001426","TOP004430","SPE001473-TOP004430-covers","covers",1.0,1621
"SPE001426","TOP004431","SPE001473-TOP004431-covers","covers",1.0,1621
"SPE001426","SPE001474","SPE001474-delivered","delivered",1.0,1622
"SPE001426","TOP004432","SPE001474-TOP004432-covers","covers",1.0,1622
"SPE001426","TOP004433","SPE001474-TOP004433-covers","covers",1.0,1622
"SPE001426","TOP004434","SPE001474-TOP004434-covers","covers",1.0,1622
"SPE001426","SPE001477","SPE001477-delivered","delivered",1.0,1917
"SPE001426","TOP004440","SPE001477-TOP004440-covers","covers",1.0,1625
"SPE001426","TOP004441","SPE001477-TOP004441-covers","covers",1.0,1625
"SPE001426","TOP004442","SPE001477-TOP004442-covers","covers",1.0,1625
"SPE001426","SPE001486","SPE001486-delivered","delivered",1.0,1633
"SPE001426","TOP004461","SPE001486-TOP004461-covers","covers",1.0,1633
"SPE001426","TOP000357","SPE001486-TOP000357-covers","covers",1.0,1633
"SPE001426","TOP000357","SPE001665-TOP000357-covers","covers",1.0,1815
"SPE001426","TOP004462","SPE001486-TOP004462-covers","covers",1.0,1633
"SPE001426","SPE001489","SPE001489-delivered","delivered",1.0,1636
"SPE001426","TOP004469","SPE001489-TOP004469-covers","covers",1.0,1636
"SPE001426","TOP004470","SPE001489-TOP004470-covers","covers",1.0,1636
"SPE001426","TOP004471","SPE001489-TOP004471-covers","covers",1.0,1636
"SPE001426","SPE001495","SPE001495-delivered","delivered",1.0,1642
"SPE001426","TOP004487","SPE001495-TOP004487-covers","covers",1.0,1642
"SPE001426","TOP004488","SPE001495-TOP004488-covers","covers",1.0,1642
"SPE001426","TOP004489","SPE001495-TOP004489-covers","covers",1.0,1642
"SPE001426","SPE001498","SPE001498-delivered","delivered",1.0,1645
"SPE001426","TOP004495","SPE001498-TOP004495-covers","covers",1.0,1645
"SPE001426","TOP004496","SPE001498-TOP004496-covers","covers",1.0,1645
"SPE001426","TOP004497","SPE001498-TOP004497-covers","covers",1.0,1645
"SPE001426","SPE001503","SPE001503-delivered","delivered",1.0,1650
"SPE001426","TOP004510","SPE001503-TOP004510-covers","covers",1.0,1650
"SPE001426","TOP004511","SPE001503-TOP004511-covers","covers",1.0,1650
"SPE001426","TOP004512","SPE001503-TOP004512-covers","covers",1.0,1650
"SPE001426","SPE001507","SPE001507-delivered","delivered",1.0,1654
"SPE001426","TOP004522","SPE001507-TOP004522-covers","covers",1.0,1654
"SPE001426","TOP004523","SPE001507-TOP004523-covers","covers",1.0,1654
"SPE001426","TOP004524","SPE001507-TOP004524-covers","covers",1.0,1654
"SPE001426","SPE001509","SPE001509-delivered","delivered",1.0,1656
"SPE001426","TOP004528","SPE001509-TOP004528-covers","covers",1.0,1656
"SPE001426","TOP004529","SPE001509-TOP004529-covers","covers",1.0,1656
"SPE001426","TOP004530","SPE001509-TOP004530-covers","covers",1.0,1656
"SPE001426","TOP004530","SPE001922-TOP004530-covers","covers",1.0,2084
"SPE001426","TOP004531","SPE000433-TOP004531-covers","covers",1.0,1657
"SPE001426","TOP004532","SPE000433-TOP004532-covers","covers",1.0,1657
"SPE001426","TOP004533","SPE000433-TOP004533-covers","covers",1.0,1657
"SPE001426","TOP004533","SPE001542-TOP004533-covers","covers",1.0,1690
"SPE001426","TOP004533","SPE001880-TOP004533-covers","covers",1.0,2040
"SPE001426","SPE001511","SPE001511-delivered","delivered",1.0,1659
"SPE001426","TOP004537","SPE001511-TOP004537-covers","covers",1.0,1659
"SPE001426","TOP004538","SPE001511-TOP004538-covers","covers",1.0,1659
"SPE001426","TOP004539","SPE001511-TOP004539-covers","covers",1.0,1659
"SPE001426","SPE001514","SPE001514-delivered","delivered",1.0,1662
"SPE001426","TOP004546","SPE001514-TOP004546-covers","covers",1.0,1662
"SPE001426","TOP004547","SPE001514-TOP004547-covers","covers",1.0,1662
"SPE001426","TOP004548","SPE001514-TOP004548-covers","covers",1.0,1662
"SPE001426","SPE001520","SPE001520-delivered","delivered",1.0,1668
"SPE001426","TOP004561","SPE001520-TOP004561-covers","covers",1.0,1668
"SPE001426","TOP004562","SPE001520-TOP004562-covers","covers",1.0,1668
"SPE001426","TOP004563","SPE001520-TOP004563-covers","covers",1.0,1668
"SPE001426","SPE001523","SPE001523-delivered","delivered",1.0,1671
"SPE001426","TOP004570","SPE001523-TOP004570-covers","covers",1.0,1671
"SPE001426","TOP004571","SPE001523-TOP004571-covers","covers",1.0,1671
"SPE001426","TOP004572","SPE001523-TOP004572-covers","covers",1.0,1671
"SPE001426","SPE001525","SPE001525-delivered","delivered",1.0,1673
"SPE001426","TOP004576","SPE001525-TOP004576-covers","covers",1.0,1673
"SPE001426","TOP004577","SPE001525-TOP004577-covers","covers",1.0,1673
"SPE001426","TOP004578","SPE001525-TOP004578-covers","covers",1.0,1673
"SPE001426","SPE001528","SPE001528-delivered","delivered",1.0,1676
"SPE001426","TOP004583","SPE001528-TOP004583-covers","covers",1.0,1676
"SPE001426","TOP004584","SPE001528-TOP004584-covers","covers",1.0,1676
"SPE001426","TOP004585","SPE001528-TOP004585-covers","covers",1.0,1676
"SPE001426","SPE001537","SPE001537-delivered","delivered",1.0,1685
"SPE001426","TOP004609","SPE001537-TOP004609-covers","covers",1.0,1685
"SPE001426","TOP004609","SPE001548-TOP004609-covers","covers",1.0,1696
"SPE001426","TOP004610","SPE001537-TOP004610-covers","covers",1.0,1685
"SPE001426","TOP004611","SPE001537-TOP004611-covers","covers",1.0,1685
"SPE001426","SPE001538","SPE001538-delivered","delivered",1.0,1686
"SPE001426","TOP004612","SPE001538-TOP004612-covers","covers",1.0,1686
"SPE001426","TOP004613","SPE001538-TOP004613-covers","covers",1.0,1686
"SPE001426","TOP004614","SPE001538-TOP004614-covers","covers",1.0,1686
"SPE001426","SPE001539","SPE001539-delivered","delivered",1.0,1687
"SPE001426","TOP004615","SPE001539-TOP004615-covers","covers",1.0,1687
"SPE001426","TOP004616","SPE001539-TOP004616-covers","covers",1.0,1687
"SPE001426","TOP004616","SPE002121-TOP004616-covers","covers",1.0,2289
"SPE001426","TOP004617","SPE001539-TOP004617-covers","covers",1.0,1687
"SPE001426","SPE001541","SPE001541-delivered","delivered",1.0,1689
"SPE001426","TOP004621","SPE001541-TOP004621-covers","covers",1.0,1689
"SPE001426","TOP004621","SPE001555-TOP004621-covers","covers",1.0,1703
"SPE001426","TOP004622","SPE001541-TOP004622-covers","covers",1.0,1689
"SPE001426","TOP004622","SPE001555-TOP004622-covers","covers",1.0,1703
"SPE001426","TOP004623","SPE001541-TOP004623-covers","covers",1.0,1689
"SPE001426","SPE001542","SPE001542-delivered","delivered",1.0,1690
"SPE001426","TOP004624","SPE001542-TOP004624-covers","covers",1.0,1690
"SPE001426","TOP004625","SPE001542-TOP004625-covers","covers",1.0,1690
"SPE001426","SPE001546","SPE001546-delivered","delivered",1.0,1694
"SPE001426","TOP004635","SPE001546-TOP004635-covers","covers",1.0,1694
"SPE001426","TOP002371","SPE001546-TOP002371-covers","covers",1.0,1694
"SPE001426","TOP002371","SPE001749-TOP002371-covers","covers",1.0,1903
"SPE001426","TOP004636","SPE001546-TOP004636-covers","covers",1.0,1694
"SPE001426","SPE001548","SPE001548-delivered","delivered",1.0,1696
"SPE001426","TOP004640","SPE001548-TOP004640-covers","covers",1.0,1696
"SPE001426","TOP000997","SPE001548-TOP000997-covers","covers",1.0,1696
"SPE001426","SPE001550","SPE001550-delivered","delivered",1.0,1698
"SPE001426","TOP004644","SPE001550-TOP004644-covers","covers",1.0,1698
"SPE001426","TOP004645","SPE001550-TOP004645-covers","covers",1.0,1698
"SPE001426","TOP004646","SPE001550-TOP004646-covers","covers",1.0,1698
"SPE001426","SPE001555","SPE001555-delivered","delivered",1.0,1703
"SPE001426","TOP004658","SPE001555-TOP004658-covers","covers",1.0,1703
"SPE001426","SPE001566","SPE001566-delivered","delivered",1.0,1714
"SPE001426","TOP004688","SPE001566-TOP004688-covers","covers",1.0,1714
"SPE001426","TOP004689","SPE001566-TOP004689-covers","covers",1.0,1714
"SPE001426","TOP004690","SPE001566-TOP004690-covers","covers",1.0,1714
"SPE001426","SPE001568","SPE001568-delivered","delivered",1.0,1716
"SPE001426","TOP004694","SPE001568-TOP004694-covers","covers",1.0,1716
"SPE001426","TOP004695","SPE001568-TOP004695-covers","covers",1.0,1716
"SPE001426","TOP004696","SPE001568-TOP004696-covers","covers",1.0,1716
"SPE001426","SPE001571","SPE001571-delivered","delivered",1.0,1719
"SPE001426","TOP004703","SPE001571-TOP004703-covers","covers",1.0,1719
"SPE001426","TOP004704","SPE001571-TOP004704-covers","covers",1.0,1719
"SPE001426","TOP004705","SPE001571-TOP004705-covers","covers",1.0,1719
"SPE001426","SPE001574","SPE001574-delivered","delivered",1.0,1722
"SPE001426","TOP004712","SPE001574-TOP004712-covers","covers",1.0,1722
"SPE001426","TOP004713","SPE001574-TOP004713-covers","covers",1.0,1722
"SPE001426","TOP002022","SPE001574-TOP002022-covers","covers",1.0,1722
"SPE001426","TOP004728","SPE000433-TOP004728-covers","covers",1.0,1728
"SPE001426","TOP004729","SPE000433-TOP004729-covers","covers",1.0,1728
"SPE001426","TOP004730","SPE000433-TOP004730-covers","covers",1.0,1728
"SPE001426","SPE001581","SPE001581-delivered","delivered",1.0,1730
"SPE001426","TOP004734","SPE001581-TOP004734-covers","covers",1.0,1730
"SPE001426","TOP004735","SPE001581-TOP004735-covers","covers",1.0,1730
"SPE001426","TOP004736","SPE001581-TOP004736-covers","covers",1.0,1730
"SPE001426","SPE001582","SPE001582-delivered","delivered",1.0,1731
"SPE001426","TOP004737","SPE001582-TOP004737-covers","covers",1.0,1731
"SPE001426","TOP004738","SPE001582-TOP004738-covers","covers",1.0,1731
"SPE001426","TOP004739","SPE001582-TOP004739-covers","covers",1.0,1731
"SPE001426","SPE001583","SPE001583-delivered","delivered",1.0,1732
"SPE001426","TOP004740","SPE001583-TOP004740-covers","covers",1.0,1732
"SPE001426","TOP004741","SPE001583-TOP004741-covers","covers",1.0,1732
"SPE001426","TOP004742","SPE001583-TOP004742-covers","covers",1.0,1732
"SPE001426","SPE001584","SPE001584-delivered","delivered",1.0,1733
"SPE001426","TOP004743","SPE001584-TOP004743-covers","covers",1.0,1733
"SPE001426","TOP004744","SPE001584-TOP004744-covers","covers",1.0,1733
"SPE001426","TOP004745","SPE001584-TOP004745-covers","covers",1.0,1733
"SPE001426","SPE001588","SPE001588-delivered","delivered",1.0,1737
"SPE001426","TOP004755","SPE001588-TOP004755-covers","covers",1.0,1737
"SPE001426","TOP004756","SPE001588-TOP004756-covers","covers",1.0,1737
"SPE001426","TOP004757","SPE001588-TOP004757-covers","covers",1.0,1737
"SPE001426","SPE001590","SPE001590-delivered","delivered",1.0,1739
"SPE001426","TOP004761","SPE001590-TOP004761-covers","covers",1.0,1739
"SPE001426","TOP004762","SPE001590-TOP004762-covers","covers",1.0,1739
"SPE001426","TOP004763","SPE001590-TOP004763-covers","covers",1.0,1739
"SPE001426","SPE001594","SPE001594-delivered","delivered",1.0,1743
"SPE001426","TOP004773","SPE001594-TOP004773-covers","covers",1.0,1743
"SPE001426","TOP004774","SPE001594-TOP004774-covers","covers",1.0,1743
"SPE001426","TOP004775","SPE001594-TOP004775-covers","covers",1.0,1743
"SPE001426","SPE001598","SPE001598-delivered","delivered",1.0,2150
"SPE001426","TOP004784","SPE001598-TOP004784-covers","covers",1.0,1748
"SPE001426","TOP004785","SPE001598-TOP004785-covers","covers",1.0,1748
"SPE001426","TOP004786","SPE001598-TOP004786-covers","covers",1.0,1748
"SPE001426","SPE001602","SPE001602-delivered","delivered",1.0,1752
"SPE001426","TOP004796","SPE001602-TOP004796-covers","covers",1.0,1752
"SPE001426","TOP004797","SPE001602-TOP004797-covers","covers",1.0,1752
"SPE001426","TOP004798","SPE001602-TOP004798-covers","covers",1.0,1752
"SPE001426","SPE001609","SPE001609-delivered","delivered",1.0,1759
"SPE001426","TOP004816","SPE001609-TOP004816-covers","covers",1.0,1759
"SPE001426","TOP004817","SPE001609-TOP004817-covers","covers",1.0,1759
"SPE001426","TOP004818","SPE001609-TOP004818-covers","covers",1.0,1759
"SPE001426","SPE001610","SPE001610-delivered","delivered",1.0,1760
"SPE001426","TOP004819","SPE001610-TOP004819-covers","covers",1.0,1760
"SPE001426","TOP004820","SPE001610-TOP004820-covers","covers",1.0,1760
"SPE001426","TOP004821","SPE001610-TOP004821-covers","covers",1.0,1760
"SPE001426","SPE001613","SPE001613-delivered","delivered",1.0,1762
"SPE001426","TOP004824","SPE001613-TOP004824-covers","covers",1.0,1762
"SPE001426","TOP004268","SPE001613-TOP004268-covers","covers",1.0,1762
"SPE001426","TOP000496","SPE001613-TOP000496-covers","covers",1.0,1762
"SPE001426","TOP000496","SPE001897-TOP000496-covers","covers",1.0,2058
"SPE001426","SPE001614","SPE001614-delivered","delivered",1.0,1763
"SPE001426","TOP004825","SPE001614-TOP004825-covers","covers",1.0,1763
"SPE001426","TOP004826","SPE001614-TOP004826-covers","covers",1.0,1763
"SPE001426","TOP004827","SPE001614-TOP004827-covers","covers",1.0,1763
"SPE001426","SPE001615","SPE001615-delivered","delivered",1.0,1764
"SPE001426","TOP004828","SPE001615-TOP004828-covers","covers",1.0,1764
"SPE001426","TOP004829","SPE001615-TOP004829-covers","covers",1.0,1764
"SPE001426","TOP004830","SPE001615-TOP004830-covers","covers",1.0,1764
"SPE001426","SPE001618","SPE001618-delivered","delivered",1.0,1767
"SPE001426","TOP004837","SPE001618-TOP004837-covers","covers",1.0,1767
"SPE001426","TOP004838","SPE001618-TOP004838-covers","covers",1.0,1767
"SPE001426","TOP004838","SPE001855-TOP004838-covers","covers",1.0,2014
"SPE001426","TOP004839","SPE001618-TOP004839-covers","covers",1.0,1767
"SPE001426","SPE001619","SPE001619-delivered","delivered",1.0,1768
"SPE001426","TOP004840","SPE001619-TOP004840-covers","covers",1.0,1768
"SPE001426","TOP004841","SPE001619-TOP004841-covers","covers",1.0,1768
"SPE001426","TOP004842","SPE001619-TOP004842-covers","covers",1.0,1768
"SPE001426","SPE001621","SPE001621-delivered","delivered",1.0,1770
"SPE001426","TOP004846","SPE001621-TOP004846-covers","covers",1.0,1770
"SPE001426","TOP004847","SPE001621-TOP004847-covers","covers",1.0,1770
"SPE001426","TOP004848","SPE001621-TOP004848-covers","covers",1.0,1770
"SPE001426","SPE001624","SPE001624-delivered","delivered",1.0,1773
"SPE001426","TOP004855","SPE001624-TOP004855-covers","covers",1.0,1773
"SPE001426","TOP004856","SPE001624-TOP004856-covers","covers",1.0,1773
"SPE001426","TOP004857","SPE001624-TOP004857-covers","covers",1.0,1773
"SPE001426","SPE001627","SPE001627-delivered","delivered",1.0,1776
"SPE001426","TOP004864","SPE001627-TOP004864-covers","covers",1.0,1776
"SPE001426","TOP004865","SPE001627-TOP004865-covers","covers",1.0,1776
"SPE001426","TOP004866","SPE001627-TOP004866-covers","covers",1.0,1776
"SPE001426","SPE001630","SPE001630-delivered","delivered",1.0,1779
"SPE001426","TOP004873","SPE001630-TOP004873-covers","covers",1.0,1779
"SPE001426","TOP004874","SPE001630-TOP004874-covers","covers",1.0,1779
"SPE001426","TOP004875","SPE001630-TOP004875-covers","covers",1.0,1779
"SPE001426","SPE001632","SPE001632-delivered","delivered",1.0,1781
"SPE001426","TOP004879","SPE001632-TOP004879-covers","covers",1.0,1781
"SPE001426","TOP004880","SPE001632-TOP004880-covers","covers",1.0,1781
"SPE001426","TOP004881","SPE001632-TOP004881-covers","covers",1.0,1781
"SPE001426","SPE001636","SPE001636-delivered","delivered",1.0,1785
"SPE001426","TOP004890","SPE001636-TOP004890-covers","covers",1.0,1785
"SPE001426","TOP004891","SPE001636-TOP004891-covers","covers",1.0,1785
"SPE001426","TOP004892","SPE001636-TOP004892-covers","covers",1.0,1785
"SPE001426","SPE001637","SPE001637-delivered","delivered",1.0,1786
"SPE001426","TOP004893","SPE001637-TOP004893-covers","covers",1.0,1786
"SPE001426","TOP004894","SPE001637-TOP004894-covers","covers",1.0,1786
"SPE001426","TOP004895","SPE001637-TOP004895-covers","covers",1.0,1786
"SPE001426","SPE001638","SPE001638-delivered","delivered",1.0,1787
"SPE001426","TOP004896","SPE001638-TOP004896-covers","covers",1.0,1787
"SPE001426","TOP004897","SPE001638-TOP004897-covers","covers",1.0,1787
"SPE001426","TOP004898","SPE001638-TOP004898-covers","covers",1.0,1787
"SPE001426","SPE001640","SPE001640-delivered","delivered",1.0,1789
"SPE001426","TOP004902","SPE001640-TOP004902-covers","covers",1.0,1789
"SPE001426","TOP004903","SPE001640-TOP004903-covers","covers",1.0,1789
"SPE001426","TOP004904","SPE001640-TOP004904-covers","covers",1.0,1789
"SPE001426","SPE001641","SPE001641-delivered","delivered",1.0,1790
"SPE001426","TOP004905","SPE001641-TOP004905-covers","covers",1.0,1790
"SPE001426","TOP004906","SPE001641-TOP004906-covers","covers",1.0,1790
"SPE001426","TOP004907","SPE001641-TOP004907-covers","covers",1.0,1790
"SPE001426","SPE001643","SPE001643-delivered","delivered",1.0,1792
"SPE001426","TOP004911","SPE001643-TOP004911-covers","covers",1.0,1792
"SPE001426","TOP004912","SPE001643-TOP004912-covers","covers",1.0,1792
"SPE001426","TOP004913","SPE001643-TOP004913-covers","covers",1.0,1792
"SPE001426","TOP004250","SPE001598-TOP004250-covers","covers",1.0,1793
"SPE001426","TOP004914","SPE001598-TOP004914-covers","covers",1.0,1793
"SPE001426","TOP004915","SPE001598-TOP004915-covers","covers",1.0,1793
"SPE001426","SPE001644","SPE001644-delivered","delivered",1.0,1794
"SPE001426","TOP004916","SPE001644-TOP004916-covers","covers",1.0,1794
"SPE001426","TOP004916","SPE001647-TOP004916-covers","covers",1.0,1797
"SPE001426","TOP004917","SPE001644-TOP004917-covers","covers",1.0,1794
"SPE001426","TOP004918","SPE001644-TOP004918-covers","covers",1.0,1794
"SPE001426","SPE001647","SPE001647-delivered","delivered",1.0,1797
"SPE001426","TOP004925","SPE001647-TOP004925-covers","covers",1.0,1797
"SPE001426","TOP004926","SPE001647-TOP004926-covers","covers",1.0,1797
"SPE001426","SPE001648","SPE001648-delivered","delivered",1.0,1798
"SPE001426","TOP004927","SPE001648-TOP004927-covers","covers",1.0,1798
"SPE001426","TOP004928","SPE001648-TOP004928-covers","covers",1.0,1798
"SPE001426","TOP004929","SPE001648-TOP004929-covers","covers",1.0,1798
"SPE001426","SPE001654","SPE001654-delivered","delivered",1.0,1804
"SPE001426","TOP004945","SPE001654-TOP004945-covers","covers",1.0,1804
"SPE001426","SPE001656","SPE001656-delivered","delivered",1.0,1806
"SPE001426","TOP004949","SPE001656-TOP004949-covers","covers",1.0,1806
"SPE001426","TOP004950","SPE001656-TOP004950-covers","covers",1.0,1806
"SPE001426","TOP004951","SPE001656-TOP004951-covers","covers",1.0,1806
"SPE001426","SPE001662","SPE001662-delivered","delivered",1.0,1812
"SPE001426","TOP004967","SPE001662-TOP004967-covers","covers",1.0,1812
"SPE001426","TOP004968","SPE001662-TOP004968-covers","covers",1.0,1812
"SPE001426","SPE001665","SPE001665-delivered","delivered",1.0,1815
"SPE001426","TOP004974","SPE001665-TOP004974-covers","covers",1.0,1815
"SPE001426","TOP004975","SPE001665-TOP004975-covers","covers",1.0,1815
"SPE001426","SPE001579","SPE001579-delivered","delivered",1.0,1817
"SPE001426","TOP004979","SPE001579-TOP004979-covers","covers",1.0,1817
"SPE001426","TOP004980","SPE001579-TOP004980-covers","covers",1.0,1817
"SPE001426","TOP000269","SPE001579-TOP000269-covers","covers",1.0,1817
"SPE001426","TOP000269","SPE001910-TOP000269-covers","covers",1.0,2071
"SPE001426","SPE001669","SPE001669-delivered","delivered",1.0,1820
"SPE001426","TOP004987","SPE001669-TOP004987-covers","covers",1.0,1820
"SPE001426","TOP004988","SPE001669-TOP004988-covers","covers",1.0,1820
"SPE001426","TOP004989","SPE001669-TOP004989-covers","covers",1.0,1820
"SPE001426","SPE001670","SPE001670-delivered","delivered",1.0,1821
"SPE001426","TOP004990","SPE001670-TOP004990-covers","covers",1.0,1821
"SPE001426","TOP004991","SPE001670-TOP004991-covers","covers",1.0,1821
"SPE001426","TOP004992","SPE001670-TOP004992-covers","covers",1.0,1821
"SPE001426","TOP004993","SPE001598-TOP004993-covers","covers",1.0,1822
"SPE001426","TOP004994","SPE001598-TOP004994-covers","covers",1.0,1822
"SPE001426","TOP004995","SPE001598-TOP004995-covers","covers",1.0,1822
"SPE001426","SPE001673","SPE001673-delivered","delivered",1.0,1825
"SPE001426","TOP005001","SPE001673-TOP005001-covers","covers",1.0,1825
"SPE001426","TOP005002","SPE001673-TOP005002-covers","covers",1.0,1825
"SPE001426","TOP005003","SPE001673-TOP005003-covers","covers",1.0,1825
"SPE001426","SPE001676","SPE001676-delivered","delivered",1.0,1828
"SPE001426","TOP005010","SPE001676-TOP005010-covers","covers",1.0,1828
"SPE001426","TOP005011","SPE001676-TOP005011-covers","covers",1.0,1828
"SPE001426","TOP005012","SPE001676-TOP005012-covers","covers",1.0,1828
"SPE001426","SPE001679","SPE001679-delivered","delivered",1.0,1831
"SPE001426","TOP005018","SPE001679-TOP005018-covers","covers",1.0,1831
"SPE001426","TOP005019","SPE001679-TOP005019-covers","covers",1.0,1831
"SPE001426","TOP000775","SPE001679-TOP000775-covers","covers",1.0,1831
"SPE001426","SPE001680","SPE001680-delivered","delivered",1.0,1832
"SPE001426","TOP005020","SPE001680-TOP005020-covers","covers",1.0,1832
"SPE001426","TOP005021","SPE001680-TOP005021-covers","covers",1.0,1832
"SPE001426","TOP005022","SPE001680-TOP005022-covers","covers",1.0,1832
"SPE001426","SPE001691","SPE001691-delivered","delivered",1.0,1843
"SPE001426","TOP005051","SPE001691-TOP005051-covers","covers",1.0,1843
"SPE001426","TOP005052","SPE001691-TOP005052-covers","covers",1.0,1843
"SPE001426","TOP005053","SPE001691-TOP005053-covers","covers",1.0,1843
"SPE001426","SPE001694","SPE001694-delivered","delivered",1.0,1846
"SPE001426","TOP005060","SPE001694-TOP005060-covers","covers",1.0,1846
"SPE001426","TOP005061","SPE001694-TOP005061-covers","covers",1.0,1846
"SPE001426","TOP005062","SPE001694-TOP005062-covers","covers",1.0,1846
"SPE001426","SPE001661","SPE001661-delivered","delivered",1.0,1849
"SPE001426","TOP005069","SPE001661-TOP005069-covers","covers",1.0,1849
"SPE001426","TOP005070","SPE001661-TOP005070-covers","covers",1.0,1849
"SPE001426","TOP005071","SPE001661-TOP005071-covers","covers",1.0,1849
"SPE001426","TOP005072","SPE001598-TOP005072-covers","covers",1.0,1850
"SPE001426","TOP005073","SPE001598-TOP005073-covers","covers",1.0,1850
"SPE001426","TOP005074","SPE001598-TOP005074-covers","covers",1.0,1850
"SPE001426","SPE001708","SPE001708-delivered","delivered",1.0,1862
"SPE001426","TOP005106","SPE001708-TOP005106-covers","covers",1.0,1862
"SPE001426","TOP005107","SPE001708-TOP005107-covers","covers",1.0,1862
"SPE001426","TOP005108","SPE001708-TOP005108-covers","covers",1.0,1862
"SPE001426","SPE001710","SPE001710-delivered","delivered",1.0,1864
"SPE001426","TOP005112","SPE001710-TOP005112-covers","covers",1.0,1864
"SPE001426","TOP005113","SPE001710-TOP005113-covers","covers",1.0,1864
"SPE001426","TOP005114","SPE001710-TOP005114-covers","covers",1.0,1864
"SPE001426","SPE001711","SPE001711-delivered","delivered",1.0,1865
"SPE001426","TOP005115","SPE001711-TOP005115-covers","covers",1.0,1865
"SPE001426","TOP005116","SPE001711-TOP005116-covers","covers",1.0,1865
"SPE001426","TOP000140","SPE001711-TOP000140-covers","covers",1.0,1865
"SPE001426","SPE001713","SPE001713-delivered","delivered",1.0,1867
"SPE001426","TOP005119","SPE001713-TOP005119-covers","covers",1.0,1867
"SPE001426","TOP005120","SPE001713-TOP005120-covers","covers",1.0,1867
"SPE001426","TOP005121","SPE001713-TOP005121-covers","covers",1.0,1867
"SPE001426","SPE001720","SPE001720-delivered","delivered",1.0,1874
"SPE001426","TOP005140","SPE001720-TOP005140-covers","covers",1.0,1874
"SPE001426","TOP005141","SPE001720-TOP005141-covers","covers",1.0,1874
"SPE001426","TOP005142","SPE001720-TOP005142-covers","covers",1.0,1874
"SPE001426","SPE001726","SPE001726-delivered","delivered",1.0,1880
"SPE001426","TOP005158","SPE001726-TOP005158-covers","covers",1.0,1880
"SPE001426","TOP005159","SPE001726-TOP005159-covers","covers",1.0,1880
"SPE001426","TOP005160","SPE001726-TOP005160-covers","covers",1.0,1880
"SPE001426","SPE001727","SPE001727-delivered","delivered",1.0,1881
"SPE001426","TOP005161","SPE001727-TOP005161-covers","covers",1.0,1881
"SPE001426","TOP005162","SPE001727-TOP005162-covers","covers",1.0,1881
"SPE001426","TOP005162","SPE001735-TOP005162-covers","covers",1.0,1889
"SPE001426","TOP005163","SPE001727-TOP005163-covers","covers",1.0,1881
"SPE001426","SPE001733","SPE001733-delivered","delivered",1.0,1887
"SPE001426","TOP005179","SPE001733-TOP005179-covers","covers",1.0,1887
"SPE001426","TOP005180","SPE001733-TOP005180-covers","covers",1.0,1887
"SPE001426","TOP005181","SPE001733-TOP005181-covers","covers",1.0,1887
"SPE001426","SPE001735","SPE001735-delivered","delivered",1.0,1889
"SPE001426","TOP005185","SPE001735-TOP005185-covers","covers",1.0,1889
"SPE001426","TOP005186","SPE001735-TOP005186-covers","covers",1.0,1889
"SPE001426","TOP005186","SPE001746-TOP005186-covers","covers",1.0,1900
"SPE001426","SPE001739","SPE001739-delivered","delivered",1.0,1893
"SPE001426","TOP005195","SPE001739-TOP005195-covers","covers",1.0,1893
"SPE001426","TOP005196","SPE001739-TOP005196-covers","covers",1.0,1893
"SPE001426","TOP005197","SPE001739-TOP005197-covers","covers",1.0,1893
"SPE001426","SPE001746","SPE001746-delivered","delivered",1.0,1900
"SPE001426","TOP005216","SPE001746-TOP005216-covers","covers",1.0,1900
"SPE001426","TOP005217","SPE001746-TOP005217-covers","covers",1.0,1900
"SPE001426","SPE001748","SPE001748-delivered","delivered",1.0,1902
"SPE001426","TOP005221","SPE001748-TOP005221-covers","covers",1.0,1902
"SPE001426","TOP005222","SPE001748-TOP005222-covers","covers",1.0,1902
"SPE001426","TOP005223","SPE001748-TOP005223-covers","covers",1.0,1902
"SPE001426","SPE001749","SPE001749-delivered","delivered",1.0,1903
"SPE001426","TOP005224","SPE001749-TOP005224-covers","covers",1.0,1903
"SPE001426","TOP005225","SPE001749-TOP005225-covers","covers",1.0,1903
"SPE001426","SPE001752","SPE001752-delivered","delivered",1.0,1906
"SPE001426","TOP005232","SPE001752-TOP005232-covers","covers",1.0,1906
"SPE001426","TOP005233","SPE001752-TOP005233-covers","covers",1.0,1906
"SPE001426","TOP005234","SPE001752-TOP005234-covers","covers",1.0,1906
"SPE001426","SPE001756","SPE001756-delivered","delivered",1.0,1910
"SPE001426","TOP005244","SPE001756-TOP005244-covers","covers",1.0,1910
"SPE001426","TOP005245","SPE001756-TOP005245-covers","covers",1.0,1910
"SPE001426","TOP005246","SPE001756-TOP005246-covers","covers",1.0,1910
"SPE001426","SPE001757","SPE001757-delivered","delivered",1.0,1911
"SPE001426","TOP005247","SPE001757-TOP005247-covers","covers",1.0,1911
"SPE001426","TOP005248","SPE001757-TOP005248-covers","covers",1.0,1911
"SPE001426","TOP005249","SPE001757-TOP005249-covers","covers",1.0,1911
"SPE001426","SPE001761","SPE001761-delivered","delivered",1.0,1915
"SPE001426","TOP004214","SPE001761-TOP004214-covers","covers",1.0,1915
"SPE001426","TOP005259","SPE001761-TOP005259-covers","covers",1.0,1915
"SPE001426","TOP005260","SPE001761-TOP005260-covers","covers",1.0,1915
"SPE001426","SPE001762","SPE001762-delivered","delivered",1.0,1916
"SPE001426","TOP005261","SPE001762-TOP005261-covers","covers",1.0,1916
"SPE001426","TOP005262","SPE001762-TOP005262-covers","covers",1.0,1916
"SPE001426","TOP005263","SPE001762-TOP005263-covers","covers",1.0,1916
"SPE001426","TOP005264","SPE001477-TOP005264-covers","covers",1.0,1917
"SPE001426","TOP005265","SPE001477-TOP005265-covers","covers",1.0,1917
"SPE001426","TOP005266","SPE001477-TOP005266-covers","covers",1.0,1917
"SPE001426","SPE001764","SPE001764-delivered","delivered",1.0,1919
"SPE001426","TOP005270","SPE001764-TOP005270-covers","covers",1.0,1919
"SPE001426","TOP005271","SPE001764-TOP005271-covers","covers",1.0,1919
"SPE001426","TOP005272","SPE001764-TOP005272-covers","covers",1.0,1919
"SPE001426","SPE001767","SPE001767-delivered","delivered",1.0,1922
"SPE001426","TOP005279","SPE001767-TOP005279-covers","covers",1.0,1922
"SPE001426","TOP005280","SPE001767-TOP005280-covers","covers",1.0,1922
"SPE001426","TOP005281","SPE001767-TOP005281-covers","covers",1.0,1922
"SPE001426","TOP005296","SPE001598-TOP005296-covers","covers",1.0,1928
"SPE001426","TOP005297","SPE001598-TOP005297-covers","covers",1.0,2046
"SPE001426","TOP005298","SPE001598-TOP005298-covers","covers",1.0,2046
"SPE001426","SPE001773","SPE001773-delivered","delivered",1.0,1929
"SPE001426","TOP005299","SPE001773-TOP005299-covers","covers",1.0,1929
"SPE001426","TOP005300","SPE001773-TOP005300-covers","covers",1.0,1929
"SPE001426","TOP005301","SPE001773-TOP005301-covers","covers",1.0,1929
"SPE001426","SPE001775","SPE001775-delivered","delivered",1.0,1931
"SPE001426","TOP005305","SPE001775-TOP005305-covers","covers",1.0,1931
"SPE001426","TOP005306","SPE001775-TOP005306-covers","covers",1.0,1931
"SPE001426","TOP005307","SPE001775-TOP005307-covers","covers",1.0,1931
"SPE001426","SPE001776","SPE001776-delivered","delivered",1.0,1932
"SPE001426","TOP005308","SPE001776-TOP005308-covers","covers",1.0,1932
"SPE001426","TOP005309","SPE001776-TOP005309-covers","covers",1.0,1932
"SPE001426","TOP005310","SPE001776-TOP005310-covers","covers",1.0,1932
"SPE001426","SPE001777","SPE001777-delivered","delivered",1.0,1933
"SPE001426","TOP005311","SPE001777-TOP005311-covers","covers",1.0,1933
"SPE001426","TOP005312","SPE001777-TOP005312-covers","covers",1.0,1933
"SPE001426","TOP005313","SPE001777-TOP005313-covers","covers",1.0,1933
"SPE001426","SPE001778","SPE001778-delivered","delivered",1.0,1934
"SPE001426","TOP005314","SPE001778-TOP005314-covers","covers",1.0,1934
"SPE001426","TOP005315","SPE001778-TOP005315-covers","covers",1.0,1934
"SPE001426","TOP005316","SPE001778-TOP005316-covers","covers",1.0,1934
"SPE001426","SPE001779","SPE001779-delivered","delivered",1.0,1935
"SPE001426","TOP005317","SPE001779-TOP005317-covers","covers",1.0,1935
"SPE001426","TOP005318","SPE001779-TOP005318-covers","covers",1.0,1935
"SPE001426","TOP005319","SPE001779-TOP005319-covers","covers",1.0,1935
"SPE001426","SPE001781","SPE001781-delivered","delivered",1.0,2332
"SPE001426","TOP005322","SPE001781-TOP005322-covers","covers",1.0,1937
"SPE001426","TOP005323","SPE001781-TOP005323-covers","covers",1.0,1937
"SPE001426","TOP005324","SPE001781-TOP005324-covers","covers",1.0,1937
"SPE001426","SPE001784","SPE001784-delivered","delivered",1.0,1940
"SPE001426","TOP005331","SPE001784-TOP005331-covers","covers",1.0,1940
"SPE001426","TOP005332","SPE001784-TOP005332-covers","covers",1.0,1940
"SPE001426","TOP005333","SPE001784-TOP005333-covers","covers",1.0,1940
"SPE001426","TOP005334","SPE001598-TOP005334-covers","covers",1.0,1941
"SPE001426","TOP005335","SPE001598-TOP005335-covers","covers",1.0,1941
"SPE001426","TOP005336","SPE001598-TOP005336-covers","covers",1.0,1941
"SPE001426","SPE001787","SPE001787-delivered","delivered",1.0,1944
"SPE001426","TOP005343","SPE001787-TOP005343-covers","covers",1.0,1944
"SPE001426","TOP005344","SPE001787-TOP005344-covers","covers",1.0,1944
"SPE001426","TOP005345","SPE001787-TOP005345-covers","covers",1.0,1944
"SPE001426","SPE001790","SPE001790-delivered","delivered",1.0,1947
"SPE001426","TOP005352","SPE001790-TOP005352-covers","covers",1.0,1947
"SPE001426","TOP005353","SPE001790-TOP005353-covers","covers",1.0,1947
"SPE001426","TOP005354","SPE001790-TOP005354-covers","covers",1.0,1947
"SPE001426","SPE001792","SPE001792-delivered","delivered",1.0,1949
"SPE001426","TOP005356","SPE001792-TOP005356-covers","covers",1.0,1949
"SPE001426","TOP005357","SPE001792-TOP005357-covers","covers",1.0,1949
"SPE001426","TOP005358","SPE001792-TOP005358-covers","covers",1.0,1949
"SPE001426","SPE001797","SPE001797-delivered","delivered",1.0,1954
"SPE001426","TOP005371","SPE001797-TOP005371-covers","covers",1.0,1954
"SPE001426","TOP005372","SPE001797-TOP005372-covers","covers",1.0,1954
"SPE001426","TOP005373","SPE001797-TOP005373-covers","covers",1.0,1954
"SPE001426","SPE001798","SPE001798-delivered","delivered",1.0,1955
"SPE001426","TOP005374","SPE001798-TOP005374-covers","covers",1.0,1955
"SPE001426","TOP005375","SPE001798-TOP005375-covers","covers",1.0,1955
"SPE001426","TOP005376","SPE001798-TOP005376-covers","covers",1.0,1955
"SPE001426","SPE001800","SPE001800-delivered","delivered",1.0,1957
"SPE001426","TOP005380","SPE001800-TOP005380-covers","covers",1.0,1957
"SPE001426","TOP005381","SPE001800-TOP005381-covers","covers",1.0,1957
"SPE001426","TOP005382","SPE001800-TOP005382-covers","covers",1.0,1957
"SPE001426","SPE001804","SPE001804-delivered","delivered",1.0,1961
"SPE001426","TOP005392","SPE001804-TOP005392-covers","covers",1.0,1961
"SPE001426","TOP005393","SPE001804-TOP005393-covers","covers",1.0,1961
"SPE001426","TOP005394","SPE001804-TOP005394-covers","covers",1.0,1961
"SPE001426","SPE001810","SPE001810-delivered","delivered",1.0,1967
"SPE001426","TOP005409","SPE001810-TOP005409-covers","covers",1.0,1967
"SPE001426","TOP005410","SPE001810-TOP005410-covers","covers",1.0,1967
"SPE001426","TOP005411","SPE001810-TOP005411-covers","covers",1.0,1967
"SPE001426","SPE001812","SPE001812-delivered","delivered",1.0,1969
"SPE001426","TOP005415","SPE001812-TOP005415-covers","covers",1.0,1969
"SPE001426","TOP001822","SPE001812-TOP001822-covers","covers",1.0,1969
"SPE001426","TOP000299","SPE001812-TOP000299-covers","covers",1.0,1969
"SPE001426","SPE001817","SPE001817-delivered","delivered",1.0,1974
"SPE001426","TOP005428","SPE001817-TOP005428-covers","covers",1.0,1974
"SPE001426","TOP005429","SPE001817-TOP005429-covers","covers",1.0,1974
"SPE001426","TOP005430","SPE001817-TOP005430-covers","covers",1.0,1974
"SPE001426","SPE001818","SPE001818-delivered","delivered",1.0,1975
"SPE001426","TOP005431","SPE001818-TOP005431-covers","covers",1.0,1975
"SPE001426","TOP005432","SPE001818-TOP005432-covers","covers",1.0,1975
"SPE001426","TOP005433","SPE001818-TOP005433-covers","covers",1.0,1975
"SPE001426","SPE001819","SPE001819-delivered","delivered",1.0,1976
"SPE001426","TOP005434","SPE001819-TOP005434-covers","covers",1.0,1976
"SPE001426","TOP005435","SPE001819-TOP005435-covers","covers",1.0,1976
"SPE001426","TOP005436","SPE001819-TOP005436-covers","covers",1.0,1976
"SPE001426","SPE001821","SPE001821-delivered","delivered",1.0,1978
"SPE001426","TOP005440","SPE001821-TOP005440-covers","covers",1.0,1978
"SPE001426","TOP005441","SPE001821-TOP005441-covers","covers",1.0,1978
"SPE001426","TOP005442","SPE001821-TOP005442-covers","covers",1.0,1978
"SPE001426","TOP005449","SPE001598-TOP005449-covers","covers",1.0,1981
"SPE001426","TOP005450","SPE001598-TOP005450-covers","covers",1.0,1981
"SPE001426","TOP005451","SPE001598-TOP005451-covers","covers",1.0,1981
"SPE001426","SPE001831","SPE001831-delivered","delivered",1.0,1989
"SPE001426","TOP005469","SPE001831-TOP005469-covers","covers",1.0,1989
"SPE001426","TOP005470","SPE001831-TOP005470-covers","covers",1.0,1989
"SPE001426","TOP005471","SPE001831-TOP005471-covers","covers",1.0,1989
"SPE001426","SPE001836","SPE001836-delivered","delivered",1.0,1994
"SPE001426","TOP005484","SPE001836-TOP005484-covers","covers",1.0,1994
"SPE001426","TOP005485","SPE001836-TOP005485-covers","covers",1.0,1994
"SPE001426","TOP005486","SPE001836-TOP005486-covers","covers",1.0,1994
"SPE001426","SPE001838","SPE001838-delivered","delivered",1.0,1996
"SPE001426","TOP005489","SPE001838-TOP005489-covers","covers",1.0,1996
"SPE001426","TOP005490","SPE001838-TOP005490-covers","covers",1.0,1996
"SPE001426","TOP005491","SPE001838-TOP005491-covers","covers",1.0,1996
"SPE001426","SPE001839","SPE001839-delivered","delivered",1.0,1997
"SPE001426","TOP005492","SPE001839-TOP005492-covers","covers",1.0,1997
"SPE001426","TOP005493","SPE001839-TOP005493-covers","covers",1.0,1997
"SPE001426","TOP005494","SPE001839-TOP005494-covers","covers",1.0,1997
"SPE001426","SPE001841","SPE001841-delivered","delivered",1.0,1999
"SPE001426","TOP005498","SPE001841-TOP005498-covers","covers",1.0,1999
"SPE001426","TOP005499","SPE001841-TOP005499-covers","covers",1.0,1999
"SPE001426","TOP005500","SPE001841-TOP005500-covers","covers",1.0,1999
"SPE001426","TOP005504","SPE001598-TOP005504-covers","covers",1.0,2001
"SPE001426","TOP005505","SPE001598-TOP005505-covers","covers",1.0,2001
"SPE001426","TOP005506","SPE001598-TOP005506-covers","covers",1.0,2001
"SPE001426","SPE001845","SPE001845-delivered","delivered",1.0,2004
"SPE001426","TOP005513","SPE001845-TOP005513-covers","covers",1.0,2004
"SPE001426","TOP005514","SPE001845-TOP005514-covers","covers",1.0,2004
"SPE001426","TOP005515","SPE001845-TOP005515-covers","covers",1.0,2004
"SPE001426","SPE001855","SPE001855-delivered","delivered",1.0,2014
"SPE001426","TOP005542","SPE001855-TOP005542-covers","covers",1.0,2014
"SPE001426","TOP005543","SPE001855-TOP005543-covers","covers",1.0,2014
"SPE001426","SPE001678","SPE001678-delivered","delivered",1.0,2015
"SPE001426","TOP005544","SPE001678-TOP005544-covers","covers",1.0,2015
"SPE001426","TOP005545","SPE001678-TOP005545-covers","covers",1.0,2015
"SPE001426","TOP005546","SPE001678-TOP005546-covers","covers",1.0,2015
"SPE001426","SPE001856","SPE001856-delivered","delivered",1.0,2016
"SPE001426","TOP005547","SPE001856-TOP005547-covers","covers",1.0,2016
"SPE001426","TOP005548","SPE001856-TOP005548-covers","covers",1.0,2016
"SPE001426","TOP005549","SPE001856-TOP005549-covers","covers",1.0,2016
"SPE001426","SPE001859","SPE001859-delivered","delivered",1.0,2019
"SPE001426","TOP005555","SPE001859-TOP005555-covers","covers",1.0,2019
"SPE001426","TOP005556","SPE001859-TOP005556-covers","covers",1.0,2019
"SPE001426","TOP005557","SPE001859-TOP005557-covers","covers",1.0,2019
"SPE001426","TOP005557","SPE001867-TOP005557-covers","covers",1.0,2027
"SPE001426","SPE001863","SPE001863-delivered","delivered",1.0,2023
"SPE001426","TOP005565","SPE001863-TOP005565-covers","covers",1.0,2023
"SPE001426","TOP005566","SPE001863-TOP005566-covers","covers",1.0,2023
"SPE001426","SPE001864","SPE001864-delivered","delivered",1.0,2024
"SPE001426","TOP005567","SPE001864-TOP005567-covers","covers",1.0,2024
"SPE001426","TOP005568","SPE001864-TOP005568-covers","covers",1.0,2024
"SPE001426","TOP001084","SPE001864-TOP001084-covers","covers",1.0,2024
"SPE001426","TOP001084","SPE001936-TOP001084-covers","covers",1.0,2098
"SPE001426","SPE001866","SPE001866-delivered","delivered",1.0,2026
"SPE001426","TOP005571","SPE001866-TOP005571-covers","covers",1.0,2026
"SPE001426","TOP005572","SPE001866-TOP005572-covers","covers",1.0,2026
"SPE001426","TOP005573","SPE001866-TOP005573-covers","covers",1.0,2026
"SPE001426","SPE001867","SPE001867-delivered","delivered",1.0,2027
"SPE001426","TOP005574","SPE001867-TOP005574-covers","covers",1.0,2027
"SPE001426","TOP005575","SPE001867-TOP005575-covers","covers",1.0,2027
"SPE001426","SPE001869","SPE001869-delivered","delivered",1.0,2029
"SPE001426","TOP005579","SPE001869-TOP005579-covers","covers",1.0,2029
"SPE001426","TOP005580","SPE001869-TOP005580-covers","covers",1.0,2029
"SPE001426","TOP005581","SPE001869-TOP005581-covers","covers",1.0,2029
"SPE001426","SPE001872","SPE001872-delivered","delivered",1.0,2032
"SPE001426","TOP005587","SPE001872-TOP005587-covers","covers",1.0,2032
"SPE001426","TOP005588","SPE001872-TOP005588-covers","covers",1.0,2032
"SPE001426","TOP005589","SPE001872-TOP005589-covers","covers",1.0,2032
"SPE001426","SPE001875","SPE001875-delivered","delivered",1.0,2035
"SPE001426","TOP005596","SPE001875-TOP005596-covers","covers",1.0,2035
"SPE001426","TOP005597","SPE001875-TOP005597-covers","covers",1.0,2035
"SPE001426","TOP005598","SPE001875-TOP005598-covers","covers",1.0,2035
"SPE001426","SPE001877","SPE001877-delivered","delivered",1.0,2037
"SPE001426","TOP005602","SPE001877-TOP005602-covers","covers",1.0,2037
"SPE001426","TOP005603","SPE001877-TOP005603-covers","covers",1.0,2037
"SPE001426","TOP004002","SPE001877-TOP004002-covers","covers",1.0,2037
"SPE001426","SPE001880","SPE001880-delivered","delivered",1.0,2040
"SPE001426","TOP005608","SPE001880-TOP005608-covers","covers",1.0,2040
"SPE001426","TOP004809","SPE001880-TOP004809-covers","covers",1.0,2040
"SPE001426","SPE001884","SPE001884-delivered","delivered",1.0,2044
"SPE001426","TOP005618","SPE001884-TOP005618-covers","covers",1.0,2044
"SPE001426","TOP005618","SPE001983-TOP005618-covers","covers",1.0,2148
"SPE001426","TOP005619","SPE001884-TOP005619-covers","covers",1.0,2044
"SPE001426","TOP005231","SPE001884-TOP005231-covers","covers",1.0,2044
"SPE001426","TOP005231","SPE002168-TOP005231-covers","covers",1.0,2341
"SPE001426","TOP005623","SPE001598-TOP005623-covers","covers",1.0,2046
"SPE001426","SPE001890","SPE001890-delivered","delivered",1.0,2051
"SPE001426","TOP005635","SPE001890-TOP005635-covers","covers",1.0,2051
"SPE001426","TOP005636","SPE001890-TOP005636-covers","covers",1.0,2051
"SPE001426","TOP005637","SPE001890-TOP005637-covers","covers",1.0,2051
"SPE001426","SPE001892","SPE001892-delivered","delivered",1.0,2053
"SPE001426","TOP005641","SPE001892-TOP005641-covers","covers",1.0,2053
"SPE001426","TOP005642","SPE001892-TOP005642-covers","covers",1.0,2053
"SPE001426","TOP005643","SPE001892-TOP005643-covers","covers",1.0,2053
"SPE001426","SPE001894","SPE001894-delivered","delivered",1.0,2055
"SPE001426","TOP005647","SPE001894-TOP005647-covers","covers",1.0,2055
"SPE001426","TOP005648","SPE001894-TOP005648-covers","covers",1.0,2055
"SPE001426","TOP005649","SPE001894-TOP005649-covers","covers",1.0,2055
"SPE001426","SPE001896","SPE001896-delivered","delivered",1.0,2057
"SPE001426","TOP005653","SPE001896-TOP005653-covers","covers",1.0,2057
"SPE001426","TOP005654","SPE001896-TOP005654-covers","covers",1.0,2057
"SPE001426","TOP005655","SPE001896-TOP005655-covers","covers",1.0,2057
"SPE001426","SPE001897","SPE001897-delivered","delivered",1.0,2058
"SPE001426","TOP005656","SPE001897-TOP005656-covers","covers",1.0,2058
"SPE001426","TOP005657","SPE001897-TOP005657-covers","covers",1.0,2058
"SPE001426","SPE001899","SPE001899-delivered","delivered",1.0,2060
"SPE001426","TOP005660","SPE001899-TOP005660-covers","covers",1.0,2060
"SPE001426","TOP005661","SPE001899-TOP005661-covers","covers",1.0,2060
"SPE001426","TOP005662","SPE001899-TOP005662-covers","covers",1.0,2060
"SPE001426","SPE001904","SPE001904-delivered","delivered",1.0,2065
"SPE001426","TOP005675","SPE001904-TOP005675-covers","covers",1.0,2065
"SPE001426","TOP005676","SPE001904-TOP005676-covers","covers",1.0,2065
"SPE001426","TOP002422","SPE001904-TOP002422-covers","covers",1.0,2065
"SPE001426","SPE001908","SPE001908-delivered","delivered",1.0,2069
"SPE001426","TOP005686","SPE001908-TOP005686-covers","covers",1.0,2069
"SPE001426","TOP005687","SPE001908-TOP005687-covers","covers",1.0,2069
"SPE001426","TOP005687","SPE001912-TOP005687-covers","covers",1.0,2073
"SPE001426","TOP005688","SPE001908-TOP005688-covers","covers",1.0,2069
"SPE001426","SPE001909","SPE001909-delivered","delivered",1.0,2070
"SPE001426","TOP005689","SPE001909-TOP005689-covers","covers",1.0,2070
"SPE001426","TOP005690","SPE001909-TOP005690-covers","covers",1.0,2070
"SPE001426","TOP005691","SPE001909-TOP005691-covers","covers",1.0,2070
"SPE001426","SPE001910","SPE001910-delivered","delivered",1.0,2071
"SPE001426","TOP005692","SPE001910-TOP005692-covers","covers",1.0,2071
"SPE001426","TOP005693","SPE001910-TOP005693-covers","covers",1.0,2071
"SPE001426","SPE001912","SPE001912-delivered","delivered",1.0,2073
"SPE001426","TOP005696","SPE001912-TOP005696-covers","covers",1.0,2073
"SPE001426","TOP005697","SPE001912-TOP005697-covers","covers",1.0,2073
"SPE001426","SPE001914","SPE001914-delivered","delivered",1.0,2075
"SPE001426","TOP005701","SPE001914-TOP005701-covers","covers",1.0,2075
"SPE001426","TOP005701","SPE001598-TOP005701-covers","covers",1.0,2076
"SPE001426","TOP005702","SPE001914-TOP005702-covers","covers",1.0,2075
"SPE001426","TOP005659","SPE001914-TOP005659-covers","covers",1.0,2075
"SPE001426","TOP005659","SPE001598-TOP005659-covers","covers",1.0,2076
"SPE001426","TOP002005","SPE001598-TOP002005-covers","covers",1.0,2076
"SPE001426","SPE001918","SPE001918-delivered","delivered",1.0,2080
"SPE001426","TOP005711","SPE001918-TOP005711-covers","covers",1.0,2080
"SPE001426","TOP005712","SPE001918-TOP005712-covers","covers",1.0,2080
"SPE001426","TOP005713","SPE001918-TOP005713-covers","covers",1.0,2080
"SPE001426","SPE001919","SPE001919-delivered","delivered",1.0,2113
"SPE001426","TOP005714","SPE001919-TOP005714-covers","covers",1.0,2081
"SPE001426","TOP005715","SPE001919-TOP005715-covers","covers",1.0,2081
"SPE001426","TOP005716","SPE001919-TOP005716-covers","covers",1.0,2081
"SPE001426","SPE001922","SPE001922-delivered","delivered",1.0,2084
"SPE001426","TOP005722","SPE001922-TOP005722-covers","covers",1.0,2084
"SPE001426","TOP005723","SPE001922-TOP005723-covers","covers",1.0,2084
"SPE001426","SPE001927","SPE001927-delivered","delivered",1.0,2089
"SPE001426","TOP005736","SPE001927-TOP005736-covers","covers",1.0,2089
"SPE001426","TOP005737","SPE001927-TOP005737-covers","covers",1.0,2089
"SPE001426","TOP005738","SPE001927-TOP005738-covers","covers",1.0,2089
"SPE001426","SPE001929","SPE001929-delivered","delivered",1.0,2091
"SPE001426","TOP005742","SPE001929-TOP005742-covers","covers",1.0,2091
"SPE001426","TOP005743","SPE001929-TOP005743-covers","covers",1.0,2091
"SPE001426","TOP005744","SPE001929-TOP005744-covers","covers",1.0,2091
"SPE001426","SPE001936","SPE001936-delivered","delivered",1.0,2098
"SPE001426","TOP005762","SPE001936-TOP005762-covers","covers",1.0,2098
"SPE001426","TOP003161","SPE001936-TOP003161-covers","covers",1.0,2098
"SPE001426","SPE001940","SPE001940-delivered","delivered",1.0,2102
"SPE001426","TOP005772","SPE001940-TOP005772-covers","covers",1.0,2102
"SPE001426","TOP005773","SPE001940-TOP005773-covers","covers",1.0,2102
"SPE001426","TOP005774","SPE001940-TOP005774-covers","covers",1.0,2102
"SPE001426","SPE001942","SPE001942-delivered","delivered",1.0,2104
"SPE001426","TOP005778","SPE001942-TOP005778-covers","covers",1.0,2104
"SPE001426","TOP005779","SPE001942-TOP005779-covers","covers",1.0,2104
"SPE001426","TOP005780","SPE001942-TOP005780-covers","covers",1.0,2104
"SPE001426","TOP005790","SPE001598-TOP005790-covers","covers",1.0,2108
"SPE001426","TOP005791","SPE001598-TOP005791-covers","covers",1.0,2108
"SPE001426","TOP005792","SPE001598-TOP005792-covers","covers",1.0,2108
"SPE001426","SPE001947","SPE001947-delivered","delivered",1.0,2110
"SPE001426","TOP005796","SPE001947-TOP005796-covers","covers",1.0,2110
"SPE001426","TOP005797","SPE001947-TOP005797-covers","covers",1.0,2110
"SPE001426","TOP005798","SPE001947-TOP005798-covers","covers",1.0,2110
"SPE001426","TOP005798","SPE002202-TOP005798-covers","covers",1.0,2376
"SPE001426","TOP005805","SPE001919-TOP005805-covers","covers",1.0,2113
"SPE001426","TOP005806","SPE001919-TOP005806-covers","covers",1.0,2113
"SPE001426","TOP005806","SPE001950-TOP005806-covers","covers",1.0,2114
"SPE001426","TOP005807","SPE001919-TOP005807-covers","covers",1.0,2113
"SPE001426","SPE001950","SPE001950-delivered","delivered",1.0,2114
"SPE001426","TOP005808","SPE001950-TOP005808-covers","covers",1.0,2114
"SPE001426","TOP005809","SPE001950-TOP005809-covers","covers",1.0,2114
"SPE001426","SPE001951","SPE001951-delivered","delivered",1.0,2115
"SPE001426","TOP005810","SPE001951-TOP005810-covers","covers",1.0,2115
"SPE001426","TOP005811","SPE001951-TOP005811-covers","covers",1.0,2115
"SPE001426","TOP005812","SPE001951-TOP005812-covers","covers",1.0,2115
"SPE001426","SPE001955","SPE001955-delivered","delivered",1.0,2119
"SPE001426","TOP005821","SPE001955-TOP005821-covers","covers",1.0,2119
"SPE001426","TOP000229","SPE001955-TOP000229-covers","covers",1.0,2119
"SPE001426","TOP005822","SPE001955-TOP005822-covers","covers",1.0,2119
"SPE001426","SPE001956","SPE001956-delivered","delivered",1.0,2120
"SPE001426","TOP005823","SPE001956-TOP005823-covers","covers",1.0,2120
"SPE001426","TOP005824","SPE001956-TOP005824-covers","covers",1.0,2120
"SPE001426","TOP005825","SPE001956-TOP005825-covers","covers",1.0,2120
"SPE001426","SPE001959","SPE001959-delivered","delivered",1.0,2123
"SPE001426","TOP005832","SPE001959-TOP005832-covers","covers",1.0,2123
"SPE001426","TOP005833","SPE001959-TOP005833-covers","covers",1.0,2123
"SPE001426","TOP005834","SPE001959-TOP005834-covers","covers",1.0,2123
"SPE001426","TOP005838","SPE001598-TOP005838-covers","covers",1.0,2125
"SPE001426","TOP005839","SPE001598-TOP005839-covers","covers",1.0,2125
"SPE001426","TOP005840","SPE001598-TOP005840-covers","covers",1.0,2125
"SPE001426","SPE001963","SPE001963-delivered","delivered",1.0,2128
"SPE001426","TOP005847","SPE001963-TOP005847-covers","covers",1.0,2128
"SPE001426","TOP005848","SPE001963-TOP005848-covers","covers",1.0,2128
"SPE001426","TOP005849","SPE001963-TOP005849-covers","covers",1.0,2128
"SPE001426","SPE001966","SPE001966-delivered","delivered",1.0,2131
"SPE001426","TOP003027","SPE001966-TOP003027-covers","covers",1.0,2131
"SPE001426","TOP001821","SPE001966-TOP001821-covers","covers",1.0,2131
"SPE001426","TOP005856","SPE001966-TOP005856-covers","covers",1.0,2131
"SPE001426","SPE001968","SPE001968-delivered","delivered",1.0,2133
"SPE001426","TOP005860","SPE001968-TOP005860-covers","covers",1.0,2133
"SPE001426","TOP005861","SPE001968-TOP005861-covers","covers",1.0,2133
"SPE001426","TOP005862","SPE001968-TOP005862-covers","covers",1.0,2133
"SPE001426","SPE001970","SPE001970-delivered","delivered",1.0,2135
"SPE001426","TOP005866","SPE001970-TOP005866-covers","covers",1.0,2135
"SPE001426","TOP005867","SPE001970-TOP005867-covers","covers",1.0,2135
"SPE001426","TOP005868","SPE001970-TOP005868-covers","covers",1.0,2135
"SPE001426","SPE001978","SPE001978-delivered","delivered",1.0,2143
"SPE001426","TOP005889","SPE001978-TOP005889-covers","covers",1.0,2143
"SPE001426","TOP005890","SPE001978-TOP005890-covers","covers",1.0,2143
"SPE001426","TOP005891","SPE001978-TOP005891-covers","covers",1.0,2143
"SPE001426","SPE001980","SPE001980-delivered","delivered",1.0,2145
"SPE001426","TOP005895","SPE001980-TOP005895-covers","covers",1.0,2145
"SPE001426","TOP005466","SPE001980-TOP005466-covers","covers",1.0,2145
"SPE001426","TOP005896","SPE001980-TOP005896-covers","covers",1.0,2145
"SPE001426","SPE001983","SPE001983-delivered","delivered",1.0,2148
"SPE001426","TOP005901","SPE001983-TOP005901-covers","covers",1.0,2148
"SPE001426","TOP005902","SPE001983-TOP005902-covers","covers",1.0,2148
"SPE001426","TOP005906","SPE001598-TOP005906-covers","covers",1.0,2150
"SPE001426","TOP005906","SPE002014-TOP005906-covers","covers",1.0,2180
"SPE001426","TOP005907","SPE001598-TOP005907-covers","covers",1.0,2150
"SPE001426","TOP005908","SPE001598-TOP005908-covers","covers",1.0,2150
"SPE001426","SPE001985","SPE001985-delivered","delivered",1.0,2151
"SPE001426","TOP005909","SPE001985-TOP005909-covers","covers",1.0,2151
"SPE001426","TOP005910","SPE001985-TOP005910-covers","covers",1.0,2151
"SPE001426","TOP001897","SPE001985-TOP001897-covers","covers",1.0,2151
"SPE001426","SPE001986","SPE001986-delivered","delivered",1.0,2152
"SPE001426","TOP005911","SPE001986-TOP005911-covers","covers",1.0,2152
"SPE001426","TOP005912","SPE001986-TOP005912-covers","covers",1.0,2152
"SPE001426","TOP005913","SPE001986-TOP005913-covers","covers",1.0,2152
"SPE001426","SPE001989","SPE001989-delivered","delivered",1.0,2155
"SPE001426","TOP005920","SPE001989-TOP005920-covers","covers",1.0,2155
"SPE001426","TOP005921","SPE001989-TOP005921-covers","covers",1.0,2155
"SPE001426","TOP005922","SPE001989-TOP005922-covers","covers",1.0,2155
"SPE001426","SPE001992","SPE001992-delivered","delivered",1.0,2158
"SPE001426","TOP005928","SPE001992-TOP005928-covers","covers",1.0,2158
"SPE001426","TOP005929","SPE001992-TOP005929-covers","covers",1.0,2158
"SPE001426","TOP005930","SPE001992-TOP005930-covers","covers",1.0,2158
"SPE001426","SPE001993","SPE001993-delivered","delivered",1.0,2159
"SPE001426","TOP005931","SPE001993-TOP005931-covers","covers",1.0,2159
"SPE001426","TOP005932","SPE001993-TOP005932-covers","covers",1.0,2159
"SPE001426","TOP005933","SPE001993-TOP005933-covers","covers",1.0,2159
"SPE001426","SPE001996","SPE001996-delivered","delivered",1.0,2162
"SPE001426","TOP005938","SPE001996-TOP005938-covers","covers",1.0,2162
"SPE001426","TOP005939","SPE001996-TOP005939-covers","covers",1.0,2162
"SPE001426","TOP005940","SPE001996-TOP005940-covers","covers",1.0,2162
"SPE001426","SPE001997","SPE001997-delivered","delivered",1.0,2163
"SPE001426","TOP005941","SPE001997-TOP005941-covers","covers",1.0,2163
"SPE001426","TOP005942","SPE001997-TOP005942-covers","covers",1.0,2163
"SPE001426","TOP005943","SPE001997-TOP005943-covers","covers",1.0,2163
"SPE001426","SPE002005","SPE002005-delivered","delivered",1.0,2171
"SPE001426","TOP005962","SPE002005-TOP005962-covers","covers",1.0,2171
"SPE001426","TOP005963","SPE002005-TOP005963-covers","covers",1.0,2171
"SPE001426","TOP005964","SPE002005-TOP005964-covers","covers",1.0,2171
"SPE001426","SPE002006","SPE002006-delivered","delivered",1.0,2172
"SPE001426","TOP005965","SPE002006-TOP005965-covers","covers",1.0,2172
"SPE001426","TOP005966","SPE002006-TOP005966-covers","covers",1.0,2172
"SPE001426","TOP005966","SPE002008-TOP005966-covers","covers",1.0,2174
"SPE001426","TOP005967","SPE002006-TOP005967-covers","covers",1.0,2172
"SPE001426","TOP005967","SPE002103-TOP005967-covers","covers",1.0,2270
"SPE001426","SPE002007","SPE002007-delivered","delivered",1.0,2455
"SPE001426","TOP005968","SPE002007-TOP005968-covers","covers",1.0,2173
"SPE001426","TOP005969","SPE002007-TOP005969-covers","covers",1.0,2173
"SPE001426","TOP005970","SPE002007-TOP005970-covers","covers",1.0,2173
"SPE001426","SPE002008","SPE002008-delivered","delivered",1.0,2174
"SPE001426","TOP005971","SPE002008-TOP005971-covers","covers",1.0,2174
"SPE001426","TOP005972","SPE002008-TOP005972-covers","covers",1.0,2174
"SPE001426","SPE002014","SPE002014-delivered","delivered",1.0,2180
"SPE001426","TOP005955","SPE002014-TOP005955-covers","covers",1.0,2180
"SPE001426","TOP000772","SPE002014-TOP000772-covers","covers",1.0,2180
"SPE001426","SPE002017","SPE002017-delivered","delivered",1.0,2184
"SPE001426","TOP005997","SPE002017-TOP005997-covers","covers",1.0,2184
"SPE001426","TOP005998","SPE002017-TOP005998-covers","covers",1.0,2184
"SPE001426","TOP005999","SPE002017-TOP005999-covers","covers",1.0,2184
"SPE001426","SPE002021","SPE002021-delivered","delivered",1.0,2188
"SPE001426","TOP006009","SPE002021-TOP006009-covers","covers",1.0,2188
"SPE001426","TOP006010","SPE002021-TOP006010-covers","covers",1.0,2188
"SPE001426","TOP006011","SPE002021-TOP006011-covers","covers",1.0,2188
"SPE001426","SPE002031","SPE002031-delivered","delivered",1.0,2198
"SPE001426","TOP006037","SPE002031-TOP006037-covers","covers",1.0,2198
"SPE001426","TOP006038","SPE002031-TOP006038-covers","covers",1.0,2198
"SPE001426","TOP006039","SPE002031-TOP006039-covers","covers",1.0,2198
"SPE001426","SPE002034","SPE002034-delivered","delivered",1.0,2201
"SPE001426","TOP006046","SPE002034-TOP006046-covers","covers",1.0,2201
"SPE001426","TOP006047","SPE002034-TOP006047-covers","covers",1.0,2201
"SPE001426","TOP006048","SPE002034-TOP006048-covers","covers",1.0,2201
"SPE001426","SPE002035","SPE002035-delivered","delivered",1.0,2234
"SPE001426","TOP006049","SPE002035-TOP006049-covers","covers",1.0,2202
"SPE001426","TOP006050","SPE002035-TOP006050-covers","covers",1.0,2202
"SPE001426","TOP006051","SPE002035-TOP006051-covers","covers",1.0,2202
"SPE001426","SPE002044","SPE002044-delivered","delivered",1.0,2211
"SPE001426","TOP006075","SPE002044-TOP006075-covers","covers",1.0,2211
"SPE001426","TOP006076","SPE002044-TOP006076-covers","covers",1.0,2211
"SPE001426","TOP006077","SPE002044-TOP006077-covers","covers",1.0,2211
"SPE001426","SPE002051","SPE002051-delivered","delivered",1.0,2218
"SPE001426","TOP006094","SPE002051-TOP006094-covers","covers",1.0,2218
"SPE001426","TOP006095","SPE002051-TOP006095-covers","covers",1.0,2218
"SPE001426","TOP006096","SPE002051-TOP006096-covers","covers",1.0,2218
"SPE001426","SPE002052","SPE002052-delivered","delivered",1.0,2219
"SPE001426","TOP006097","SPE002052-TOP006097-covers","covers",1.0,2219
"SPE001426","TOP006098","SPE002052-TOP006098-covers","covers",1.0,2219
"SPE001426","TOP006099","SPE002052-TOP006099-covers","covers",1.0,2219
"SPE001426","SPE002053","SPE002053-delivered","delivered",1.0,2220
"SPE001426","TOP006100","SPE002053-TOP006100-covers","covers",1.0,2220
"SPE001426","TOP006101","SPE002053-TOP006101-covers","covers",1.0,2220
"SPE001426","TOP006102","SPE002053-TOP006102-covers","covers",1.0,2220
"SPE001426","SPE002060","SPE002060-delivered","delivered",1.0,2227
"SPE001426","TOP006121","SPE002060-TOP006121-covers","covers",1.0,2227
"SPE001426","TOP006122","SPE002060-TOP006122-covers","covers",1.0,2227
"SPE001426","TOP006123","SPE002060-TOP006123-covers","covers",1.0,2227
"SPE001426","SPE002065","SPE002065-delivered","delivered",1.0,2232
"SPE001426","TOP006135","SPE002065-TOP006135-covers","covers",1.0,2232
"SPE001426","TOP006136","SPE002065-TOP006136-covers","covers",1.0,2232
"SPE001426","TOP006137","SPE002065-TOP006137-covers","covers",1.0,2232
"SPE001426","TOP006140","SPE002035-TOP006140-covers","covers",1.0,2234
"SPE001426","TOP006141","SPE002035-TOP006141-covers","covers",1.0,2234
"SPE001426","TOP000548","SPE002035-TOP000548-covers","covers",1.0,2234
"SPE001426","TOP000548","SPE002316-TOP000548-covers","covers",1.0,2494
"SPE001426","SPE002067","SPE002067-delivered","delivered",1.0,2235
"SPE001426","TOP006142","SPE002067-TOP006142-covers","covers",1.0,2235
"SPE001426","TOP006143","SPE002067-TOP006143-covers","covers",1.0,2235
"SPE001426","TOP006144","SPE002067-TOP006144-covers","covers",1.0,2235
"SPE001426","SPE002078","SPE002078-delivered","delivered",1.0,2246
"SPE001426","TOP006174","SPE002078-TOP006174-covers","covers",1.0,2246
"SPE001426","TOP006175","SPE002078-TOP006175-covers","covers",1.0,2246
"SPE001426","TOP006176","SPE002078-TOP006176-covers","covers",1.0,2246
"SPE001426","SPE002087","SPE002087-delivered","delivered",1.0,2255
"SPE001426","TOP006197","SPE002087-TOP006197-covers","covers",1.0,2255
"SPE001426","TOP006198","SPE002087-TOP006198-covers","covers",1.0,2255
"SPE001426","TOP006199","SPE002087-TOP006199-covers","covers",1.0,2255
"SPE001426","SPE002089","SPE002089-delivered","delivered",1.0,2492
"SPE001426","TOP006203","SPE002089-TOP006203-covers","covers",1.0,2257
"SPE001426","TOP006204","SPE002089-TOP006204-covers","covers",1.0,2257
"SPE001426","TOP005670","SPE002089-TOP005670-covers","covers",1.0,2257
"SPE001426","SPE002091","SPE002091-delivered","delivered",1.0,2259
"SPE001426","TOP006208","SPE002091-TOP006208-covers","covers",1.0,2259
"SPE001426","TOP006209","SPE002091-TOP006209-covers","covers",1.0,2259
"SPE001426","TOP006210","SPE002091-TOP006210-covers","covers",1.0,2259
"SPE001426","SPE002094","SPE002094-delivered","delivered",1.0,2262
"SPE001426","TOP006217","SPE002094-TOP006217-covers","covers",1.0,2262
"SPE001426","TOP006218","SPE002094-TOP006218-covers","covers",1.0,2262
"SPE001426","TOP006219","SPE002094-TOP006219-covers","covers",1.0,2262
"SPE001426","SPE002100","SPE002100-delivered","delivered",1.0,2268
"SPE001426","TOP006234","SPE002100-TOP006234-covers","covers",1.0,2268
"SPE001426","TOP006235","SPE002100-TOP006235-covers","covers",1.0,2268
"SPE001426","TOP006236","SPE002100-TOP006236-covers","covers",1.0,2268
"SPE001426","SPE002103","SPE002103-delivered","delivered",1.0,2270
"SPE001426","TOP006240","SPE002103-TOP006240-covers","covers",1.0,2270
"SPE001426","TOP006241","SPE002103-TOP006241-covers","covers",1.0,2270
"SPE001426","SPE002104","SPE002104-delivered","delivered",1.0,2271
"SPE001426","TOP006242","SPE002104-TOP006242-covers","covers",1.0,2271
"SPE001426","TOP006243","SPE002104-TOP006243-covers","covers",1.0,2271
"SPE001426","TOP006244","SPE002104-TOP006244-covers","covers",1.0,2271
"SPE001426","SPE002109","SPE002109-delivered","delivered",1.0,2276
"SPE001426","TOP006257","SPE002109-TOP006257-covers","covers",1.0,2276
"SPE001426","TOP006258","SPE002109-TOP006258-covers","covers",1.0,2276
"SPE001426","TOP006259","SPE002109-TOP006259-covers","covers",1.0,2276
"SPE001426","SPE002110","SPE002110-delivered","delivered",1.0,2277
"SPE001426","TOP006260","SPE002110-TOP006260-covers","covers",1.0,2277
"SPE001426","TOP006261","SPE002110-TOP006261-covers","covers",1.0,2277
"SPE001426","TOP006262","SPE002110-TOP006262-covers","covers",1.0,2277
"SPE001426","SPE002116","SPE002116-delivered","delivered",1.0,2283
"SPE001426","TOP006276","SPE002116-TOP006276-covers","covers",1.0,2283
"SPE001426","TOP006277","SPE002116-TOP006277-covers","covers",1.0,2283
"SPE001426","TOP006278","SPE002116-TOP006278-covers","covers",1.0,2283
"SPE001426","SPE002117","SPE002117-delivered","delivered",1.0,2284
"SPE001426","TOP006279","SPE002117-TOP006279-covers","covers",1.0,2284
"SPE001426","TOP006280","SPE002117-TOP006280-covers","covers",1.0,2284
"SPE001426","TOP006281","SPE002117-TOP006281-covers","covers",1.0,2284
"SPE001426","SPE002120","SPE002120-delivered","delivered",1.0,2288
"SPE001426","TOP006291","SPE002120-TOP006291-covers","covers",1.0,2288
"SPE001426","TOP006292","SPE002120-TOP006292-covers","covers",1.0,2288
"SPE001426","TOP006293","SPE002120-TOP006293-covers","covers",1.0,2288
"SPE001426","SPE002121","SPE002121-delivered","delivered",1.0,2430
"SPE001426","TOP006294","SPE002121-TOP006294-covers","covers",1.0,2289
"SPE001426","TOP006295","SPE002121-TOP006295-covers","covers",1.0,2289
"SPE001426","SPE002123","SPE002123-delivered","delivered",1.0,2291
"SPE001426","TOP006299","SPE002123-TOP006299-covers","covers",1.0,2291
"SPE001426","TOP006300","SPE002123-TOP006300-covers","covers",1.0,2291
"SPE001426","TOP006301","SPE002123-TOP006301-covers","covers",1.0,2291
"SPE001426","TOP006301","SPE002204-TOP006301-covers","covers",1.0,2378
"SPE001426","SPE002128","SPE002128-delivered","delivered",1.0,2296
"SPE001426","TOP006314","SPE002128-TOP006314-covers","covers",1.0,2296
"SPE001426","TOP006315","SPE002128-TOP006315-covers","covers",1.0,2296
"SPE001426","TOP006316","SPE002128-TOP006316-covers","covers",1.0,2296
"SPE001426","TOP006326","SPE002089-TOP006326-covers","covers",1.0,2300
"SPE001426","TOP006327","SPE002089-TOP006327-covers","covers",1.0,2300
"SPE001426","TOP006328","SPE002089-TOP006328-covers","covers",1.0,2300
"SPE001426","SPE002133","SPE002133-delivered","delivered",1.0,2302
"SPE001426","TOP006332","SPE002133-TOP006332-covers","covers",1.0,2302
"SPE001426","TOP006333","SPE002133-TOP006333-covers","covers",1.0,2302
"SPE001426","TOP006334","SPE002133-TOP006334-covers","covers",1.0,2302
"SPE001426","SPE002135","SPE002135-delivered","delivered",1.0,2304
"SPE001426","TOP006338","SPE002135-TOP006338-covers","covers",1.0,2304
"SPE001426","TOP006339","SPE002135-TOP006339-covers","covers",1.0,2304
"SPE001426","TOP006340","SPE002135-TOP006340-covers","covers",1.0,2304
"SPE001426","SPE002137","SPE002137-delivered","delivered",1.0,2306
"SPE001426","TOP006343","SPE002137-TOP006343-covers","covers",1.0,2306
"SPE001426","TOP006344","SPE002137-TOP006344-covers","covers",1.0,2306
"SPE001426","TOP006345","SPE002137-TOP006345-covers","covers",1.0,2306
"SPE001426","TOP006346","SPE001781-TOP006346-covers","covers",1.0,2307
"SPE001426","TOP006347","SPE001781-TOP006347-covers","covers",1.0,2307
"SPE001426","TOP006348","SPE001781-TOP006348-covers","covers",1.0,2307
"SPE001426","SPE002140","SPE002140-delivered","delivered",1.0,2310
"SPE001426","TOP006354","SPE002140-TOP006354-covers","covers",1.0,2310
"SPE001426","TOP006355","SPE002140-TOP006355-covers","covers",1.0,2310
"SPE001426","TOP006356","SPE002140-TOP006356-covers","covers",1.0,2310
"SPE001426","TOP006362","SPE002089-TOP006362-covers","covers",1.0,2313
"SPE001426","TOP006363","SPE002089-TOP006363-covers","covers",1.0,2313
"SPE001426","TOP006364","SPE002089-TOP006364-covers","covers",1.0,2313
"SPE001426","SPE002144","SPE002144-delivered","delivered",1.0,2315
"SPE001426","TOP006367","SPE002144-TOP006367-covers","covers",1.0,2315
"SPE001426","TOP006368","SPE002144-TOP006368-covers","covers",1.0,2315
"SPE001426","TOP006369","SPE002144-TOP006369-covers","covers",1.0,2315
"SPE001426","SPE002145","SPE002145-delivered","delivered",1.0,2316
"SPE001426","TOP006370","SPE002145-TOP006370-covers","covers",1.0,2316
"SPE001426","TOP006371","SPE002145-TOP006371-covers","covers",1.0,2316
"SPE001426","TOP006371","SPE002188-TOP006371-covers","covers",1.0,2361
"SPE001426","TOP006372","SPE002145-TOP006372-covers","covers",1.0,2316
"SPE001426","SPE002148","SPE002148-delivered","delivered",1.0,2319
"SPE001426","TOP006376","SPE002148-TOP006376-covers","covers",1.0,2319
"SPE001426","TOP006377","SPE002148-TOP006377-covers","covers",1.0,2319
"SPE001426","TOP006378","SPE002148-TOP006378-covers","covers",1.0,2319
"SPE001426","SPE002159","SPE002159-delivered","delivered",1.0,2330
"SPE001426","TOP006407","SPE002159-TOP006407-covers","covers",1.0,2330
"SPE001426","TOP006408","SPE002159-TOP006408-covers","covers",1.0,2330
"SPE001426","TOP006409","SPE002159-TOP006409-covers","covers",1.0,2330
"SPE001426","TOP006413","SPE001781-TOP006413-covers","covers",1.0,2332
"SPE001426","TOP006414","SPE001781-TOP006414-covers","covers",1.0,2332
"SPE001426","TOP006415","SPE001781-TOP006415-covers","covers",1.0,2332
"SPE001426","TOP006436","SPE002089-TOP006436-covers","covers",1.0,2340
"SPE001426","TOP006437","SPE002089-TOP006437-covers","covers",1.0,2340
"SPE001426","TOP006438","SPE002089-TOP006438-covers","covers",1.0,2340
"SPE001426","SPE002168","SPE002168-delivered","delivered",1.0,2341
"SPE001426","TOP006439","SPE002168-TOP006439-covers","covers",1.0,2341
"SPE001426","TOP006440","SPE002168-TOP006440-covers","covers",1.0,2341
"SPE001426","SPE002169","SPE002169-delivered","delivered",1.0,2342
"SPE001426","TOP006441","SPE002169-TOP006441-covers","covers",1.0,2342
"SPE001426","TOP006442","SPE002169-TOP006442-covers","covers",1.0,2342
"SPE001426","TOP006443","SPE002169-TOP006443-covers","covers",1.0,2342
"SPE001426","SPE002170","SPE002170-delivered","delivered",1.0,2343
"SPE001426","TOP006444","SPE002170-TOP006444-covers","covers",1.0,2343
"SPE001426","TOP006445","SPE002170-TOP006445-covers","covers",1.0,2343
"SPE001426","TOP006446","SPE002170-TOP006446-covers","covers",1.0,2343
"SPE001426","SPE002173","SPE002173-delivered","delivered",1.0,2346
"SPE001426","TOP006452","SPE002173-TOP006452-covers","covers",1.0,2346
"SPE001426","TOP006453","SPE002173-TOP006453-covers","covers",1.0,2346
"SPE001426","TOP006454","SPE002173-TOP006454-covers","covers",1.0,2346
"SPE001426","SPE002174","SPE002174-delivered","delivered",1.0,2347
"SPE001426","TOP006455","SPE002174-TOP006455-covers","covers",1.0,2347
"SPE001426","TOP006456","SPE002174-TOP006456-covers","covers",1.0,2347
"SPE001426","TOP006457","SPE002174-TOP006457-covers","covers",1.0,2347
"SPE001426","SPE002175","SPE002175-delivered","delivered",1.0,2348
"SPE001426","TOP006458","SPE002175-TOP006458-covers","covers",1.0,2348
"SPE001426","TOP006459","SPE002175-TOP006459-covers","covers",1.0,2348
"SPE001426","TOP006460","SPE002175-TOP006460-covers","covers",1.0,2348
"SPE001426","SPE002177","SPE002177-delivered","delivered",1.0,2350
"SPE001426","TOP006464","SPE002177-TOP006464-covers","covers",1.0,2350
"SPE001426","TOP006465","SPE002177-TOP006465-covers","covers",1.0,2350
"SPE001426","TOP006466","SPE002177-TOP006466-covers","covers",1.0,2350
"SPE001426","SPE002178","SPE002178-delivered","delivered",1.0,2351
"SPE001426","TOP006467","SPE002178-TOP006467-covers","covers",1.0,2351
"SPE001426","TOP006468","SPE002178-TOP006468-covers","covers",1.0,2351
"SPE001426","TOP002914","SPE002178-TOP002914-covers","covers",1.0,2351
"SPE001426","SPE002182","SPE002182-delivered","delivered",1.0,2355
"SPE001426","TOP006477","SPE002182-TOP006477-covers","covers",1.0,2355
"SPE001426","TOP006478","SPE002182-TOP006478-covers","covers",1.0,2355
"SPE001426","TOP006479","SPE002182-TOP006479-covers","covers",1.0,2355
"SPE001426","SPE002184","SPE002184-delivered","delivered",1.0,2357
"SPE001426","TOP006483","SPE002184-TOP006483-covers","covers",1.0,2357
"SPE001426","TOP006484","SPE002184-TOP006484-covers","covers",1.0,2357
"SPE001426","TOP006485","SPE002184-TOP006485-covers","covers",1.0,2357
"SPE001426","SPE002188","SPE002188-delivered","delivered",1.0,2361
"SPE001426","TOP006495","SPE002188-TOP006495-covers","covers",1.0,2361
"SPE001426","TOP006495","SPE002222-TOP006495-covers","covers",1.0,2397
"SPE001426","TOP006496","SPE002188-TOP006496-covers","covers",1.0,2361
"SPE001426","SPE002189","SPE002189-delivered","delivered",1.0,2362
"SPE001426","TOP006497","SPE002189-TOP006497-covers","covers",1.0,2362
"SPE001426","TOP006498","SPE002189-TOP006498-covers","covers",1.0,2362
"SPE001426","TOP006499","SPE002189-TOP006499-covers","covers",1.0,2362
"SPE001426","SPE002190","SPE002190-delivered","delivered",1.0,2363
"SPE001426","TOP006500","SPE002190-TOP006500-covers","covers",1.0,2363
"SPE001426","TOP006501","SPE002190-TOP006501-covers","covers",1.0,2363
"SPE001426","TOP006502","SPE002190-TOP006502-covers","covers",1.0,2363
"SPE001426","TOP006506","SPE002089-TOP006506-covers","covers",1.0,2365
"SPE001426","TOP006507","SPE002089-TOP006507-covers","covers",1.0,2365
"SPE001426","TOP006508","SPE002089-TOP006508-covers","covers",1.0,2365
"SPE001426","SPE002199","SPE002199-delivered","delivered",1.0,2373
"SPE001426","TOP006527","SPE002199-TOP006527-covers","covers",1.0,2373
"SPE001426","TOP006528","SPE002199-TOP006528-covers","covers",1.0,2373
"SPE001426","TOP006529","SPE002199-TOP006529-covers","covers",1.0,2373
"SPE001426","SPE002202","SPE002202-delivered","delivered",1.0,2376
"SPE001426","TOP006535","SPE002202-TOP006535-covers","covers",1.0,2376
"SPE001426","TOP006536","SPE002202-TOP006536-covers","covers",1.0,2376
"SPE001426","SPE002204","SPE002204-delivered","delivered",1.0,2378
"SPE001426","TOP006539","SPE002204-TOP006539-covers","covers",1.0,2378
"SPE001426","TOP006540","SPE002204-TOP006540-covers","covers",1.0,2378
"SPE001426","SPE002205","SPE002205-delivered","delivered",1.0,2379
"SPE001426","TOP006541","SPE002205-TOP006541-covers","covers",1.0,2379
"SPE001426","TOP006542","SPE002205-TOP006542-covers","covers",1.0,2379
"SPE001426","TOP006543","SPE002205-TOP006543-covers","covers",1.0,2379
"SPE001426","TOP006544","SPE002089-TOP006544-covers","covers",1.0,2380
"SPE001426","TOP006545","SPE002089-TOP006545-covers","covers",1.0,2380
"SPE001426","TOP006546","SPE002089-TOP006546-covers","covers",1.0,2380
"SPE001426","SPE002207","SPE002207-delivered","delivered",1.0,2382
"SPE001426","TOP006550","SPE002207-TOP006550-covers","covers",1.0,2382
"SPE001426","TOP006551","SPE002207-TOP006551-covers","covers",1.0,2382
"SPE001426","TOP006552","SPE002207-TOP006552-covers","covers",1.0,2382
"SPE001426","SPE002209","SPE002209-delivered","delivered",1.0,2384
"SPE001426","TOP006556","SPE002209-TOP006556-covers","covers",1.0,2384
"SPE001426","TOP006557","SPE002209-TOP006557-covers","covers",1.0,2384
"SPE001426","TOP006558","SPE002209-TOP006558-covers","covers",1.0,2384
"SPE001426","SPE002211","SPE002211-delivered","delivered",1.0,2386
"SPE001426","TOP006561","SPE002211-TOP006561-covers","covers",1.0,2386
"SPE001426","TOP006562","SPE002211-TOP006562-covers","covers",1.0,2386
"SPE001426","TOP006563","SPE002211-TOP006563-covers","covers",1.0,2386
"SPE001426","SPE002212","SPE002212-delivered","delivered",1.0,2387
"SPE001426","TOP006564","SPE002212-TOP006564-covers","covers",1.0,2387
"SPE001426","TOP006565","SPE002212-TOP006565-covers","covers",1.0,2387
"SPE001426","TOP006566","SPE002212-TOP006566-covers","covers",1.0,2387
"SPE001426","SPE002217","SPE002217-delivered","delivered",1.0,2392
"SPE001426","TOP006579","SPE002217-TOP006579-covers","covers",1.0,2392
"SPE001426","TOP006580","SPE002217-TOP006580-covers","covers",1.0,2392
"SPE001426","TOP006581","SPE002217-TOP006581-covers","covers",1.0,2392
"SPE001426","SPE002221","SPE002221-delivered","delivered",1.0,2396
"SPE001426","TOP006590","SPE002221-TOP006590-covers","covers",1.0,2396
"SPE001426","TOP006591","SPE002221-TOP006591-covers","covers",1.0,2396
"SPE001426","TOP006592","SPE002221-TOP006592-covers","covers",1.0,2396
"SPE001426","SPE002222","SPE002222-delivered","delivered",1.0,2397
"SPE001426","TOP006593","SPE002222-TOP006593-covers","covers",1.0,2397
"SPE001426","TOP006594","SPE002222-TOP006594-covers","covers",1.0,2397
"SPE001426","SPE002227","SPE002227-delivered","delivered",1.0,2402
"SPE001426","TOP006606","SPE002227-TOP006606-covers","covers",1.0,2402
"SPE001426","TOP006607","SPE002227-TOP006607-covers","covers",1.0,2402
"SPE001426","TOP006608","SPE002227-TOP006608-covers","covers",1.0,2402
"SPE001426","SPE002229","SPE002229-delivered","delivered",1.0,2404
"SPE001426","TOP006612","SPE002229-TOP006612-covers","covers",1.0,2404
"SPE001426","TOP000776","SPE002229-TOP000776-covers","covers",1.0,2404
"SPE001426","TOP006613","SPE002229-TOP006613-covers","covers",1.0,2404
"SPE001426","TOP006617","SPE002089-TOP006617-covers","covers",1.0,2406
"SPE001426","TOP006618","SPE002089-TOP006618-covers","covers",1.0,2406
"SPE001426","TOP006619","SPE002089-TOP006619-covers","covers",1.0,2406
"SPE001426","SPE002231","SPE002231-delivered","delivered",1.0,2407
"SPE001426","TOP006620","SPE002231-TOP006620-covers","covers",1.0,2407
"SPE001426","TOP006621","SPE002231-TOP006621-covers","covers",1.0,2407
"SPE001426","TOP000832","SPE002231-TOP000832-covers","covers",1.0,2407
"SPE001426","SPE002235","SPE002235-delivered","delivered",1.0,2411
"SPE001426","TOP006631","SPE002235-TOP006631-covers","covers",1.0,2411
"SPE001426","TOP006632","SPE002235-TOP006632-covers","covers",1.0,2411
"SPE001426","TOP006633","SPE002235-TOP006633-covers","covers",1.0,2411
"SPE001426","SPE002239","SPE002239-delivered","delivered",1.0,2415
"SPE001426","TOP006643","SPE002239-TOP006643-covers","covers",1.0,2415
"SPE001426","TOP006644","SPE002239-TOP006644-covers","covers",1.0,2415
"SPE001426","TOP006645","SPE002239-TOP006645-covers","covers",1.0,2415
"SPE001426","SPE002246","SPE002246-delivered","delivered",1.0,2421
"SPE001426","TOP006660","SPE002246-TOP006660-covers","covers",1.0,2421
"SPE001426","TOP006661","SPE002246-TOP006661-covers","covers",1.0,2421
"SPE001426","TOP006662","SPE002246-TOP006662-covers","covers",1.0,2421
"SPE001426","SPE002247","SPE002247-delivered","delivered",1.0,2422
"SPE001426","TOP006663","SPE002247-TOP006663-covers","covers",1.0,2422
"SPE001426","TOP006664","SPE002247-TOP006664-covers","covers",1.0,2422
"SPE001426","TOP006665","SPE002247-TOP006665-covers","covers",1.0,2422
"SPE001426","SPE002248","SPE002248-delivered","delivered",1.0,2423
"SPE001426","TOP006666","SPE002248-TOP006666-covers","covers",1.0,2423
"SPE001426","TOP006667","SPE002248-TOP006667-covers","covers",1.0,2423
"SPE001426","TOP006668","SPE002248-TOP006668-covers","covers",1.0,2423
"SPE001426","SPE002253","SPE002253-delivered","delivered",1.0,2428
"SPE001426","TOP006681","SPE002253-TOP006681-covers","covers",1.0,2428
"SPE001426","TOP002017","SPE002253-TOP002017-covers","covers",1.0,2428
"SPE001426","TOP002924","SPE002253-TOP002924-covers","covers",1.0,2428
"SPE001426","TOP006685","SPE002121-TOP006685-covers","covers",1.0,2430
"SPE001426","TOP006686","SPE002121-TOP006686-covers","covers",1.0,2430
"SPE001426","TOP006687","SPE002121-TOP006687-covers","covers",1.0,2430
"SPE001426","SPE002255","SPE002255-delivered","delivered",1.0,2431
"SPE001426","TOP006688","SPE002255-TOP006688-covers","covers",1.0,2431
"SPE001426","TOP006689","SPE002255-TOP006689-covers","covers",1.0,2431
"SPE001426","TOP006690","SPE002255-TOP006690-covers","covers",1.0,2431
"SPE001426","SPE002260","SPE002260-delivered","delivered",1.0,2436
"SPE001426","TOP006702","SPE002260-TOP006702-covers","covers",1.0,2436
"SPE001426","TOP006703","SPE002260-TOP006703-covers","covers",1.0,2436
"SPE001426","TOP006704","SPE002260-TOP006704-covers","covers",1.0,2436
"SPE001426","SPE002262","SPE002262-delivered","delivered",1.0,2438
"SPE001426","TOP006708","SPE002262-TOP006708-covers","covers",1.0,2438
"SPE001426","TOP006709","SPE002262-TOP006709-covers","covers",1.0,2438
"SPE001426","TOP006710","SPE002262-TOP006710-covers","covers",1.0,2438
"SPE001426","TOP006711","SPE002089-TOP006711-covers","covers",1.0,2439
"SPE001426","TOP006712","SPE002089-TOP006712-covers","covers",1.0,2439
"SPE001426","TOP006713","SPE002089-TOP006713-covers","covers",1.0,2439
"SPE001426","SPE002264","SPE002264-delivered","delivered",1.0,2441
"SPE001426","TOP006717","SPE002264-TOP006717-covers","covers",1.0,2441
"SPE001426","TOP006718","SPE002264-TOP006718-covers","covers",1.0,2441
"SPE001426","TOP006719","SPE002264-TOP006719-covers","covers",1.0,2441
"SPE001426","SPE002265","SPE002265-delivered","delivered",1.0,2442
"SPE001426","TOP006720","SPE002265-TOP006720-covers","covers",1.0,2442
"SPE001426","TOP006721","SPE002265-TOP006721-covers","covers",1.0,2442
"SPE001426","TOP006722","SPE002265-TOP006722-covers","covers",1.0,2442
"SPE001426","SPE002269","SPE002269-delivered","delivered",1.0,2446
"SPE001426","TOP006731","SPE002269-TOP006731-covers","covers",1.0,2446
"SPE001426","TOP006732","SPE002269-TOP006732-covers","covers",1.0,2446
"SPE001426","TOP006733","SPE002269-TOP006733-covers","covers",1.0,2446
"SPE001426","SPE002271","SPE002271-delivered","delivered",1.0,2448
"SPE001426","TOP006736","SPE002271-TOP006736-covers","covers",1.0,2448
"SPE001426","TOP006737","SPE002271-TOP006737-covers","covers",1.0,2448
"SPE001426","TOP006738","SPE002271-TOP006738-covers","covers",1.0,2448
"SPE001426","SPE002276","SPE002276-delivered","delivered",1.0,2453
"SPE001426","TOP006749","SPE002276-TOP006749-covers","covers",1.0,2453
"SPE001426","TOP006750","SPE002276-TOP006750-covers","covers",1.0,2453
"SPE001426","TOP006751","SPE002276-TOP006751-covers","covers",1.0,2453
"SPE001426","TOP006755","SPE002007-TOP006755-covers","covers",1.0,2455
"SPE001426","TOP006756","SPE002007-TOP006756-covers","covers",1.0,2455
"SPE001426","TOP006757","SPE002007-TOP006757-covers","covers",1.0,2455
"SPE001426","SPE002279","SPE002279-delivered","delivered",1.0,2457
"SPE001426","TOP006761","SPE002279-TOP006761-covers","covers",1.0,2457
"SPE001426","TOP006762","SPE002279-TOP006762-covers","covers",1.0,2457
"SPE001426","TOP006763","SPE002279-TOP006763-covers","covers",1.0,2457
"SPE001426","SPE002280","SPE002280-delivered","delivered",1.0,2458
"SPE001426","TOP006764","SPE002280-TOP006764-covers","covers",1.0,2458
"SPE001426","TOP006765","SPE002280-TOP006765-covers","covers",1.0,2458
"SPE001426","TOP006766","SPE002280-TOP006766-covers","covers",1.0,2458
"SPE001426","SPE002283","SPE002283-delivered","delivered",1.0,2461
"SPE001426","TOP006773","SPE002283-TOP006773-covers","covers",1.0,2461
"SPE001426","TOP006774","SPE002283-TOP006774-covers","covers",1.0,2461
"SPE001426","TOP006775","SPE002283-TOP006775-covers","covers",1.0,2461
"SPE001426","SPE002284","SPE002284-delivered","delivered",1.0,2462
"SPE001426","TOP006776","SPE002284-TOP006776-covers","covers",1.0,2462
"SPE001426","TOP006777","SPE002284-TOP006777-covers","covers",1.0,2462
"SPE001426","TOP006778","SPE002284-TOP006778-covers","covers",1.0,2462
"SPE001426","SPE002287","SPE002287-delivered","delivered",1.0,2465
"SPE001426","TOP006784","SPE002287-TOP006784-covers","covers",1.0,2465
"SPE001426","TOP006785","SPE002287-TOP006785-covers","covers",1.0,2465
"SPE001426","TOP006786","SPE002287-TOP006786-covers","covers",1.0,2465
"SPE001426","SPE002289","SPE002289-delivered","delivered",1.0,2467
"SPE001426","TOP006790","SPE002289-TOP006790-covers","covers",1.0,2467
"SPE001426","TOP006791","SPE002289-TOP006791-covers","covers",1.0,2467
"SPE001426","TOP000477","SPE002289-TOP000477-covers","covers",1.0,2467
"SPE001426","SPE002295","SPE002295-delivered","delivered",1.0,2473
"SPE001426","TOP006806","SPE002295-TOP006806-covers","covers",1.0,2473
"SPE001426","TOP006807","SPE002295-TOP006807-covers","covers",1.0,2473
"SPE001426","TOP006808","SPE002295-TOP006808-covers","covers",1.0,2473
"SPE001426","SPE002297","SPE002297-delivered","delivered",1.0,2475
"SPE001426","TOP006812","SPE002297-TOP006812-covers","covers",1.0,2475
"SPE001426","TOP006813","SPE002297-TOP006813-covers","covers",1.0,2475
"SPE001426","TOP006814","SPE002297-TOP006814-covers","covers",1.0,2475
"SPE001426","SPE002298","SPE002298-delivered","delivered",1.0,2476
"SPE001426","TOP006815","SPE002298-TOP006815-covers","covers",1.0,2476
"SPE001426","TOP006816","SPE002298-TOP006816-covers","covers",1.0,2476
"SPE001426","TOP006817","SPE002298-TOP006817-covers","covers",1.0,2476
"SPE001426","SPE002301","SPE002301-delivered","delivered",1.0,2478
"SPE001426","TOP006821","SPE002301-TOP006821-covers","covers",1.0,2478
"SPE001426","TOP006822","SPE002301-TOP006822-covers","covers",1.0,2478
"SPE001426","TOP006823","SPE002301-TOP006823-covers","covers",1.0,2478
"SPE001426","SPE002302","SPE002302-delivered","delivered",1.0,2479
"SPE001426","TOP006824","SPE002302-TOP006824-covers","covers",1.0,2479
"SPE001426","TOP006825","SPE002302-TOP006825-covers","covers",1.0,2479
"SPE001426","TOP006826","SPE002302-TOP006826-covers","covers",1.0,2479
"SPE001426","SPE002304","SPE002304-delivered","delivered",1.0,2481
"SPE001426","TOP006830","SPE002304-TOP006830-covers","covers",1.0,2481
"SPE001426","TOP006831","SPE002304-TOP006831-covers","covers",1.0,2481
"SPE001426","TOP006832","SPE002304-TOP006832-covers","covers",1.0,2481
"SPE001426","SPE002310","SPE002310-delivered","delivered",1.0,2487
"SPE001426","TOP006848","SPE002310-TOP006848-covers","covers",1.0,2487
"SPE001426","TOP006848","SPE002318-TOP006848-covers","covers",1.0,2496
"SPE001426","TOP006849","SPE002310-TOP006849-covers","covers",1.0,2487
"SPE001426","TOP006850","SPE002310-TOP006850-covers","covers",1.0,2487
"SPE001426","SPE002311","SPE002311-delivered","delivered",1.0,2488
"SPE001426","TOP006851","SPE002311-TOP006851-covers","covers",1.0,2488
"SPE001426","TOP006852","SPE002311-TOP006852-covers","covers",1.0,2488
"SPE001426","TOP006853","SPE002311-TOP006853-covers","covers",1.0,2488
"SPE001426","TOP006862","SPE002089-TOP006862-covers","covers",1.0,2492
"SPE001426","TOP006863","SPE002089-TOP006863-covers","covers",1.0,2492
"SPE001426","TOP006864","SPE002089-TOP006864-covers","covers",1.0,2492
"SPE001426","SPE002316","SPE002316-delivered","delivered",1.0,2494
"SPE001426","TOP006868","SPE002316-TOP006868-covers","covers",1.0,2494
"SPE001426","TOP006869","SPE002316-TOP006869-covers","covers",1.0,2494
"SPE001426","SPE002317","SPE002317-delivered","delivered",1.0,2495
"SPE001426","TOP006870","SPE002317-TOP006870-covers","covers",1.0,2495
"SPE001426","TOP006871","SPE002317-TOP006871-covers","covers",1.0,2495
"SPE001426","TOP006872","SPE002317-TOP006872-covers","covers",1.0,2495
"SPE001426","SPE002318","SPE002318-delivered","delivered",1.0,2496
"SPE001426","TOP006873","SPE002318-TOP006873-covers","covers",1.0,2496
"SPE001426","TOP006873","SPE002327-TOP006873-covers","covers",1.0,2509
"SPE001426","TOP006874","SPE002318-TOP006874-covers","covers",1.0,2496
"SPE001426","SPE002319","SPE002319-delivered","delivered",1.0,2497
"SPE001426","TOP006875","SPE002319-TOP006875-covers","covers",1.0,2497
"SPE001426","TOP006876","SPE002319-TOP006876-covers","covers",1.0,2497
"SPE001426","TOP006877","SPE002319-TOP006877-covers","covers",1.0,2497
"SPE001426","SPE002321","SPE002321-delivered","delivered",1.0,2499
"SPE001426","TOP006879","SPE002321-TOP006879-covers","covers",1.0,2499
"SPE001426","TOP006880","SPE002321-TOP006880-covers","covers",1.0,2499
"SPE001426","TOP006881","SPE002321-TOP006881-covers","covers",1.0,2499
"SPE001426","SPE002322","SPE002322-delivered","delivered",1.0,2500
"SPE001426","TOP006882","SPE002322-TOP006882-covers","covers",1.0,2500
"SPE001426","TOP006883","SPE002322-TOP006883-covers","covers",1.0,2500
"SPE001426","TOP006884","SPE002322-TOP006884-covers","covers",1.0,2500
"SPE001426","SPE002324","SPE002324-delivered","delivered",1.0,2502
"SPE001426","TOP006888","SPE002324-TOP006888-covers","covers",1.0,2502
"SPE001426","TOP006889","SPE002324-TOP006889-covers","covers",1.0,2502
"SPE001426","TOP006890","SPE002324-TOP006890-covers","covers",1.0,2502
"SPE001426","SPE002325","SPE002325-delivered","delivered",1.0,2503
"SPE001426","TOP006891","SPE002325-TOP006891-covers","covers",1.0,2503
"SPE001426","TOP006892","SPE002325-TOP006892-covers","covers",1.0,2503
"SPE001426","TOP006893","SPE002325-TOP006893-covers","covers",1.0,2503
"SPE001426","SPE002327","SPE002327-delivered","delivered",1.0,2509
"SPE001426","TOP006897","SPE002327-TOP006897-covers","covers",1.0,2505
"SPE001426","TOP006898","SPE002327-TOP006898-covers","covers",1.0,2505
"SPE001426","SPE002328","SPE002328-delivered","delivered",1.0,2506
"SPE001426","TOP006899","SPE002328-TOP006899-covers","covers",1.0,2506
"SPE001426","TOP006900","SPE002328-TOP006900-covers","covers",1.0,2506
"SPE001426","TOP006901","SPE002328-TOP006901-covers","covers",1.0,2506
"SPE001426","SPE002330","SPE002330-delivered","delivered",1.0,2508
"SPE001426","TOP006905","SPE002330-TOP006905-covers","covers",1.0,2508
"SPE001426","TOP006906","SPE002330-TOP006906-covers","covers",1.0,2508
"SPE001426","TOP006907","SPE002330-TOP006907-covers","covers",1.0,2508
"SPE001426","TOP006908","SPE002327-TOP006908-covers","covers",1.0,2509
"SPE001426","TOP003451","SPE002327-TOP003451-covers","covers",1.0,2509
"SPE001427","DAT001194","SPE001427-held_on","held_on",1.0,1571
"SPE001428","DAT001195","SPE001428-held_on","held_on",1.0,1572
"SPE001429","DAT001195","SPE001429-held_on","held_on",1.0,1573
"SPE001430","DAT001196","SPE001430-held_on","held_on",1.0,1574
"SPE001431","DAT001197","SPE001431-held_on","held_on",1.0,1575
"SPE001432","DAT001198","SPE001432-held_on","held_on",1.0,1577
"SPE001433","DAT001198","SPE001433-held_on","held_on",1.0,1578
"SPE001434","DAT001199","SPE001434-held_on","held_on",1.0,1579
"SPE001435","DAT001200","SPE001435-held_on","held_on",1.0,1580
"SPE001436","DAT001201","SPE001436-held_on","held_on",1.0,1581
"SPE001437","DAT001202","SPE001437-held_on","held_on",1.0,1582
"SPE001438","DAT001203","SPE001438-held_on","held_on",1.0,1584
"SPE001439","DAT001204","SPE001439-held_on","held_on",1.0,1585
"SPE001440","DAT001205","SPE001440-held_on","held_on",1.0,1586
"SPE001441","DAT001206","SPE001441-held_on","held_on",1.0,1587
"SPE001442","DAT001207","SPE001442-held_on","held_on",1.0,1588
"SPE001443","DAT001208","SPE001443-held_on","held_on",1.0,1589
"SPE001444","DAT001209","SPE001444-held_on","held_on",1.0,1590
"SPE001445","DAT001209","SPE001445-held_on","held_on",1.0,1591
"SPE001446","DAT001209","SPE001446-held_on","held_on",1.0,1592
"SPE001447","DAT001210","SPE001447-held_on","held_on",1.0,1593
"SPE001448","DAT001211","SPE001448-held_on","held_on",1.0,1594
"SPE001449","DAT001213","SPE001449-held_on","held_on",1.0,1596
"SPE001450","DAT001214","SPE001450-held_on","held_on",1.0,1597
"SPE001451","DAT001215","SPE001451-held_on","held_on",1.0,1598
"SPE001452","DAT001216","SPE001452-held_on","held_on",1.0,1599
"SPE001453","DAT001218","SPE001453-held_on","held_on",1.0,1601
"SPE001454","DAT001219","SPE001454-held_on","held_on",1.0,1602
"SPE001455","DAT001219","SPE001455-held_on","held_on",1.0,1603
"SPE001456","DAT001220","SPE001456-held_on","held_on",1.0,1604
"SPE001457","DAT001221","SPE001457-held_on","held_on",1.0,1605
"SPE001458","DAT001222","SPE001458-held_on","held_on",1.0,1606
"SPE001459","DAT001223","SPE001459-held_on","held_on",1.0,1607
"SPE001460","DAT001224","SPE001460-held_on","held_on",1.0,1608
"SPE001461","DAT001224","SPE001461-held_on","held_on",1.0,1609
"SPE001462","DAT001224","SPE001462-held_on","held_on",1.0,1610
"SPE001463","DAT001225","SPE001463-held_on","held_on",1.0,1611
"SPE001464","DAT001226","SPE001464-held_on","held_on",1.0,1612
"SPE001465","DAT001227","SPE001465-held_on","held_on",1.0,1613
"SPE001466","DAT001227","SPE001466-held_on","held_on",1.0,1614
"SPE001467","DAT001227","SPE001467-held_on","held_on",1.0,1615
"SPE001468","DAT001227","SPE001468-held_on","held_on",1.0,1616
"SPE001469","DAT001228","SPE001469-held_on","held_on",1.0,1617
"SPE001470","DAT001229","SPE001470-held_on","held_on",1.0,1618
"SPE001471","DAT001229","SPE001471-held_on","held_on",1.0,1619
"SPE001472","DAT001230","SPE001472-held_on","held_on",1.0,1620
"SPE001473","DAT001231","SPE001473-held_on","held_on",1.0,1621
"SPE001474","DAT001232","SPE001474-held_on","held_on",1.0,1622
"SPE001475","DAT001233","SPE001475-held_on","held_on",1.0,1623
"SPE001476","DAT001233","SPE001476-held_on","held_on",1.0,1624
"SPE001477","DAT001233","SPE001477-held_on","held_on",1.0,1625
"SPE001477","DAT001447","SPE001477-held_on","held_on",1.0,1917
"SPE001478","DAT001234","SPE001478-held_on","held_on",1.0,1626
"SPE001479","SPE001480","SPE001480-delivered","delivered",1.0,1627
"SPE001479","TOP004446","SPE001480-TOP004446-covers","covers",1.0,1627
"SPE001479","TOP004447","SPE001480-TOP004447-covers","covers",1.0,1627
"SPE001479","TOP004448","SPE001480-TOP004448-covers","covers",1.0,1627
"SPE001479","SPE001482","SPE001482-delivered","delivered",1.0,1629
"SPE001479","TOP004452","SPE001482-TOP004452-covers","covers",1.0,1629
"SPE001479","TOP004453","SPE001482-TOP004453-covers","covers",1.0,1629
"SPE001479","TOP004454","SPE001482-TOP004454-covers","covers",1.0,1629
"SPE001479","SPE001488","SPE001488-delivered","delivered",1.0,1635
"SPE001479","TOP004466","SPE001488-TOP004466-covers","covers",1.0,1635
"SPE001479","TOP004467","SPE001488-TOP004467-covers","covers",1.0,1635
"SPE001479","TOP004468","SPE001488-TOP004468-covers","covers",1.0,1635
"SPE001479","SPE001491","SPE001491-delivered","delivered",1.0,1638
"SPE001479","TOP004475","SPE001491-TOP004475-covers","covers",1.0,1638
"SPE001479","TOP004476","SPE001491-TOP004476-covers","covers",1.0,1638
"SPE001479","TOP004477","SPE001491-TOP004477-covers","covers",1.0,1638
"SPE001479","SPE001493","SPE001493-delivered","delivered",1.0,1640
"SPE001479","TOP004481","SPE001493-TOP004481-covers","covers",1.0,1640
"SPE001479","TOP004482","SPE001493-TOP004482-covers","covers",1.0,1640
"SPE001479","TOP004483","SPE001493-TOP004483-covers","covers",1.0,1640
"SPE001479","SPE001496","SPE001496-delivered","delivered",1.0,1643
"SPE001479","TOP004490","SPE001496-TOP004490-covers","covers",1.0,1643
"SPE001479","TOP004491","SPE001496-TOP004491-covers","covers",1.0,1643
"SPE001479","TOP004492","SPE001496-TOP004492-covers","covers",1.0,1643
"SPE001479","SPE001502","SPE001502-delivered","delivered",1.0,1649
"SPE001479","TOP004507","SPE001502-TOP004507-covers","covers",1.0,1649
"SPE001479","TOP004508","SPE001502-TOP004508-covers","covers",1.0,1649
"SPE001479","TOP004509","SPE001502-TOP004509-covers","covers",1.0,1649
"SPE001479","SPE001510","SPE001510-delivered","delivered",1.0,1658
"SPE001479","TOP004534","SPE001510-TOP004534-covers","covers",1.0,1658
"SPE001479","TOP004535","SPE001510-TOP004535-covers","covers",1.0,1658
"SPE001479","TOP004536","SPE001510-TOP004536-covers","covers",1.0,1658
"SPE001479","SPE001512","SPE001512-delivered","delivered",1.0,1660
"SPE001479","TOP004540","SPE001512-TOP004540-covers","covers",1.0,1660
"SPE001479","TOP004541","SPE001512-TOP004541-covers","covers",1.0,1660
"SPE001479","TOP004542","SPE001512-TOP004542-covers","covers",1.0,1660
"SPE001479","SPE001513","SPE001513-delivered","delivered",1.0,1661
"SPE001479","TOP004543","SPE001513-TOP004543-covers","covers",1.0,1661
"SPE001479","TOP004544","SPE001513-TOP004544-covers","covers",1.0,1661
"SPE001479","TOP004545","SPE001513-TOP004545-covers","covers",1.0,1661
"SPE001479","SPE001530","SPE001530-delivered","delivered",1.0,1678
"SPE001479","TOP004589","SPE001530-TOP004589-covers","covers",1.0,1678
"SPE001479","TOP004590","SPE001530-TOP004590-covers","covers",1.0,1678
"SPE001479","TOP004591","SPE001530-TOP004591-covers","covers",1.0,1678
"SPE001479","SPE001534","SPE001534-delivered","delivered",1.0,1682
"SPE001479","TOP004600","SPE001534-TOP004600-covers","covers",1.0,1682
"SPE001479","TOP004601","SPE001534-TOP004601-covers","covers",1.0,1682
"SPE001479","TOP004602","SPE001534-TOP004602-covers","covers",1.0,1682
"SPE001479","SPE001543","SPE001543-delivered","delivered",1.0,1691
"SPE001479","TOP004626","SPE001543-TOP004626-covers","covers",1.0,1691
"SPE001479","TOP004627","SPE001543-TOP004627-covers","covers",1.0,1691
"SPE001479","TOP004628","SPE001543-TOP004628-covers","covers",1.0,1691
"SPE001479","SPE001545","SPE001545-delivered","delivered",1.0,1693
"SPE001479","TOP004632","SPE001545-TOP004632-covers","covers",1.0,1693
"SPE001479","TOP004633","SPE001545-TOP004633-covers","covers",1.0,1693
"SPE001479","TOP004634","SPE001545-TOP004634-covers","covers",1.0,1693
"SPE001479","SPE001553","SPE001553-delivered","delivered",1.0,1701
"SPE001479","TOP004652","SPE001553-TOP004652-covers","covers",1.0,1701
"SPE001479","TOP004653","SPE001553-TOP004653-covers","covers",1.0,1701
"SPE001479","TOP004654","SPE001553-TOP004654-covers","covers",1.0,1701
"SPE001479","SPE001558","SPE001558-delivered","delivered",1.0,1706
"SPE001479","TOP004665","SPE001558-TOP004665-covers","covers",1.0,1706
"SPE001479","TOP004666","SPE001558-TOP004666-covers","covers",1.0,1706
"SPE001479","TOP004667","SPE001558-TOP004667-covers","covers",1.0,1706
"SPE001479","SPE001561","SPE001561-delivered","delivered",1.0,1709
"SPE001479","TOP004674","SPE001561-TOP004674-covers","covers",1.0,1709
"SPE001479","TOP004675","SPE001561-TOP004675-covers","covers",1.0,1709
"SPE001479","TOP004609","SPE001561-TOP004609-covers","covers",1.0,1709
"SPE001479","SPE001567","SPE001567-delivered","delivered",1.0,1715
"SPE001479","TOP004691","SPE001567-TOP004691-covers","covers",1.0,1715
"SPE001479","TOP004692","SPE001567-TOP004692-covers","covers",1.0,1715
"SPE001479","TOP004693","SPE001567-TOP004693-covers","covers",1.0,1715
"SPE001479","SPE001573","SPE001573-delivered","delivered",1.0,1721
"SPE001479","TOP004709","SPE001573-TOP004709-covers","covers",1.0,1721
"SPE001479","TOP004710","SPE001573-TOP004710-covers","covers",1.0,1721
"SPE001479","TOP004711","SPE001573-TOP004711-covers","covers",1.0,1721
"SPE001479","SPE001578","SPE001578-delivered","delivered",1.0,1726
"SPE001479","TOP004722","SPE001578-TOP004722-covers","covers",1.0,1726
"SPE001479","TOP004723","SPE001578-TOP004723-covers","covers",1.0,1726
"SPE001479","TOP004724","SPE001578-TOP004724-covers","covers",1.0,1726
"SPE001479","SPE001580","SPE001580-delivered","delivered",1.0,1729
"SPE001479","TOP004731","SPE001580-TOP004731-covers","covers",1.0,1729
"SPE001479","TOP004732","SPE001580-TOP004732-covers","covers",1.0,1729
"SPE001479","TOP004733","SPE001580-TOP004733-covers","covers",1.0,1729
"SPE001479","SPE001591","SPE001591-delivered","delivered",1.0,1740
"SPE001479","TOP004764","SPE001591-TOP004764-covers","covers",1.0,1740
"SPE001479","TOP004765","SPE001591-TOP004765-covers","covers",1.0,1740
"SPE001479","TOP004766","SPE001591-TOP004766-covers","covers",1.0,1740
"SPE001479","SPE001596","SPE001596-delivered","delivered",1.0,1745
"SPE001479","TOP001436","SPE001596-TOP001436-covers","covers",1.0,1745
"SPE001479","TOP004776","SPE001596-TOP004776-covers","covers",1.0,1745
"SPE001479","TOP004777","SPE001596-TOP004777-covers","covers",1.0,1745
"SPE001479","SPE001421","SPE001421-delivered","delivered",1.0,1747
"SPE001479","TOP004781","SPE001421-TOP004781-covers","covers",1.0,1747
"SPE001479","TOP004782","SPE001421-TOP004782-covers","covers",1.0,1747
"SPE001479","TOP004783","SPE001421-TOP004783-covers","covers",1.0,1747
"SPE001479","SPE001607","SPE001607-delivered","delivered",1.0,1757
"SPE001479","TOP004810","SPE001607-TOP004810-covers","covers",1.0,1757
"SPE001479","TOP004811","SPE001607-TOP004811-covers","covers",1.0,1757
"SPE001479","TOP004812","SPE001607-TOP004812-covers","covers",1.0,1757
"SPE001479","SPE001608","SPE001608-delivered","delivered",1.0,1758
"SPE001479","TOP004813","SPE001608-TOP004813-covers","covers",1.0,1758
"SPE001479","TOP004814","SPE001608-TOP004814-covers","covers",1.0,1758
"SPE001479","TOP004815","SPE001608-TOP004815-covers","covers",1.0,1758
"SPE001479","SPE001622","SPE001622-delivered","delivered",1.0,1771
"SPE001479","TOP004849","SPE001622-TOP004849-covers","covers",1.0,1771
"SPE001479","TOP004850","SPE001622-TOP004850-covers","covers",1.0,1771
"SPE001479","TOP004851","SPE001622-TOP004851-covers","covers",1.0,1771
"SPE001479","SPE001625","SPE001625-delivered","delivered",1.0,1774
"SPE001479","TOP004858","SPE001625-TOP004858-covers","covers",1.0,1774
"SPE001479","TOP004859","SPE001625-TOP004859-covers","covers",1.0,1774
"SPE001479","TOP004860","SPE001625-TOP004860-covers","covers",1.0,1774
"SPE001479","SPE001628","SPE001628-delivered","delivered",1.0,1777
"SPE001479","TOP004867","SPE001628-TOP004867-covers","covers",1.0,1777
"SPE001479","TOP004868","SPE001628-TOP004868-covers","covers",1.0,1777
"SPE001479","TOP004869","SPE001628-TOP004869-covers","covers",1.0,1777
"SPE001479","SPE001631","SPE001631-delivered","delivered",1.0,1780
"SPE001479","TOP004876","SPE001631-TOP004876-covers","covers",1.0,1780
"SPE001479","TOP004877","SPE001631-TOP004877-covers","covers",1.0,1780
"SPE001479","TOP004878","SPE001631-TOP004878-covers","covers",1.0,1780
"SPE001479","SPE001646","SPE001646-delivered","delivered",1.0,1796
"SPE001479","TOP004922","SPE001646-TOP004922-covers","covers",1.0,1796
"SPE001479","TOP004923","SPE001646-TOP004923-covers","covers",1.0,1796
"SPE001479","TOP004924","SPE001646-TOP004924-covers","covers",1.0,1796
"SPE001479","SPE001658","SPE001658-delivered","delivered",1.0,1808
"SPE001479","TOP004955","SPE001658-TOP004955-covers","covers",1.0,1808
"SPE001479","TOP004956","SPE001658-TOP004956-covers","covers",1.0,1808
"SPE001479","TOP004957","SPE001658-TOP004957-covers","covers",1.0,1808
"SPE001479","SPE001668","SPE001668-delivered","delivered",1.0,1819
"SPE001479","TOP004984","SPE001668-TOP004984-covers","covers",1.0,1819
"SPE001479","TOP004985","SPE001668-TOP004985-covers","covers",1.0,1819
"SPE001479","TOP004986","SPE001668-TOP004986-covers","covers",1.0,1819
"SPE001479","SPE001671","SPE001671-delivered","delivered",1.0,1823
"SPE001479","TOP004996","SPE001671-TOP004996-covers","covers",1.0,1823
"SPE001479","TOP004997","SPE001671-TOP004997-covers","covers",1.0,1823
"SPE001479","TOP004998","SPE001671-TOP004998-covers","covers",1.0,1823
"SPE001479","SPE001674","SPE001674-delivered","delivered",1.0,1826
"SPE001479","TOP005004","SPE001674-TOP005004-covers","covers",1.0,1826
"SPE001479","TOP005005","SPE001674-TOP005005-covers","covers",1.0,1826
"SPE001479","TOP005006","SPE001674-TOP005006-covers","covers",1.0,1826
"SPE001479","SPE001682","SPE001682-delivered","delivered",1.0,1834
"SPE001479","TOP005026","SPE001682-TOP005026-covers","covers",1.0,1834
"SPE001479","TOP005027","SPE001682-TOP005027-covers","covers",1.0,1834
"SPE001479","TOP005028","SPE001682-TOP005028-covers","covers",1.0,1834
"SPE001479","SPE001683","SPE001683-delivered","delivered",1.0,1835
"SPE001479","TOP005029","SPE001683-TOP005029-covers","covers",1.0,1835
"SPE001479","TOP005030","SPE001683-TOP005030-covers","covers",1.0,1835
"SPE001479","TOP005031","SPE001683-TOP005031-covers","covers",1.0,1835
"SPE001479","SPE001689","SPE001689-delivered","delivered",1.0,1841
"SPE001479","TOP005046","SPE001689-TOP005046-covers","covers",1.0,1841
"SPE001479","TOP005047","SPE001689-TOP005047-covers","covers",1.0,1841
"SPE001479","TOP004494","SPE001689-TOP004494-covers","covers",1.0,1841
"SPE001479","SPE001693","SPE001693-delivered","delivered",1.0,1845
"SPE001479","TOP005057","SPE001693-TOP005057-covers","covers",1.0,1845
"SPE001479","TOP005058","SPE001693-TOP005058-covers","covers",1.0,1845
"SPE001479","TOP005059","SPE001693-TOP005059-covers","covers",1.0,1845
"SPE001479","SPE001695","SPE001695-delivered","delivered",1.0,1847
"SPE001479","TOP005063","SPE001695-TOP005063-covers","covers",1.0,1847
"SPE001479","TOP005064","SPE001695-TOP005064-covers","covers",1.0,1847
"SPE001479","TOP005065","SPE001695-TOP005065-covers","covers",1.0,1847
"SPE001479","SPE001696","SPE001696-delivered","delivered",1.0,1848
"SPE001479","TOP005066","SPE001696-TOP005066-covers","covers",1.0,1848
"SPE001479","TOP005067","SPE001696-TOP005067-covers","covers",1.0,1848
"SPE001479","TOP005068","SPE001696-TOP005068-covers","covers",1.0,1848
"SPE001479","SPE001699","SPE001699-delivered","delivered",1.0,1853
"SPE001479","TOP004899","SPE001699-TOP004899-covers","covers",1.0,1853
"SPE001479","TOP005081","SPE001699-TOP005081-covers","covers",1.0,1853
"SPE001479","TOP005082","SPE001699-TOP005082-covers","covers",1.0,1853
"SPE001479","SPE001704","SPE001704-delivered","delivered",1.0,1858
"SPE001479","TOP005095","SPE001704-TOP005095-covers","covers",1.0,1858
"SPE001479","TOP005096","SPE001704-TOP005096-covers","covers",1.0,1858
"SPE001479","TOP005097","SPE001704-TOP005097-covers","covers",1.0,1858
"SPE001479","SPE001712","SPE001712-delivered","delivered",1.0,1866
"SPE001479","TOP005117","SPE001712-TOP005117-covers","covers",1.0,1866
"SPE001479","TOP005118","SPE001712-TOP005118-covers","covers",1.0,1866
"SPE001479","TOP000496","SPE001712-TOP000496-covers","covers",1.0,1866
"SPE001479","SPE001714","SPE001714-delivered","delivered",1.0,1868
"SPE001479","TOP005122","SPE001714-TOP005122-covers","covers",1.0,1868
"SPE001479","TOP005123","SPE001714-TOP005123-covers","covers",1.0,1868
"SPE001479","TOP005124","SPE001714-TOP005124-covers","covers",1.0,1868
"SPE001479","SPE001715","SPE001715-delivered","delivered",1.0,1869
"SPE001479","TOP005125","SPE001715-TOP005125-covers","covers",1.0,1869
"SPE001479","TOP005126","SPE001715-TOP005126-covers","covers",1.0,1869
"SPE001479","TOP005127","SPE001715-TOP005127-covers","covers",1.0,1869
"SPE001479","SPE001723","SPE001723-delivered","delivered",1.0,1877
"SPE001479","TOP005149","SPE001723-TOP005149-covers","covers",1.0,1877
"SPE001479","TOP005150","SPE001723-TOP005150-covers","covers",1.0,1877
"SPE001479","TOP005151","SPE001723-TOP005151-covers","covers",1.0,1877
"SPE001479","SPE001725","SPE001725-delivered","delivered",1.0,1879
"SPE001479","TOP005155","SPE001725-TOP005155-covers","covers",1.0,1879
"SPE001479","TOP005156","SPE001725-TOP005156-covers","covers",1.0,1879
"SPE001479","TOP005157","SPE001725-TOP005157-covers","covers",1.0,1879
"SPE001479","SPE001730","SPE001730-delivered","delivered",1.0,1884
"SPE001479","TOP005170","SPE001730-TOP005170-covers","covers",1.0,1884
"SPE001479","TOP005171","SPE001730-TOP005171-covers","covers",1.0,1884
"SPE001479","TOP005172","SPE001730-TOP005172-covers","covers",1.0,1884
"SPE001479","SPE001731","SPE001731-delivered","delivered",1.0,1885
"SPE001479","TOP005173","SPE001731-TOP005173-covers","covers",1.0,1885
"SPE001479","TOP005174","SPE001731-TOP005174-covers","covers",1.0,1885
"SPE001479","TOP005175","SPE001731-TOP005175-covers","covers",1.0,1885
"SPE001479","SPE001740","SPE001740-delivered","delivered",1.0,1894
"SPE001479","TOP005198","SPE001740-TOP005198-covers","covers",1.0,1894
"SPE001479","TOP005199","SPE001740-TOP005199-covers","covers",1.0,1894
"SPE001479","TOP005200","SPE001740-TOP005200-covers","covers",1.0,1894
"SPE001479","SPE001742","SPE001742-delivered","delivered",1.0,1896
"SPE001479","TOP005204","SPE001742-TOP005204-covers","covers",1.0,1896
"SPE001479","TOP005205","SPE001742-TOP005205-covers","covers",1.0,1896
"SPE001479","TOP005206","SPE001742-TOP005206-covers","covers",1.0,1896
"SPE001479","SPE001758","SPE001758-delivered","delivered",1.0,1912
"SPE001479","TOP005250","SPE001758-TOP005250-covers","covers",1.0,1912
"SPE001479","TOP005251","SPE001758-TOP005251-covers","covers",1.0,1912
"SPE001479","TOP005252","SPE001758-TOP005252-covers","covers",1.0,1912
"SPE001479","SPE001772","SPE001772-delivered","delivered",1.0,1927
"SPE001479","TOP005293","SPE001772-TOP005293-covers","covers",1.0,1927
"SPE001479","TOP005294","SPE001772-TOP005294-covers","covers",1.0,1927
"SPE001479","TOP005295","SPE001772-TOP005295-covers","covers",1.0,1927
"SPE001479","SPE001785","SPE001785-delivered","delivered",1.0,1942
"SPE001479","TOP005337","SPE001785-TOP005337-covers","covers",1.0,1942
"SPE001479","TOP005338","SPE001785-TOP005338-covers","covers",1.0,1942
"SPE001479","TOP005339","SPE001785-TOP005339-covers","covers",1.0,1942
"SPE001479","SPE001794","SPE001794-delivered","delivered",1.0,1951
"SPE001479","TOP005362","SPE001794-TOP005362-covers","covers",1.0,1951
"SPE001479","TOP005363","SPE001794-TOP005363-covers","covers",1.0,1951
"SPE001479","TOP005364","SPE001794-TOP005364-covers","covers",1.0,1951
"SPE001479","SPE001795","SPE001795-delivered","delivered",1.0,1952
"SPE001479","TOP005365","SPE001795-TOP005365-covers","covers",1.0,1952
"SPE001479","TOP005366","SPE001795-TOP005366-covers","covers",1.0,1952
"SPE001479","TOP005367","SPE001795-TOP005367-covers","covers",1.0,1952
"SPE001479","SPE001805","SPE001805-delivered","delivered",1.0,1962
"SPE001479","TOP005395","SPE001805-TOP005395-covers","covers",1.0,1962
"SPE001479","TOP005396","SPE001805-TOP005396-covers","covers",1.0,1962
"SPE001479","TOP005397","SPE001805-TOP005397-covers","covers",1.0,1962
"SPE001479","SPE001808","SPE001808-delivered","delivered",1.0,1965
"SPE001479","TOP005403","SPE001808-TOP005403-covers","covers",1.0,1965
"SPE001479","TOP005404","SPE001808-TOP005404-covers","covers",1.0,1965
"SPE001479","TOP005405","SPE001808-TOP005405-covers","covers",1.0,1965
"SPE001479","SPE001820","SPE001820-delivered","delivered",1.0,1977
"SPE001479","TOP005437","SPE001820-TOP005437-covers","covers",1.0,1977
"SPE001479","TOP005438","SPE001820-TOP005438-covers","covers",1.0,1977
"SPE001479","TOP005439","SPE001820-TOP005439-covers","covers",1.0,1977
"SPE001479","SPE001822","SPE001822-delivered","delivered",1.0,1979
"SPE001479","TOP005443","SPE001822-TOP005443-covers","covers",1.0,1979
"SPE001479","TOP005444","SPE001822-TOP005444-covers","covers",1.0,1979
"SPE001479","TOP005445","SPE001822-TOP005445-covers","covers",1.0,1979
"SPE001479","SPE001825","SPE001825-delivered","delivered",1.0,1983
"SPE001479","TOP005455","SPE001825-TOP005455-covers","covers",1.0,1983
"SPE001479","TOP005456","SPE001825-TOP005456-covers","covers",1.0,1983
"SPE001479","TOP005457","SPE001825-TOP005457-covers","covers",1.0,1983
"SPE001479","SPE001826","SPE001826-delivered","delivered",1.0,1984
"SPE001479","TOP005458","SPE001826-TOP005458-covers","covers",1.0,1984
"SPE001479","TOP005459","SPE001826-TOP005459-covers","covers",1.0,1984
"SPE001479","TOP005460","SPE001826-TOP005460-covers","covers",1.0,1984
"SPE001479","SPE001832","SPE001832-delivered","delivered",1.0,1990
"SPE001479","TOP005472","SPE001832-TOP005472-covers","covers",1.0,1990
"SPE001479","TOP005473","SPE001832-TOP005473-covers","covers",1.0,1990
"SPE001479","TOP005474","SPE001832-TOP005474-covers","covers",1.0,1990
"SPE001479","SPE001833","SPE001833-delivered","delivered",1.0,1991
"SPE001479","TOP005475","SPE001833-TOP005475-covers","covers",1.0,1991
"SPE001479","TOP005476","SPE001833-TOP005476-covers","covers",1.0,1991
"SPE001479","TOP005477","SPE001833-TOP005477-covers","covers",1.0,1991
"SPE001479","SPE001840","SPE001840-delivered","delivered",1.0,1998
"SPE001479","TOP005495","SPE001840-TOP005495-covers","covers",1.0,1998
"SPE001479","TOP005496","SPE001840-TOP005496-covers","covers",1.0,1998
"SPE001479","TOP005497","SPE001840-TOP005497-covers","covers",1.0,1998
"SPE001479","SPE001846","SPE001846-delivered","delivered",1.0,2005
"SPE001479","TOP005516","SPE001846-TOP005516-covers","covers",1.0,2005
"SPE001479","TOP005517","SPE001846-TOP005517-covers","covers",1.0,2005
"SPE001479","TOP001495","SPE001846-TOP001495-covers","covers",1.0,2005
"SPE001479","SPE001848","SPE001848-delivered","delivered",1.0,2007
"SPE001479","TOP005521","SPE001848-TOP005521-covers","covers",1.0,2007
"SPE001479","TOP005522","SPE001848-TOP005522-covers","covers",1.0,2007
"SPE001479","TOP005523","SPE001848-TOP005523-covers","covers",1.0,2007
"SPE001479","SPE001850","SPE001850-delivered","delivered",1.0,2009
"SPE001479","TOP005527","SPE001850-TOP005527-covers","covers",1.0,2009
"SPE001479","TOP005528","SPE001850-TOP005528-covers","covers",1.0,2009
"SPE001479","TOP005529","SPE001850-TOP005529-covers","covers",1.0,2009
"SPE001479","SPE001854","SPE001854-delivered","delivered",1.0,2013
"SPE001479","TOP005539","SPE001854-TOP005539-covers","covers",1.0,2013
"SPE001479","TOP005540","SPE001854-TOP005540-covers","covers",1.0,2013
"SPE001479","TOP005541","SPE001854-TOP005541-covers","covers",1.0,2013
"SPE001479","SPE001860","SPE001860-delivered","delivered",1.0,2020
"SPE001479","TOP005558","SPE001860-TOP005558-covers","covers",1.0,2020
"SPE001479","TOP005559","SPE001860-TOP005559-covers","covers",1.0,2020
"SPE001479","TOP000076","SPE001860-TOP000076-covers","covers",1.0,2020
"SPE001479","SPE001865","SPE001865-delivered","delivered",1.0,2025
"SPE001479","TOP002371","SPE001865-TOP002371-covers","covers",1.0,2025
"SPE001479","TOP005569","SPE001865-TOP005569-covers","covers",1.0,2025
"SPE001479","TOP005570","SPE001865-TOP005570-covers","covers",1.0,2025
"SPE001479","SPE001874","SPE001874-delivered","delivered",1.0,2034
"SPE001479","TOP005593","SPE001874-TOP005593-covers","covers",1.0,2034
"SPE001479","TOP005594","SPE001874-TOP005594-covers","covers",1.0,2034
"SPE001479","TOP005595","SPE001874-TOP005595-covers","covers",1.0,2034
"SPE001479","SPE001876","SPE001876-delivered","delivered",1.0,2036
"SPE001479","TOP005599","SPE001876-TOP005599-covers","covers",1.0,2036
"SPE001479","TOP005600","SPE001876-TOP005600-covers","covers",1.0,2036
"SPE001479","TOP005601","SPE001876-TOP005601-covers","covers",1.0,2036
"SPE001479","SPE001878","SPE001878-delivered","delivered",1.0,2038
"SPE001479","TOP005604","SPE001878-TOP005604-covers","covers",1.0,2038
"SPE001479","TOP005605","SPE001878-TOP005605-covers","covers",1.0,2038
"SPE001479","TOP005606","SPE001878-TOP005606-covers","covers",1.0,2038
"SPE001479","SPE001902","SPE001902-delivered","delivered",1.0,2063
"SPE001479","TOP005669","SPE001902-TOP005669-covers","covers",1.0,2063
"SPE001479","TOP005670","SPE001902-TOP005670-covers","covers",1.0,2063
"SPE001479","TOP005671","SPE001902-TOP005671-covers","covers",1.0,2063
"SPE001479","SPE001907","SPE001907-delivered","delivered",1.0,2068
"SPE001479","TOP005683","SPE001907-TOP005683-covers","covers",1.0,2068
"SPE001479","TOP005684","SPE001907-TOP005684-covers","covers",1.0,2068
"SPE001479","TOP005685","SPE001907-TOP005685-covers","covers",1.0,2068
"SPE001479","SPE001923","SPE001923-delivered","delivered",1.0,2085
"SPE001479","TOP005724","SPE001923-TOP005724-covers","covers",1.0,2085
"SPE001479","TOP005725","SPE001923-TOP005725-covers","covers",1.0,2085
"SPE001479","TOP005726","SPE001923-TOP005726-covers","covers",1.0,2085
"SPE001479","SPE001928","SPE001928-delivered","delivered",1.0,2090
"SPE001479","TOP005739","SPE001928-TOP005739-covers","covers",1.0,2090
"SPE001479","TOP005740","SPE001928-TOP005740-covers","covers",1.0,2090
"SPE001479","TOP005741","SPE001928-TOP005741-covers","covers",1.0,2090
"SPE001479","SPE001932","SPE001932-delivered","delivered",1.0,2094
"SPE001479","TOP005751","SPE001932-TOP005751-covers","covers",1.0,2094
"SPE001479","TOP005752","SPE001932-TOP005752-covers","covers",1.0,2094
"SPE001479","TOP005753","SPE001932-TOP005753-covers","covers",1.0,2094
"SPE001479","SPE001933","SPE001933-delivered","delivered",1.0,2095
"SPE001479","TOP005754","SPE001933-TOP005754-covers","covers",1.0,2095
"SPE001479","TOP005755","SPE001933-TOP005755-covers","covers",1.0,2095
"SPE001479","TOP003547","SPE001933-TOP003547-covers","covers",1.0,2095
"SPE001479","SPE001935","SPE001935-delivered","delivered",1.0,2097
"SPE001479","TOP005759","SPE001935-TOP005759-covers","covers",1.0,2097
"SPE001479","TOP005760","SPE001935-TOP005760-covers","covers",1.0,2097
"SPE001479","TOP005761","SPE001935-TOP005761-covers","covers",1.0,2097
"SPE001479","SPE001945","SPE001945-delivered","delivered",1.0,2107
"SPE001479","TOP005787","SPE001945-TOP005787-covers","covers",1.0,2107
"SPE001479","TOP005788","SPE001945-TOP005788-covers","covers",1.0,2107
"SPE001479","TOP005789","SPE001945-TOP005789-covers","covers",1.0,2107
"SPE001479","SPE001946","SPE001946-delivered","delivered",1.0,2109
"SPE001479","TOP005793","SPE001946-TOP005793-covers","covers",1.0,2109
"SPE001479","TOP005794","SPE001946-TOP005794-covers","covers",1.0,2109
"SPE001479","TOP005795","SPE001946-TOP005795-covers","covers",1.0,2109
"SPE001479","SPE001953","SPE001953-delivered","delivered",1.0,2117
"SPE001479","TOP005816","SPE001953-TOP005816-covers","covers",1.0,2117
"SPE001479","TOP005817","SPE001953-TOP005817-covers","covers",1.0,2117
"SPE001479","TOP005818","SPE001953-TOP005818-covers","covers",1.0,2117
"SPE001479","SPE001954","SPE001954-delivered","delivered",1.0,2118
"SPE001479","TOP005819","SPE001954-TOP005819-covers","covers",1.0,2118
"SPE001479","TOP002325","SPE001954-TOP002325-covers","covers",1.0,2118
"SPE001479","TOP005820","SPE001954-TOP005820-covers","covers",1.0,2118
"SPE001479","SPE001960","SPE001960-delivered","delivered",1.0,2124
"SPE001479","TOP005835","SPE001960-TOP005835-covers","covers",1.0,2124
"SPE001479","TOP005836","SPE001960-TOP005836-covers","covers",1.0,2124
"SPE001479","TOP005837","SPE001960-TOP005837-covers","covers",1.0,2124
"SPE001479","SPE001965","SPE001965-delivered","delivered",1.0,2130
"SPE001479","TOP005853","SPE001965-TOP005853-covers","covers",1.0,2130
"SPE001479","TOP005854","SPE001965-TOP005854-covers","covers",1.0,2130
"SPE001479","TOP005855","SPE001965-TOP005855-covers","covers",1.0,2130
"SPE001479","SPE001991","SPE001991-delivered","delivered",1.0,2157
"SPE001479","TOP005925","SPE001991-TOP005925-covers","covers",1.0,2157
"SPE001479","TOP005926","SPE001991-TOP005926-covers","covers",1.0,2157
"SPE001479","TOP005927","SPE001991-TOP005927-covers","covers",1.0,2157
"SPE001479","SPE001995","SPE001995-delivered","delivered",1.0,2161
"SPE001479","TOP005936","SPE001995-TOP005936-covers","covers",1.0,2161
"SPE001479","TOP005937","SPE001995-TOP005937-covers","covers",1.0,2161
"SPE001479","TOP003736","SPE001995-TOP003736-covers","covers",1.0,2161
"SPE001479","SPE001998","SPE001998-delivered","delivered",1.0,2164
"SPE001479","TOP005944","SPE001998-TOP005944-covers","covers",1.0,2164
"SPE001479","TOP005945","SPE001998-TOP005945-covers","covers",1.0,2164
"SPE001479","TOP005946","SPE001998-TOP005946-covers","covers",1.0,2164
"SPE001479","SPE001999","SPE001999-delivered","delivered",1.0,2165
"SPE001479","TOP002459","SPE001999-TOP002459-covers","covers",1.0,2165
"SPE001479","TOP002459","SPE002146-TOP002459-covers","covers",1.0,2317
"SPE001479","TOP005947","SPE001999-TOP005947-covers","covers",1.0,2165
"SPE001479","TOP005948","SPE001999-TOP005948-covers","covers",1.0,2165
"SPE001479","SPE002000","SPE002000-delivered","delivered",1.0,2166
"SPE001479","TOP005949","SPE002000-TOP005949-covers","covers",1.0,2166
"SPE001479","TOP005950","SPE002000-TOP005950-covers","covers",1.0,2166
"SPE001479","TOP005951","SPE002000-TOP005951-covers","covers",1.0,2166
"SPE001479","SPE002013","SPE002013-delivered","delivered",1.0,2179
"SPE001479","TOP005985","SPE002013-TOP005985-covers","covers",1.0,2179
"SPE001479","TOP005986","SPE002013-TOP005986-covers","covers",1.0,2179
"SPE001479","TOP005987","SPE002013-TOP005987-covers","covers",1.0,2179
"SPE001479","SPE002016","SPE002016-delivered","delivered",1.0,2183
"SPE001479","TOP005994","SPE002016-TOP005994-covers","covers",1.0,2183
"SPE001479","TOP005995","SPE002016-TOP005995-covers","covers",1.0,2183
"SPE001479","TOP005996","SPE002016-TOP005996-covers","covers",1.0,2183
"SPE001479","SPE002020","SPE002020-delivered","delivered",1.0,2187
"SPE001479","TOP006006","SPE002020-TOP006006-covers","covers",1.0,2187
"SPE001479","TOP006007","SPE002020-TOP006007-covers","covers",1.0,2187
"SPE001479","TOP006008","SPE002020-TOP006008-covers","covers",1.0,2187
"SPE001479","SPE002023","SPE002023-delivered","delivered",1.0,2190
"SPE001479","TOP006014","SPE002023-TOP006014-covers","covers",1.0,2190
"SPE001479","TOP006015","SPE002023-TOP006015-covers","covers",1.0,2190
"SPE001479","TOP006016","SPE002023-TOP006016-covers","covers",1.0,2190
"SPE001479","SPE002033","SPE002033-delivered","delivered",1.0,2200
"SPE001479","TOP006043","SPE002033-TOP006043-covers","covers",1.0,2200
"SPE001479","TOP006044","SPE002033-TOP006044-covers","covers",1.0,2200
"SPE001479","TOP006045","SPE002033-TOP006045-covers","covers",1.0,2200
"SPE001479","SPE002036","SPE002036-delivered","delivered",1.0,2203
"SPE001479","TOP006052","SPE002036-TOP006052-covers","covers",1.0,2203
"SPE001479","TOP006053","SPE002036-TOP006053-covers","covers",1.0,2203
"SPE001479","TOP006054","SPE002036-TOP006054-covers","covers",1.0,2203
"SPE001479","SPE002041","SPE002041-delivered","delivered",1.0,2208
"SPE001479","TOP006067","SPE002041-TOP006067-covers","covers",1.0,2208
"SPE001479","TOP006068","SPE002041-TOP006068-covers","covers",1.0,2208
"SPE001479","TOP006068","SPE002084-TOP006068-covers","covers",1.0,2252
"SPE001479","TOP006069","SPE002041-TOP006069-covers","covers",1.0,2208
"SPE001479","SPE002042","SPE002042-delivered","delivered",1.0,2209
"SPE001479","TOP006070","SPE002042-TOP006070-covers","covers",1.0,2209
"SPE001479","TOP006071","SPE002042-TOP006071-covers","covers",1.0,2209
"SPE001479","TOP006072","SPE002042-TOP006072-covers","covers",1.0,2209
"SPE001479","SPE002050","SPE002050-delivered","delivered",1.0,2217
"SPE001479","TOP006091","SPE002050-TOP006091-covers","covers",1.0,2217
"SPE001479","TOP006092","SPE002050-TOP006092-covers","covers",1.0,2217
"SPE001479","TOP006093","SPE002050-TOP006093-covers","covers",1.0,2217
"SPE001479","SPE002063","SPE002063-delivered","delivered",1.0,2230
"SPE001479","TOP006129","SPE002063-TOP006129-covers","covers",1.0,2230
"SPE001479","TOP006130","SPE002063-TOP006130-covers","covers",1.0,2230
"SPE001479","TOP006131","SPE002063-TOP006131-covers","covers",1.0,2230
"SPE001479","SPE002071","SPE002071-delivered","delivered",1.0,2239
"SPE001479","TOP006154","SPE002071-TOP006154-covers","covers",1.0,2239
"SPE001479","TOP006155","SPE002071-TOP006155-covers","covers",1.0,2239
"SPE001479","TOP006156","SPE002071-TOP006156-covers","covers",1.0,2239
"SPE001479","SPE002072","SPE002072-delivered","delivered",1.0,2240
"SPE001479","TOP006157","SPE002072-TOP006157-covers","covers",1.0,2240
"SPE001479","TOP006158","SPE002072-TOP006158-covers","covers",1.0,2240
"SPE001479","TOP006159","SPE002072-TOP006159-covers","covers",1.0,2240
"SPE001479","SPE002073","SPE002073-delivered","delivered",1.0,2241
"SPE001479","TOP006160","SPE002073-TOP006160-covers","covers",1.0,2241
"SPE001479","TOP006161","SPE002073-TOP006161-covers","covers",1.0,2241
"SPE001479","TOP006162","SPE002073-TOP006162-covers","covers",1.0,2241
"SPE001479","SPE002077","SPE002077-delivered","delivered",1.0,2245
"SPE001479","TOP006171","SPE002077-TOP006171-covers","covers",1.0,2245
"SPE001479","TOP006172","SPE002077-TOP006172-covers","covers",1.0,2245
"SPE001479","TOP006173","SPE002077-TOP006173-covers","covers",1.0,2245
"SPE001479","SPE002081","SPE002081-delivered","delivered",1.0,2249
"SPE001479","TOP006182","SPE002081-TOP006182-covers","covers",1.0,2249
"SPE001479","TOP006183","SPE002081-TOP006183-covers","covers",1.0,2249
"SPE001479","TOP006184","SPE002081-TOP006184-covers","covers",1.0,2249
"SPE001479","SPE002084","SPE002084-delivered","delivered",1.0,2252
"SPE001479","TOP001696","SPE002084-TOP001696-covers","covers",1.0,2252
"SPE001479","TOP006190","SPE002084-TOP006190-covers","covers",1.0,2252
"SPE001479","SPE002086","SPE002086-delivered","delivered",1.0,2254
"SPE001479","TOP006194","SPE002086-TOP006194-covers","covers",1.0,2254
"SPE001479","TOP006195","SPE002086-TOP006195-covers","covers",1.0,2254
"SPE001479","TOP006196","SPE002086-TOP006196-covers","covers",1.0,2254
"SPE001479","SPE002090","SPE002090-delivered","delivered",1.0,2258
"SPE001479","TOP006205","SPE002090-TOP006205-covers","covers",1.0,2258
"SPE001479","TOP006206","SPE002090-TOP006206-covers","covers",1.0,2258
"SPE001479","TOP006207","SPE002090-TOP006207-covers","covers",1.0,2258
"SPE001479","SPE002093","SPE002093-delivered","delivered",1.0,2261
"SPE001479","TOP006214","SPE002093-TOP006214-covers","covers",1.0,2261
"SPE001479","TOP006215","SPE002093-TOP006215-covers","covers",1.0,2261
"SPE001479","TOP006216","SPE002093-TOP006216-covers","covers",1.0,2261
"SPE001479","SPE002096","SPE002096-delivered","delivered",1.0,2264
"SPE001479","TOP006222","SPE002096-TOP006222-covers","covers",1.0,2264
"SPE001479","TOP006223","SPE002096-TOP006223-covers","covers",1.0,2264
"SPE001479","TOP006224","SPE002096-TOP006224-covers","covers",1.0,2264
"SPE001479","SPE002117","SPE002117-delivered","delivered",1.0,2285
"SPE001479","TOP006282","SPE002117-TOP006282-covers","covers",1.0,2285
"SPE001479","TOP006283","SPE002117-TOP006283-covers","covers",1.0,2285
"SPE001479","TOP006284","SPE002117-TOP006284-covers","covers",1.0,2285
"SPE001479","SPE002119","SPE002119-delivered","delivered",1.0,2287
"SPE001479","TOP006288","SPE002119-TOP006288-covers","covers",1.0,2287
"SPE001479","TOP006289","SPE002119-TOP006289-covers","covers",1.0,2287
"SPE001479","TOP006290","SPE002119-TOP006290-covers","covers",1.0,2287
"SPE001479","SPE002131","SPE002131-delivered","delivered",1.0,2299
"SPE001479","TOP006323","SPE002131-TOP006323-covers","covers",1.0,2299
"SPE001479","TOP006324","SPE002131-TOP006324-covers","covers",1.0,2299
"SPE001479","TOP006325","SPE002131-TOP006325-covers","covers",1.0,2299
"SPE001479","SPE002146","SPE002146-delivered","delivered",1.0,2317
"SPE001479","TOP006373","SPE002146-TOP006373-covers","covers",1.0,2317
"SPE001479","TOP006374","SPE002146-TOP006374-covers","covers",1.0,2317
"SPE001479","SPE002152","SPE002152-delivered","delivered",1.0,2323
"SPE001479","TOP006387","SPE002152-TOP006387-covers","covers",1.0,2323
"SPE001479","TOP006388","SPE002152-TOP006388-covers","covers",1.0,2323
"SPE001479","TOP006389","SPE002152-TOP006389-covers","covers",1.0,2323
"SPE001479","SPE002154","SPE002154-delivered","delivered",1.0,2325
"SPE001479","TOP006393","SPE002154-TOP006393-covers","covers",1.0,2325
"SPE001479","TOP006394","SPE002154-TOP006394-covers","covers",1.0,2325
"SPE001479","TOP006395","SPE002154-TOP006395-covers","covers",1.0,2325
"SPE001479","SPE002156","SPE002156-delivered","delivered",1.0,2327
"SPE001479","TOP006399","SPE002156-TOP006399-covers","covers",1.0,2327
"SPE001479","TOP006400","SPE002156-TOP006400-covers","covers",1.0,2327
"SPE001479","TOP006401","SPE002156-TOP006401-covers","covers",1.0,2327
"SPE001479","SPE002160","SPE002160-delivered","delivered",1.0,2331
"SPE001479","TOP006410","SPE002160-TOP006410-covers","covers",1.0,2331
"SPE001479","TOP006411","SPE002160-TOP006411-covers","covers",1.0,2331
"SPE001479","TOP006412","SPE002160-TOP006412-covers","covers",1.0,2331
"SPE001479","SPE002162","SPE002162-delivered","delivered",1.0,2334
"SPE001479","TOP006419","SPE002162-TOP006419-covers","covers",1.0,2334
"SPE001479","TOP006420","SPE002162-TOP006420-covers","covers",1.0,2334
"SPE001479","TOP005144","SPE002162-TOP005144-covers","covers",1.0,2334
"SPE001479","SPE002165","SPE002165-delivered","delivered",1.0,2337
"SPE001479","TOP006427","SPE002165-TOP006427-covers","covers",1.0,2337
"SPE001479","TOP006428","SPE002165-TOP006428-covers","covers",1.0,2337
"SPE001479","TOP006429","SPE002165-TOP006429-covers","covers",1.0,2337
"SPE001479","SPE002179","SPE002179-delivered","delivered",1.0,2352
"SPE001479","TOP006469","SPE002179-TOP006469-covers","covers",1.0,2352
"SPE001479","TOP006470","SPE002179-TOP006470-covers","covers",1.0,2352
"SPE001479","TOP006471","SPE002179-TOP006471-covers","covers",1.0,2352
"SPE001479","SPE002195","SPE002195-delivered","delivered",1.0,2369
"SPE001479","TOP006517","SPE002195-TOP006517-covers","covers",1.0,2369
"SPE001479","TOP006518","SPE002195-TOP006518-covers","covers",1.0,2369
"SPE001479","TOP006519","SPE002195-TOP006519-covers","covers",1.0,2369
"SPE001479","SPE002198","SPE002198-delivered","delivered",1.0,2372
"SPE001479","TOP006524","SPE002198-TOP006524-covers","covers",1.0,2372
"SPE001479","TOP006525","SPE002198-TOP006525-covers","covers",1.0,2372
"SPE001479","TOP006526","SPE002198-TOP006526-covers","covers",1.0,2372
"SPE001479","SPE002200","SPE002200-delivered","delivered",1.0,2374
"SPE001479","TOP006530","SPE002200-TOP006530-covers","covers",1.0,2374
"SPE001479","TOP006531","SPE002200-TOP006531-covers","covers",1.0,2374
"SPE001479","TOP006532","SPE002200-TOP006532-covers","covers",1.0,2374
"SPE001479","SPE002206","SPE002206-delivered","delivered",1.0,2381
"SPE001479","TOP006547","SPE002206-TOP006547-covers","covers",1.0,2381
"SPE001479","TOP006548","SPE002206-TOP006548-covers","covers",1.0,2381
"SPE001479","TOP006549","SPE002206-TOP006549-covers","covers",1.0,2381
"SPE001479","SPE002208","SPE002208-delivered","delivered",1.0,2383
"SPE001479","TOP006553","SPE002208-TOP006553-covers","covers",1.0,2383
"SPE001479","TOP006554","SPE002208-TOP006554-covers","covers",1.0,2383
"SPE001479","TOP006555","SPE002208-TOP006555-covers","covers",1.0,2383
"SPE001479","SPE002210","SPE002210-delivered","delivered",1.0,2385
"SPE001479","TOP006559","SPE002210-TOP006559-covers","covers",1.0,2385
"SPE001479","TOP006543","SPE002210-TOP006543-covers","covers",1.0,2385
"SPE001479","TOP006560","SPE002210-TOP006560-covers","covers",1.0,2385
"SPE001479","SPE002218","SPE002218-delivered","delivered",1.0,2393
"SPE001479","TOP006582","SPE002218-TOP006582-covers","covers",1.0,2393
"SPE001479","TOP006583","SPE002218-TOP006583-covers","covers",1.0,2393
"SPE001479","TOP004983","SPE002218-TOP004983-covers","covers",1.0,2393
"SPE001479","SPE002228","SPE002228-delivered","delivered",1.0,2403
"SPE001479","TOP006609","SPE002228-TOP006609-covers","covers",1.0,2403
"SPE001479","TOP006610","SPE002228-TOP006610-covers","covers",1.0,2403
"SPE001479","TOP006611","SPE002228-TOP006611-covers","covers",1.0,2403
"SPE001479","SPE002230","SPE002230-delivered","delivered",1.0,2405
"SPE001479","TOP006614","SPE002230-TOP006614-covers","covers",1.0,2405
"SPE001479","TOP006615","SPE002230-TOP006615-covers","covers",1.0,2405
"SPE001479","TOP006616","SPE002230-TOP006616-covers","covers",1.0,2405
"SPE001479","SPE002233","SPE002233-delivered","delivered",1.0,2409
"SPE001479","TOP006625","SPE002233-TOP006625-covers","covers",1.0,2409
"SPE001479","TOP006626","SPE002233-TOP006626-covers","covers",1.0,2409
"SPE001479","TOP006627","SPE002233-TOP006627-covers","covers",1.0,2409
"SPE001479","SPE002234","SPE002234-delivered","delivered",1.0,2410
"SPE001479","TOP006628","SPE002234-TOP006628-covers","covers",1.0,2410
"SPE001479","TOP006629","SPE002234-TOP006629-covers","covers",1.0,2410
"SPE001479","TOP006630","SPE002234-TOP006630-covers","covers",1.0,2410
"SPE001479","SPE002236","SPE002236-delivered","delivered",1.0,2412
"SPE001479","TOP006634","SPE002236-TOP006634-covers","covers",1.0,2412
"SPE001479","TOP006635","SPE002236-TOP006635-covers","covers",1.0,2412
"SPE001479","TOP006636","SPE002236-TOP006636-covers","covers",1.0,2412
"SPE001479","SPE002242","SPE002242-delivered","delivered",1.0,2418
"SPE001479","TOP006652","SPE002242-TOP006652-covers","covers",1.0,2418
"SPE001479","TOP006653","SPE002242-TOP006653-covers","covers",1.0,2418
"SPE001479","TOP006654","SPE002242-TOP006654-covers","covers",1.0,2418
"SPE001479","SPE002243","SPE002243-delivered","delivered",1.0,2419
"SPE001479","TOP006655","SPE002243-TOP006655-covers","covers",1.0,2419
"SPE001479","TOP006656","SPE002243-TOP006656-covers","covers",1.0,2419
"SPE001479","TOP006657","SPE002243-TOP006657-covers","covers",1.0,2419
"SPE001479","SPE002254","SPE002254-delivered","delivered",1.0,2429
"SPE001479","TOP006682","SPE002254-TOP006682-covers","covers",1.0,2429
"SPE001479","TOP006683","SPE002254-TOP006683-covers","covers",1.0,2429
"SPE001479","TOP006684","SPE002254-TOP006684-covers","covers",1.0,2429
"SPE001479","SPE002263","SPE002263-delivered","delivered",1.0,2440
"SPE001479","TOP006714","SPE002263-TOP006714-covers","covers",1.0,2440
"SPE001479","TOP006715","SPE002263-TOP006715-covers","covers",1.0,2440
"SPE001479","TOP006716","SPE002263-TOP006716-covers","covers",1.0,2440
"SPE001479","SPE002266","SPE002266-delivered","delivered",1.0,2443
"SPE001479","TOP006723","SPE002266-TOP006723-covers","covers",1.0,2443
"SPE001479","TOP006724","SPE002266-TOP006724-covers","covers",1.0,2443
"SPE001479","TOP006725","SPE002266-TOP006725-covers","covers",1.0,2443
"SPE001479","SPE002275","SPE002275-delivered","delivered",1.0,2452
"SPE001479","TOP006746","SPE002275-TOP006746-covers","covers",1.0,2452
"SPE001479","TOP006747","SPE002275-TOP006747-covers","covers",1.0,2452
"SPE001479","TOP006748","SPE002275-TOP006748-covers","covers",1.0,2452
"SPE001479","SPE002277","SPE002277-delivered","delivered",1.0,2454
"SPE001479","TOP006752","SPE002277-TOP006752-covers","covers",1.0,2454
"SPE001479","TOP006753","SPE002277-TOP006753-covers","covers",1.0,2454
"SPE001479","TOP006754","SPE002277-TOP006754-covers","covers",1.0,2454
"SPE001479","SPE002282","SPE002282-delivered","delivered",1.0,2460
"SPE001479","TOP006770","SPE002282-TOP006770-covers","covers",1.0,2460
"SPE001479","TOP006771","SPE002282-TOP006771-covers","covers",1.0,2460
"SPE001479","TOP006772","SPE002282-TOP006772-covers","covers",1.0,2460
"SPE001479","SPE002285","SPE002285-delivered","delivered",1.0,2463
"SPE001479","TOP006779","SPE002285-TOP006779-covers","covers",1.0,2463
"SPE001479","TOP006780","SPE002285-TOP006780-covers","covers",1.0,2463
"SPE001479","TOP006781","SPE002285-TOP006781-covers","covers",1.0,2463
"SPE001479","SPE002286","SPE002286-delivered","delivered",1.0,2464
"SPE001479","TOP006782","SPE002286-TOP006782-covers","covers",1.0,2464
"SPE001479","TOP006783","SPE002286-TOP006783-covers","covers",1.0,2464
"SPE001479","TOP002914","SPE002286-TOP002914-covers","covers",1.0,2464
"SPE001479","SPE002292","SPE002292-delivered","delivered",1.0,2470
"SPE001479","TOP006797","SPE002292-TOP006797-covers","covers",1.0,2470
"SPE001479","TOP006798","SPE002292-TOP006798-covers","covers",1.0,2470
"SPE001479","TOP006799","SPE002292-TOP006799-covers","covers",1.0,2470
"SPE001479","SPE002308","SPE002308-delivered","delivered",1.0,2485
"SPE001479","TOP006842","SPE002308-TOP006842-covers","covers",1.0,2485
"SPE001479","TOP006843","SPE002308-TOP006843-covers","covers",1.0,2485
"SPE001479","TOP006844","SPE002308-TOP006844-covers","covers",1.0,2485
"SPE001479","SPE002313","SPE002313-delivered","delivered",1.0,2490
"SPE001479","TOP006857","SPE002313-TOP006857-covers","covers",1.0,2490
"SPE001479","TOP006858","SPE002313-TOP006858-covers","covers",1.0,2490
"SPE001479","TOP002924","SPE002313-TOP002924-covers","covers",1.0,2490
"SPE001479","TOP002924","SPE002337-TOP002924-covers","covers",1.0,2516
"SPE001479","SPE002329","SPE002329-delivered","delivered",1.0,2507
"SPE001479","TOP006902","SPE002329-TOP006902-covers","covers",1.0,2507
"SPE001479","TOP006903","SPE002329-TOP006903-covers","covers",1.0,2507
"SPE001479","TOP006904","SPE002329-TOP006904-covers","covers",1.0,2507
"SPE001479","SPE002332","SPE002332-delivered","delivered",1.0,2511
"SPE001479","TOP006911","SPE002332-TOP006911-covers","covers",1.0,2511
"SPE001479","TOP006912","SPE002332-TOP006912-covers","covers",1.0,2511
"SPE001479","TOP006913","SPE002332-TOP006913-covers","covers",1.0,2511
"SPE001479","SPE002334","SPE002334-delivered","delivered",1.0,2513
"SPE001479","TOP006917","SPE002334-TOP006917-covers","covers",1.0,2513
"SPE001479","TOP006918","SPE002334-TOP006918-covers","covers",1.0,2513
"SPE001479","TOP006919","SPE002334-TOP006919-covers","covers",1.0,2513
"SPE001479","SPE002337","SPE002337-delivered","delivered",1.0,2516
"SPE001479","TOP006925","SPE002337-TOP006925-covers","covers",1.0,2516
"SPE001479","TOP006926","SPE002337-TOP006926-covers","covers",1.0,2516
"SPE001479","SPE002341","SPE002341-delivered","delivered",1.0,2519
"SPE001479","TOP006933","SPE002341-TOP006933-covers","covers",1.0,2519
"SPE001479","TOP006934","SPE002341-TOP006934-covers","covers",1.0,2519
"SPE001479","TOP006935","SPE002341-TOP006935-covers","covers",1.0,2519
"SPE001479","SPE002349","SPE002349-delivered","delivered",1.0,2527
"SPE001479","TOP006956","SPE002349-TOP006956-covers","covers",1.0,2527
"SPE001479","TOP006957","SPE002349-TOP006957-covers","covers",1.0,2527
"SPE001479","TOP006958","SPE002349-TOP006958-covers","covers",1.0,2527
"SPE001479","SPE002353","SPE002353-delivered","delivered",1.0,2531
"SPE001479","TOP006966","SPE002353-TOP006966-covers","covers",1.0,2531
"SPE001479","TOP006967","SPE002353-TOP006967-covers","covers",1.0,2531
"SPE001479","TOP006968","SPE002353-TOP006968-covers","covers",1.0,2531
"SPE001479","SPE002358","SPE002358-delivered","delivered",1.0,2536
"SPE001479","TOP006981","SPE002358-TOP006981-covers","covers",1.0,2536
"SPE001479","TOP006982","SPE002358-TOP006982-covers","covers",1.0,2536
"SPE001479","TOP006983","SPE002358-TOP006983-covers","covers",1.0,2536
"SPE001479","SPE002360","SPE002360-delivered","delivered",1.0,2538
"SPE001479","TOP006987","SPE002360-TOP006987-covers","covers",1.0,2538
"SPE001479","TOP006988","SPE002360-TOP006988-covers","covers",1.0,2538
"SPE001479","TOP006989","SPE002360-TOP006989-covers","covers",1.0,2538
"SPE001480","DAT001235","SPE001480-held_on","held_on",1.0,1627
"SPE001481","DAT001235","SPE001481-held_on","held_on",1.0,1628
"SPE001482","DAT001236","SPE001482-held_on","held_on",1.0,1629
"SPE001483","DAT001237","SPE001483-held_on","held_on",1.0,1630
"SPE001484","DAT001237","SPE001484-held_on","held_on",1.0,1631
"SPE001485","DAT001237","SPE001485-held_on","held_on",1.0,1632
"SPE001486","DAT001238","SPE001486-held_on","held_on",1.0,1633
"SPE001487","DAT001239","SPE001487-held_on","held_on",1.0,1634
"SPE001488","DAT001239","SPE001488-held_on","held_on",1.0,1635
"SPE001489","DAT001239","SPE001489-held_on","held_on",1.0,1636
"SPE001490","DAT001240","SPE001490-held_on","held_on",1.0,1637
"SPE001491","DAT001240","SPE001491-held_on","held_on",1.0,1638
"SPE001492","DAT001241","SPE001492-held_on","held_on",1.0,1639
"SPE001493","DAT001242","SPE001493-held_on","held_on",1.0,1640
"SPE001494","DAT001242","SPE001494-held_on","held_on",1.0,1641
"SPE001495","DAT001243","SPE001495-held_on","held_on",1.0,1642
"SPE001496","DAT001244","SPE001496-held_on","held_on",1.0,1643
"SPE001497","DAT001245","SPE001497-held_on","held_on",1.0,1644
"SPE001498","DAT001245","SPE001498-held_on","held_on",1.0,1645
"SPE001499","DAT001246","SPE001499-held_on","held_on",1.0,1646
"SPE001500","DAT001247","SPE001500-held_on","held_on",1.0,1647
"SPE001501","DAT001248","SPE001501-held_on","held_on",1.0,1648
"SPE001502","DAT001249","SPE001502-held_on","held_on",1.0,1649
"SPE001503","DAT001250","SPE001503-held_on","held_on",1.0,1650
"SPE001504","DAT001251","SPE001504-held_on","held_on",1.0,1651
"SPE001505","DAT001252","SPE001505-held_on","held_on",1.0,1652
"SPE001506","DAT001253","SPE001506-held_on","held_on",1.0,1653
"SPE001507","DAT001253","SPE001507-held_on","held_on",1.0,1654
"SPE001508","DAT001254","SPE001508-held_on","held_on",1.0,1655
"SPE001509","DAT001255","SPE001509-held_on","held_on",1.0,1656
"SPE001510","DAT001256","SPE001510-held_on","held_on",1.0,1658
"SPE001511","DAT001257","SPE001511-held_on","held_on",1.0,1659
"SPE001512","DAT001257","SPE001512-held_on","held_on",1.0,1660
"SPE001513","DAT001258","SPE001513-held_on","held_on",1.0,1661
"SPE001514","DAT001259","SPE001514-held_on","held_on",1.0,1662
"SPE001515","DAT001259","SPE001515-held_on","held_on",1.0,1663
"SPE001516","DAT001260","SPE001516-held_on","held_on",1.0,1664
"SPE001517","DAT001261","SPE001517-held_on","held_on",1.0,1665
"SPE001518","DAT001261","SPE001518-held_on","held_on",1.0,1666
"SPE001519","DAT001262","SPE001519-held_on","held_on",1.0,1667
"SPE001520","DAT001263","SPE001520-held_on","held_on",1.0,1668
"SPE001521","DAT001264","SPE001521-held_on","held_on",1.0,1669
"SPE001522","DAT001265","SPE001522-held_on","held_on",1.0,1670
"SPE001523","DAT001266","SPE001523-held_on","held_on",1.0,1671
"SPE001524","DAT001267","SPE001524-held_on","held_on",1.0,1672
"SPE001525","DAT001268","SPE001525-held_on","held_on",1.0,1673
"SPE001526","DAT001269","SPE001526-held_on","held_on",1.0,1674
"SPE001527","DAT001270","SPE001527-held_on","held_on",1.0,1675
"SPE001528","DAT001271","SPE001528-held_on","held_on",1.0,1676
"SPE001529","DAT001272","SPE001529-held_on","held_on",1.0,1677
"SPE001530","DAT001273","SPE001530-held_on","held_on",1.0,1678
"SPE001531","DAT001273","SPE001531-held_on","held_on",1.0,1679
"SPE001532","DAT001273","SPE001532-held_on","held_on",1.0,1680
"SPE001533","DAT001274","SPE001533-held_on","held_on",1.0,1681
"SPE001534","DAT001275","SPE001534-held_on","held_on",1.0,1682
"SPE001535","DAT001276","SPE001535-held_on","held_on",1.0,1683
"SPE001536","DAT001277","SPE001536-held_on","held_on",1.0,1684
"SPE001537","DAT001278","SPE001537-held_on","held_on",1.0,1685
"SPE001538","DAT001279","SPE001538-held_on","held_on",1.0,1686
"SPE001539","DAT001280","SPE001539-held_on","held_on",1.0,1687
"SPE001540","DAT001281","SPE001540-held_on","held_on",1.0,1688
"SPE001541","DAT001282","SPE001541-held_on","held_on",1.0,1689
"SPE001542","DAT001283","SPE001542-held_on","held_on",1.0,1690
"SPE001543","DAT001284","SPE001543-held_on","held_on",1.0,1691
"SPE001544","DAT001284","SPE001544-held_on","held_on",1.0,1692
"SPE001545","DAT001285","SPE001545-held_on","held_on",1.0,1693
"SPE001546","DAT001286","SPE001546-held_on","held_on",1.0,1694
"SPE001547","DAT001287","SPE001547-held_on","held_on",1.0,1695
"SPE001548","DAT001287","SPE001548-held_on","held_on",1.0,1696
"SPE001549","DAT001287","SPE001549-held_on","held_on",1.0,1697
"SPE001550","DAT001288","SPE001550-held_on","held_on",1.0,1698
"SPE001551","DAT001289","SPE001551-held_on","held_on",1.0,1699
"SPE001552","DAT001289","SPE001552-held_on","held_on",1.0,1700
"SPE001553","DAT001290","SPE001553-held_on","held_on",1.0,1701
"SPE001554","DAT001290","SPE001554-held_on","held_on",1.0,1702
"SPE001555","DAT001291","SPE001555-held_on","held_on",1.0,1703
"SPE001556","DAT001292","SPE001556-held_on","held_on",1.0,1704
"SPE001557","DAT001293","SPE001557-held_on","held_on",1.0,1705
"SPE001558","DAT001294","SPE001558-held_on","held_on",1.0,1706
"SPE001559","DAT001295","SPE001559-held_on","held_on",1.0,1707
"SPE001560","DAT001296","SPE001560-held_on","held_on",1.0,1708
"SPE001561","DAT001296","SPE001561-held_on","held_on",1.0,1709
"SPE001562","DAT001297","SPE001562-held_on","held_on",1.0,1710
"SPE001563","DAT001298","SPE001563-held_on","held_on",1.0,1711
"SPE001564","DAT001298","SPE001564-held_on","held_on",1.0,1712
"SPE001565","DAT001298","SPE001565-held_on","held_on",1.0,1713
"SPE001566","DAT001299","SPE001566-held_on","held_on",1.0,1714
"SPE001567","DAT001300","SPE001567-held_on","held_on",1.0,1715
"SPE001568","DAT001301","SPE001568-held_on","held_on",1.0,1716
"SPE001569","DAT001302","SPE001569-held_on","held_on",1.0,1717
"SPE001570","DAT001303","SPE001570-held_on","held_on",1.0,1718
"SPE001571","DAT001304","SPE001571-held_on","held_on",1.0,1719
"SPE001572","DAT001305","SPE001572-held_on","held_on",1.0,1720
"SPE001573","DAT001306","SPE001573-held_on","held_on",1.0,1721
"SPE001574","DAT001307","SPE001574-held_on","held_on",1.0,1722
"SPE001575","DAT001307","SPE001575-held_on","held_on",1.0,1723
"SPE001576","DAT001307","SPE001576-held_on","held_on",1.0,1724
"SPE001577","DAT001307","SPE001577-held_on","held_on",1.0,1725
"SPE001578","DAT001308","SPE001578-held_on","held_on",1.0,1726
"SPE001579","DAT001309","SPE001579-held_on","held_on",1.0,1727
"SPE001579","DAT001373","SPE001579-held_on","held_on",1.0,1817
"SPE001580","DAT001309","SPE001580-held_on","held_on",1.0,1729
"SPE001581","DAT001309","SPE001581-held_on","held_on",1.0,1730
"SPE001582","DAT001310","SPE001582-held_on","held_on",1.0,1731
"SPE001583","DAT001310","SPE001583-held_on","held_on",1.0,1732
"SPE001584","DAT001311","SPE001584-held_on","held_on",1.0,1733
"SPE001585","DAT001312","SPE001585-held_on","held_on",1.0,1734
"SPE001586","DAT001313","SPE001586-held_on","held_on",1.0,1735
"SPE001587","DAT001314","SPE001587-held_on","held_on",1.0,1736
"SPE001588","DAT001315","SPE001588-held_on","held_on",1.0,1737
"SPE001589","DAT001316","SPE001589-held_on","held_on",1.0,1738
"SPE001590","DAT001317","SPE001590-held_on","held_on",1.0,1739
"SPE001591","DAT001318","SPE001591-held_on","held_on",1.0,1740
"SPE001592","DAT001319","SPE001592-held_on","held_on",1.0,1741
"SPE001593","DAT001319","SPE001593-held_on","held_on",1.0,1742
"SPE001594","DAT001319","SPE001594-held_on","held_on",1.0,1743
"SPE001595","DAT001319","SPE001595-held_on","held_on",1.0,1744
"SPE001596","DAT001320","SPE001596-held_on","held_on",1.0,1745
"SPE001597","DAT001321","SPE001597-held_on","held_on",1.0,1746
"SPE001598","DAT001323","SPE001598-held_on","held_on",1.0,1748
"SPE001598","DAT001350","SPE001598-held_on","held_on",1.0,1793
"SPE001598","DAT001375","SPE001598-held_on","held_on",1.0,1822
"SPE001598","DAT001396","SPE001598-held_on","held_on",1.0,1850
"SPE001598","DAT001456","SPE001598-held_on","held_on",1.0,1928
"SPE001598","DAT001467","SPE001598-held_on","held_on",1.0,1941
"SPE001598","DAT001493","SPE001598-held_on","held_on",1.0,1981
"SPE001598","DAT001506","SPE001598-held_on","held_on",1.0,2001
"SPE001598","DAT001538","SPE001598-held_on","held_on",1.0,2046
"SPE001598","DAT001560","SPE001598-held_on","held_on",1.0,2076
"SPE001598","DAT001582","SPE001598-held_on","held_on",1.0,2108
"SPE001598","DAT001592","SPE001598-held_on","held_on",1.0,2125
"SPE001598","DAT001610","SPE001598-held_on","held_on",1.0,2150
"SPE001599","DAT001323","SPE001599-held_on","held_on",1.0,1749
"SPE001600","DAT001324","SPE001600-held_on","held_on",1.0,1750
"SPE001601","DAT001324","SPE001601-held_on","held_on",1.0,1751
"SPE001602","DAT001324","SPE001602-held_on","held_on",1.0,1752
"SPE001603","DAT001325","SPE001603-held_on","held_on",1.0,1753
"SPE001604","DAT001325","SPE001604-held_on","held_on",1.0,1754
"SPE001605","DAT001326","SPE001605-held_on","held_on",1.0,1755
"SPE001606","DAT001327","SPE001606-held_on","held_on",1.0,1756
"SPE001607","DAT001327","SPE001607-held_on","held_on",1.0,1757
"SPE001608","DAT001327","SPE001608-held_on","held_on",1.0,1758
"SPE001609","DAT001328","SPE001609-held_on","held_on",1.0,1759
"SPE001610","DAT001329","SPE001610-held_on","held_on",1.0,1760
"SPE001611","SPE001612","SPE001612-delivered","delivered",1.0,1761
"SPE001611","TOP004822","SPE001612-TOP004822-covers","covers",1.0,1761
"SPE001611","TOP001797","SPE001612-TOP001797-covers","covers",1.0,1761
"SPE001611","TOP001797","SPE002201-TOP001797-covers","covers",1.0,2375
"SPE001611","TOP004823","SPE001612-TOP004823-covers","covers",1.0,1761
"SPE001611","SPE001623","SPE001623-delivered","delivered",1.0,1772
"SPE001611","TOP004852","SPE001623-TOP004852-covers","covers",1.0,1772
"SPE001611","TOP004853","SPE001623-TOP004853-covers","covers",1.0,1772
"SPE001611","TOP004854","SPE001623-TOP004854-covers","covers",1.0,1772
"SPE001611","SPE001629","SPE001629-delivered","delivered",1.0,1778
"SPE001611","TOP004870","SPE001629-TOP004870-covers","covers",1.0,1778
"SPE001611","TOP004871","SPE001629-TOP004871-covers","covers",1.0,1778
"SPE001611","TOP004872","SPE001629-TOP004872-covers","covers",1.0,1778
"SPE001611","SPE001635","SPE001635-delivered","delivered",1.0,1784
"SPE001611","TOP004887","SPE001635-TOP004887-covers","covers",1.0,1784
"SPE001611","TOP004888","SPE001635-TOP004888-covers","covers",1.0,1784
"SPE001611","TOP004889","SPE001635-TOP004889-covers","covers",1.0,1784
"SPE001611","SPE001666","SPE001666-delivered","delivered",1.0,1816
"SPE001611","TOP004976","SPE001666-TOP004976-covers","covers",1.0,1816
"SPE001611","TOP004977","SPE001666-TOP004977-covers","covers",1.0,1816
"SPE001611","TOP004977","SPE001780-TOP004977-covers","covers",1.0,1936
"SPE001611","TOP004978","SPE001666-TOP004978-covers","covers",1.0,1816
"SPE001611","SPE001706","SPE001706-delivered","delivered",1.0,1860
"SPE001611","TOP005101","SPE001706-TOP005101-covers","covers",1.0,1860
"SPE001611","TOP005102","SPE001706-TOP005102-covers","covers",1.0,1860
"SPE001611","TOP001493","SPE001706-TOP001493-covers","covers",1.0,1860
"SPE001611","SPE001724","SPE001724-delivered","delivered",1.0,1878
"SPE001611","TOP005152","SPE001724-TOP005152-covers","covers",1.0,1878
"SPE001611","TOP005153","SPE001724-TOP005153-covers","covers",1.0,1878
"SPE001611","TOP005154","SPE001724-TOP005154-covers","covers",1.0,1878
"SPE001611","SPE001736","SPE001736-delivered","delivered",1.0,1890
"SPE001611","TOP005187","SPE001736-TOP005187-covers","covers",1.0,1890
"SPE001611","TOP005188","SPE001736-TOP005188-covers","covers",1.0,1890
"SPE001611","TOP005189","SPE001736-TOP005189-covers","covers",1.0,1890
"SPE001611","SPE001741","SPE001741-delivered","delivered",1.0,1895
"SPE001611","TOP005201","SPE001741-TOP005201-covers","covers",1.0,1895
"SPE001611","TOP005202","SPE001741-TOP005202-covers","covers",1.0,1895
"SPE001611","TOP005203","SPE001741-TOP005203-covers","covers",1.0,1895
"SPE001611","SPE001743","SPE001743-delivered","delivered",1.0,1897
"SPE001611","TOP005207","SPE001743-TOP005207-covers","covers",1.0,1897
"SPE001611","TOP005208","SPE001743-TOP005208-covers","covers",1.0,1897
"SPE001611","TOP005209","SPE001743-TOP005209-covers","covers",1.0,1897
"SPE001611","SPE001747","SPE001747-delivered","delivered",1.0,1901
"SPE001611","TOP005218","SPE001747-TOP005218-covers","covers",1.0,1901
"SPE001611","TOP005219","SPE001747-TOP005219-covers","covers",1.0,1901
"SPE001611","TOP005220","SPE001747-TOP005220-covers","covers",1.0,1901
"SPE001611","SPE001754","SPE001754-delivered","delivered",1.0,1908
"SPE001611","TOP005238","SPE001754-TOP005238-covers","covers",1.0,1908
"SPE001611","TOP005239","SPE001754-TOP005239-covers","covers",1.0,1908
"SPE001611","TOP005240","SPE001754-TOP005240-covers","covers",1.0,1908
"SPE001611","SPE001755","SPE001755-delivered","delivered",1.0,1909
"SPE001611","TOP005241","SPE001755-TOP005241-covers","covers",1.0,1909
"SPE001611","TOP005242","SPE001755-TOP005242-covers","covers",1.0,1909
"SPE001611","TOP005243","SPE001755-TOP005243-covers","covers",1.0,1909
"SPE001611","SPE001769","SPE001769-delivered","delivered",1.0,1924
"SPE001611","TOP005285","SPE001769-TOP005285-covers","covers",1.0,1924
"SPE001611","TOP005286","SPE001769-TOP005286-covers","covers",1.0,1924
"SPE001611","TOP005287","SPE001769-TOP005287-covers","covers",1.0,1924
"SPE001611","TOP005287","SPE002143-TOP005287-covers","covers",1.0,2314
"SPE001611","SPE001780","SPE001780-delivered","delivered",1.0,1936
"SPE001611","TOP005320","SPE001780-TOP005320-covers","covers",1.0,1936
"SPE001611","TOP005321","SPE001780-TOP005321-covers","covers",1.0,1936
"SPE001611","SPE001799","SPE001799-delivered","delivered",1.0,1956
"SPE001611","TOP005377","SPE001799-TOP005377-covers","covers",1.0,1956
"SPE001611","TOP005378","SPE001799-TOP005378-covers","covers",1.0,1956
"SPE001611","TOP005379","SPE001799-TOP005379-covers","covers",1.0,1956
"SPE001611","SPE001823","SPE001823-delivered","delivered",1.0,1980
"SPE001611","TOP005446","SPE001823-TOP005446-covers","covers",1.0,1980
"SPE001611","TOP005447","SPE001823-TOP005447-covers","covers",1.0,1980
"SPE001611","TOP005448","SPE001823-TOP005448-covers","covers",1.0,1980
"SPE001611","SPE001834","SPE001834-delivered","delivered",1.0,1992
"SPE001611","TOP005478","SPE001834-TOP005478-covers","covers",1.0,1992
"SPE001611","TOP005479","SPE001834-TOP005479-covers","covers",1.0,1992
"SPE001611","TOP005480","SPE001834-TOP005480-covers","covers",1.0,1992
"SPE001611","SPE001842","SPE001842-delivered","delivered",1.0,2000
"SPE001611","TOP005501","SPE001842-TOP005501-covers","covers",1.0,2000
"SPE001611","TOP005502","SPE001842-TOP005502-covers","covers",1.0,2000
"SPE001611","TOP005503","SPE001842-TOP005503-covers","covers",1.0,2000
"SPE001611","SPE001849","SPE001849-delivered","delivered",1.0,2008
"SPE001611","TOP005524","SPE001849-TOP005524-covers","covers",1.0,2008
"SPE001611","TOP005525","SPE001849-TOP005525-covers","covers",1.0,2008
"SPE001611","TOP005526","SPE001849-TOP005526-covers","covers",1.0,2008
"SPE001611","SPE001853","SPE001853-delivered","delivered",1.0,2012
"SPE001611","TOP005536","SPE001853-TOP005536-covers","covers",1.0,2012
"SPE001611","TOP005537","SPE001853-TOP005537-covers","covers",1.0,2012
"SPE001611","TOP005538","SPE001853-TOP005538-covers","covers",1.0,2012
"SPE001611","SPE001862","SPE001862-delivered","delivered",1.0,2022
"SPE001611","TOP005562","SPE001862-TOP005562-covers","covers",1.0,2022
"SPE001611","TOP005563","SPE001862-TOP005563-covers","covers",1.0,2022
"SPE001611","TOP005564","SPE001862-TOP005564-covers","covers",1.0,2022
"SPE001611","SPE001868","SPE001868-delivered","delivered",1.0,2028
"SPE001611","TOP005576","SPE001868-TOP005576-covers","covers",1.0,2028
"SPE001611","TOP005577","SPE001868-TOP005577-covers","covers",1.0,2028
"SPE001611","TOP005578","SPE001868-TOP005578-covers","covers",1.0,2028
"SPE001611","SPE001873","SPE001873-delivered","delivered",1.0,2033
"SPE001611","TOP005590","SPE001873-TOP005590-covers","covers",1.0,2033
"SPE001611","TOP005591","SPE001873-TOP005591-covers","covers",1.0,2033
"SPE001611","TOP005592","SPE001873-TOP005592-covers","covers",1.0,2033
"SPE001611","SPE001886","SPE001886-delivered","delivered",1.0,2047
"SPE001611","TOP005624","SPE001886-TOP005624-covers","covers",1.0,2047
"SPE001611","TOP005625","SPE001886-TOP005625-covers","covers",1.0,2047
"SPE001611","TOP005433","SPE001886-TOP005433-covers","covers",1.0,2047
"SPE001611","TOP005433","SPE002363-TOP005433-covers","covers",1.0,2541
"SPE001611","SPE001893","SPE001893-delivered","delivered",1.0,2054
"SPE001611","TOP005644","SPE001893-TOP005644-covers","covers",1.0,2054
"SPE001611","TOP005645","SPE001893-TOP005645-covers","covers",1.0,2054
"SPE001611","TOP005646","SPE001893-TOP005646-covers","covers",1.0,2054
"SPE001611","SPE001901","SPE001901-delivered","delivered",1.0,2062
"SPE001611","TOP005666","SPE001901-TOP005666-covers","covers",1.0,2062
"SPE001611","TOP005667","SPE001901-TOP005667-covers","covers",1.0,2062
"SPE001611","TOP005668","SPE001901-TOP005668-covers","covers",1.0,2062
"SPE001611","SPE001905","SPE001905-delivered","delivered",1.0,2066
"SPE001611","TOP005677","SPE001905-TOP005677-covers","covers",1.0,2066
"SPE001611","TOP005678","SPE001905-TOP005678-covers","covers",1.0,2066
"SPE001611","TOP005679","SPE001905-TOP005679-covers","covers",1.0,2066
"SPE001611","SPE001913","SPE001913-delivered","delivered",1.0,2074
"SPE001611","TOP005698","SPE001913-TOP005698-covers","covers",1.0,2074
"SPE001611","TOP005699","SPE001913-TOP005699-covers","covers",1.0,2074
"SPE001611","TOP005700","SPE001913-TOP005700-covers","covers",1.0,2074
"SPE001611","SPE001916","SPE001916-delivered","delivered",1.0,2078
"SPE001611","TOP005706","SPE001916-TOP005706-covers","covers",1.0,2078
"SPE001611","TOP005707","SPE001916-TOP005707-covers","covers",1.0,2078
"SPE001611","TOP005708","SPE001916-TOP005708-covers","covers",1.0,2078
"SPE001611","SPE001926","SPE001926-delivered","delivered",1.0,2088
"SPE001611","TOP005733","SPE001926-TOP005733-covers","covers",1.0,2088
"SPE001611","TOP005734","SPE001926-TOP005734-covers","covers",1.0,2088
"SPE001611","TOP005735","SPE001926-TOP005735-covers","covers",1.0,2088
"SPE001611","SPE001952","SPE001952-delivered","delivered",1.0,2116
"SPE001611","TOP005813","SPE001952-TOP005813-covers","covers",1.0,2116
"SPE001611","TOP005814","SPE001952-TOP005814-covers","covers",1.0,2116
"SPE001611","TOP005815","SPE001952-TOP005815-covers","covers",1.0,2116
"SPE001611","SPE001957","SPE001957-delivered","delivered",1.0,2121
"SPE001611","TOP005826","SPE001957-TOP005826-covers","covers",1.0,2121
"SPE001611","TOP005827","SPE001957-TOP005827-covers","covers",1.0,2121
"SPE001611","TOP005828","SPE001957-TOP005828-covers","covers",1.0,2121
"SPE001611","SPE001962","SPE001962-delivered","delivered",1.0,2127
"SPE001611","TOP005844","SPE001962-TOP005844-covers","covers",1.0,2127
"SPE001611","TOP005845","SPE001962-TOP005845-covers","covers",1.0,2127
"SPE001611","TOP005846","SPE001962-TOP005846-covers","covers",1.0,2127
"SPE001611","SPE001967","SPE001967-delivered","delivered",1.0,2132
"SPE001611","TOP005857","SPE001967-TOP005857-covers","covers",1.0,2132
"SPE001611","TOP005858","SPE001967-TOP005858-covers","covers",1.0,2132
"SPE001611","TOP005859","SPE001967-TOP005859-covers","covers",1.0,2132
"SPE001611","SPE001969","SPE001969-delivered","delivered",1.0,2134
"SPE001611","TOP005863","SPE001969-TOP005863-covers","covers",1.0,2134
"SPE001611","TOP005864","SPE001969-TOP005864-covers","covers",1.0,2134
"SPE001611","TOP005865","SPE001969-TOP005865-covers","covers",1.0,2134
"SPE001611","SPE001971","SPE001971-delivered","delivered",1.0,2136
"SPE001611","TOP005869","SPE001971-TOP005869-covers","covers",1.0,2136
"SPE001611","TOP005870","SPE001971-TOP005870-covers","covers",1.0,2136
"SPE001611","TOP005871","SPE001971-TOP005871-covers","covers",1.0,2136
"SPE001611","SPE001981","SPE001981-delivered","delivered",1.0,2146
"SPE001611","TOP003818","SPE001981-TOP003818-covers","covers",1.0,2146
"SPE001611","TOP005897","SPE001981-TOP005897-covers","covers",1.0,2146
"SPE001611","TOP005898","SPE001981-TOP005898-covers","covers",1.0,2146
"SPE001611","SPE001984","SPE001984-delivered","delivered",1.0,2149
"SPE001611","TOP005903","SPE001984-TOP005903-covers","covers",1.0,2149
"SPE001611","TOP005904","SPE001984-TOP005904-covers","covers",1.0,2149
"SPE001611","TOP005905","SPE001984-TOP005905-covers","covers",1.0,2149
"SPE001611","SPE001988","SPE001988-delivered","delivered",1.0,2154
"SPE001611","TOP005917","SPE001988-TOP005917-covers","covers",1.0,2154
"SPE001611","TOP005918","SPE001988-TOP005918-covers","covers",1.0,2154
"SPE001611","TOP005919","SPE001988-TOP005919-covers","covers",1.0,2154
"SPE001611","SPE001994","SPE001994-delivered","delivered",1.0,2160
"SPE001611","TOP005934","SPE001994-TOP005934-covers","covers",1.0,2160
"SPE001611","TOP005935","SPE001994-TOP005935-covers","covers",1.0,2160
"SPE001611","TOP004025","SPE001994-TOP004025-covers","covers",1.0,2160
"SPE001611","SPE002001","SPE002001-delivered","delivered",1.0,2167
"SPE001611","TOP005952","SPE002001-TOP005952-covers","covers",1.0,2167
"SPE001611","TOP005953","SPE002001-TOP005953-covers","covers",1.0,2167
"SPE001611","TOP005954","SPE002001-TOP005954-covers","covers",1.0,2167
"SPE001611","SPE002002","SPE002002-delivered","delivered",1.0,2168
"SPE001611","TOP005955","SPE002002-TOP005955-covers","covers",1.0,2168
"SPE001611","TOP005956","SPE002002-TOP005956-covers","covers",1.0,2168
"SPE001611","TOP005957","SPE002002-TOP005957-covers","covers",1.0,2168
"SPE001611","SPE002009","SPE002009-delivered","delivered",1.0,2175
"SPE001611","TOP005973","SPE002009-TOP005973-covers","covers",1.0,2175
"SPE001611","TOP005974","SPE002009-TOP005974-covers","covers",1.0,2175
"SPE001611","TOP005975","SPE002009-TOP005975-covers","covers",1.0,2175
"SPE001611","SPE002011","SPE002011-delivered","delivered",1.0,2177
"SPE001611","TOP005979","SPE002011-TOP005979-covers","covers",1.0,2177
"SPE001611","TOP005980","SPE002011-TOP005980-covers","covers",1.0,2177
"SPE001611","TOP005981","SPE002011-TOP005981-covers","covers",1.0,2177
"SPE001611","SPE002038","SPE002038-delivered","delivered",1.0,2205
"SPE001611","TOP006058","SPE002038-TOP006058-covers","covers",1.0,2205
"SPE001611","TOP006059","SPE002038-TOP006059-covers","covers",1.0,2205
"SPE001611","TOP006060","SPE002038-TOP006060-covers","covers",1.0,2205
"SPE001611","SPE002039","SPE002039-delivered","delivered",1.0,2206
"SPE001611","TOP006061","SPE002039-TOP006061-covers","covers",1.0,2206
"SPE001611","TOP006062","SPE002039-TOP006062-covers","covers",1.0,2206
"SPE001611","TOP006063","SPE002039-TOP006063-covers","covers",1.0,2206
"SPE001611","SPE002047","SPE002047-delivered","delivered",1.0,2214
"SPE001611","TOP006082","SPE002047-TOP006082-covers","covers",1.0,2214
"SPE001611","TOP006083","SPE002047-TOP006083-covers","covers",1.0,2214
"SPE001611","TOP006084","SPE002047-TOP006084-covers","covers",1.0,2214
"SPE001611","SPE002054","SPE002054-delivered","delivered",1.0,2221
"SPE001611","TOP006103","SPE002054-TOP006103-covers","covers",1.0,2221
"SPE001611","TOP006104","SPE002054-TOP006104-covers","covers",1.0,2221
"SPE001611","TOP006105","SPE002054-TOP006105-covers","covers",1.0,2221
"SPE001611","SPE002064","SPE002064-delivered","delivered",1.0,2231
"SPE001611","TOP006132","SPE002064-TOP006132-covers","covers",1.0,2231
"SPE001611","TOP006133","SPE002064-TOP006133-covers","covers",1.0,2231
"SPE001611","TOP006134","SPE002064-TOP006134-covers","covers",1.0,2231
"SPE001611","SPE002083","SPE002083-delivered","delivered",1.0,2251
"SPE001611","TOP006188","SPE002083-TOP006188-covers","covers",1.0,2251
"SPE001611","TOP003301","SPE002083-TOP003301-covers","covers",1.0,2251
"SPE001611","TOP006189","SPE002083-TOP006189-covers","covers",1.0,2251
"SPE001611","SPE002085","SPE002085-delivered","delivered",1.0,2253
"SPE001611","TOP006191","SPE002085-TOP006191-covers","covers",1.0,2253
"SPE001611","TOP006192","SPE002085-TOP006192-covers","covers",1.0,2253
"SPE001611","TOP006193","SPE002085-TOP006193-covers","covers",1.0,2253
"SPE001611","SPE002095","SPE002095-delivered","delivered",1.0,2263
"SPE001611","TOP006220","SPE002095-TOP006220-covers","covers",1.0,2263
"SPE001611","TOP006221","SPE002095-TOP006221-covers","covers",1.0,2263
"SPE001611","TOP003547","SPE002095-TOP003547-covers","covers",1.0,2263
"SPE001611","SPE002097","SPE002097-delivered","delivered",1.0,2265
"SPE001611","TOP006225","SPE002097-TOP006225-covers","covers",1.0,2265
"SPE001611","TOP006226","SPE002097-TOP006226-covers","covers",1.0,2265
"SPE001611","TOP006227","SPE002097-TOP006227-covers","covers",1.0,2265
"SPE001611","SPE002098","SPE002098-delivered","delivered",1.0,2266
"SPE001611","TOP006228","SPE002098-TOP006228-covers","covers",1.0,2266
"SPE001611","TOP006229","SPE002098-TOP006229-covers","covers",1.0,2266
"SPE001611","TOP006230","SPE002098-TOP006230-covers","covers",1.0,2266
"SPE001611","SPE002107","SPE002107-delivered","delivered",1.0,2274
"SPE001611","TOP006251","SPE002107-TOP006251-covers","covers",1.0,2274
"SPE001611","TOP006252","SPE002107-TOP006252-covers","covers",1.0,2274
"SPE001611","TOP006253","SPE002107-TOP006253-covers","covers",1.0,2274
"SPE001611","SPE002115","SPE002115-delivered","delivered",1.0,2282
"SPE001611","TOP006273","SPE002115-TOP006273-covers","covers",1.0,2282
"SPE001611","TOP006274","SPE002115-TOP006274-covers","covers",1.0,2282
"SPE001611","TOP006275","SPE002115-TOP006275-covers","covers",1.0,2282
"SPE001611","TOP006275","SPE002197-TOP006275-covers","covers",1.0,2371
"SPE001611","SPE002132","SPE002132-delivered","delivered",1.0,2301
"SPE001611","TOP006329","SPE002132-TOP006329-covers","covers",1.0,2301
"SPE001611","TOP006330","SPE002132-TOP006330-covers","covers",1.0,2301
"SPE001611","TOP006331","SPE002132-TOP006331-covers","covers",1.0,2301
"SPE001611","SPE002138","SPE002138-delivered","delivered",1.0,2308
"SPE001611","TOP006349","SPE002138-TOP006349-covers","covers",1.0,2308
"SPE001611","TOP006350","SPE002138-TOP006350-covers","covers",1.0,2308
"SPE001611","TOP006351","SPE002138-TOP006351-covers","covers",1.0,2308
"SPE001611","SPE002143","SPE002143-delivered","delivered",1.0,2314
"SPE001611","TOP006365","SPE002143-TOP006365-covers","covers",1.0,2314
"SPE001611","TOP006366","SPE002143-TOP006366-covers","covers",1.0,2314
"SPE001611","SPE002151","SPE002151-delivered","delivered",1.0,2322
"SPE001611","TOP006385","SPE002151-TOP006385-covers","covers",1.0,2322
"SPE001611","TOP006386","SPE002151-TOP006386-covers","covers",1.0,2322
"SPE001611","TOP000477","SPE002151-TOP000477-covers","covers",1.0,2322
"SPE001611","SPE002163","SPE002163-delivered","delivered",1.0,2335
"SPE001611","TOP006421","SPE002163-TOP006421-covers","covers",1.0,2335
"SPE001611","TOP006422","SPE002163-TOP006422-covers","covers",1.0,2335
"SPE001611","TOP006423","SPE002163-TOP006423-covers","covers",1.0,2335
"SPE001611","SPE002164","SPE002164-delivered","delivered",1.0,2336
"SPE001611","TOP006424","SPE002164-TOP006424-covers","covers",1.0,2336
"SPE001611","TOP006425","SPE002164-TOP006425-covers","covers",1.0,2336
"SPE001611","TOP006426","SPE002164-TOP006426-covers","covers",1.0,2336
"SPE001611","SPE002166","SPE002166-delivered","delivered",1.0,2338
"SPE001611","TOP006430","SPE002166-TOP006430-covers","covers",1.0,2338
"SPE001611","TOP006431","SPE002166-TOP006431-covers","covers",1.0,2338
"SPE001611","TOP006432","SPE002166-TOP006432-covers","covers",1.0,2338
"SPE001611","SPE002181","SPE002181-delivered","delivered",1.0,2354
"SPE001611","TOP006474","SPE002181-TOP006474-covers","covers",1.0,2354
"SPE001611","TOP006475","SPE002181-TOP006475-covers","covers",1.0,2354
"SPE001611","TOP006476","SPE002181-TOP006476-covers","covers",1.0,2354
"SPE001611","SPE002185","SPE002185-delivered","delivered",1.0,2358
"SPE001611","TOP006486","SPE002185-TOP006486-covers","covers",1.0,2358
"SPE001611","TOP006487","SPE002185-TOP006487-covers","covers",1.0,2358
"SPE001611","TOP006488","SPE002185-TOP006488-covers","covers",1.0,2358
"SPE001611","SPE002194","SPE002194-delivered","delivered",1.0,2368
"SPE001611","TOP006514","SPE002194-TOP006514-covers","covers",1.0,2368
"SPE001611","TOP006515","SPE002194-TOP006515-covers","covers",1.0,2368
"SPE001611","TOP006516","SPE002194-TOP006516-covers","covers",1.0,2368
"SPE001611","SPE002197","SPE002197-delivered","delivered",1.0,2371
"SPE001611","TOP006438","SPE002197-TOP006438-covers","covers",1.0,2371
"SPE001611","TOP006523","SPE002197-TOP006523-covers","covers",1.0,2371
"SPE001611","SPE002201","SPE002201-delivered","delivered",1.0,2375
"SPE001611","TOP006533","SPE002201-TOP006533-covers","covers",1.0,2375
"SPE001611","TOP006534","SPE002201-TOP006534-covers","covers",1.0,2375
"SPE001611","SPE002225","SPE002225-delivered","delivered",1.0,2400
"SPE001611","TOP006601","SPE002225-TOP006601-covers","covers",1.0,2400
"SPE001611","TOP006602","SPE002225-TOP006602-covers","covers",1.0,2400
"SPE001611","TOP006603","SPE002225-TOP006603-covers","covers",1.0,2400
"SPE001611","SPE002237","SPE002237-delivered","delivered",1.0,2413
"SPE001611","TOP006637","SPE002237-TOP006637-covers","covers",1.0,2413
"SPE001611","TOP006638","SPE002237-TOP006638-covers","covers",1.0,2413
"SPE001611","TOP006639","SPE002237-TOP006639-covers","covers",1.0,2413
"SPE001611","SPE002240","SPE002240-delivered","delivered",1.0,2416
"SPE001611","TOP006646","SPE002240-TOP006646-covers","covers",1.0,2416
"SPE001611","TOP006647","SPE002240-TOP006647-covers","covers",1.0,2416
"SPE001611","TOP006648","SPE002240-TOP006648-covers","covers",1.0,2416
"SPE001611","SPE002251","SPE002251-delivered","delivered",1.0,2426
"SPE001611","TOP006675","SPE002251-TOP006675-covers","covers",1.0,2426
"SPE001611","TOP006676","SPE002251-TOP006676-covers","covers",1.0,2426
"SPE001611","TOP006677","SPE002251-TOP006677-covers","covers",1.0,2426
"SPE001611","SPE002261","SPE002261-delivered","delivered",1.0,2437
"SPE001611","TOP006705","SPE002261-TOP006705-covers","covers",1.0,2437
"SPE001611","TOP006706","SPE002261-TOP006706-covers","covers",1.0,2437
"SPE001611","TOP006707","SPE002261-TOP006707-covers","covers",1.0,2437
"SPE001611","SPE002267","SPE002267-delivered","delivered",1.0,2444
"SPE001611","TOP006726","SPE002267-TOP006726-covers","covers",1.0,2444
"SPE001611","TOP006727","SPE002267-TOP006727-covers","covers",1.0,2444
"SPE001611","TOP006728","SPE002267-TOP006728-covers","covers",1.0,2444
"SPE001611","SPE002268","SPE002268-delivered","delivered",1.0,2445
"SPE001611","TOP006729","SPE002268-TOP006729-covers","covers",1.0,2445
"SPE001611","TOP006730","SPE002268-TOP006730-covers","covers",1.0,2445
"SPE001611","TOP000299","SPE002268-TOP000299-covers","covers",1.0,2445
"SPE001611","SPE002273","SPE002273-delivered","delivered",1.0,2450
"SPE001611","TOP006741","SPE002273-TOP006741-covers","covers",1.0,2450
"SPE001611","TOP000631","SPE002273-TOP000631-covers","covers",1.0,2450
"SPE001611","TOP006742","SPE002273-TOP006742-covers","covers",1.0,2450
"SPE001611","SPE002296","SPE002296-delivered","delivered",1.0,2474
"SPE001611","TOP006809","SPE002296-TOP006809-covers","covers",1.0,2474
"SPE001611","TOP006810","SPE002296-TOP006810-covers","covers",1.0,2474
"SPE001611","TOP006811","SPE002296-TOP006811-covers","covers",1.0,2474
"SPE001611","SPE002305","SPE002305-delivered","delivered",1.0,2482
"SPE001611","TOP006833","SPE002305-TOP006833-covers","covers",1.0,2482
"SPE001611","TOP006834","SPE002305-TOP006834-covers","covers",1.0,2482
"SPE001611","TOP006835","SPE002305-TOP006835-covers","covers",1.0,2482
"SPE001611","SPE002307","SPE002307-delivered","delivered",1.0,2484
"SPE001611","TOP006839","SPE002307-TOP006839-covers","covers",1.0,2484
"SPE001611","TOP006840","SPE002307-TOP006840-covers","covers",1.0,2484
"SPE001611","TOP006841","SPE002307-TOP006841-covers","covers",1.0,2484
"SPE001611","SPE002314","SPE002314-delivered","delivered",1.0,2491
"SPE001611","TOP006859","SPE002314-TOP006859-covers","covers",1.0,2491
"SPE001611","TOP006860","SPE002314-TOP006860-covers","covers",1.0,2491
"SPE001611","TOP006861","SPE002314-TOP006861-covers","covers",1.0,2491
"SPE001611","SPE002331","SPE002331-delivered","delivered",1.0,2510
"SPE001611","TOP001546","SPE002331-TOP001546-covers","covers",1.0,2510
"SPE001611","TOP006909","SPE002331-TOP006909-covers","covers",1.0,2510
"SPE001611","TOP006910","SPE002331-TOP006910-covers","covers",1.0,2510
"SPE001611","SPE002335","SPE002335-delivered","delivered",1.0,2514
"SPE001611","TOP006920","SPE002335-TOP006920-covers","covers",1.0,2514
"SPE001611","TOP006921","SPE002335-TOP006921-covers","covers",1.0,2514
"SPE001611","TOP006922","SPE002335-TOP006922-covers","covers",1.0,2514
"SPE001611","SPE002363","SPE002363-delivered","delivered",1.0,2541
"SPE001611","TOP006996","SPE002363-TOP006996-covers","covers",1.0,2541
"SPE001611","TOP006997","SPE002363-TOP006997-covers","covers",1.0,2541
"SPE001611","SPE002374","SPE002374-delivered","delivered",1.0,2553
"SPE001611","TOP007027","SPE002374-TOP007027-covers","covers",1.0,2553
"SPE001611","TOP007028","SPE002374-TOP007028-covers","covers",1.0,2553
"SPE001611","TOP007029","SPE002374-TOP007029-covers","covers",1.0,2553
"SPE001611","SPE002377","SPE002377-delivered","delivered",1.0,2555
"SPE001611","TOP007033","SPE002377-TOP007033-covers","covers",1.0,2555
"SPE001611","TOP007034","SPE002377-TOP007034-covers","covers",1.0,2555
"SPE001611","TOP007035","SPE002377-TOP007035-covers","covers",1.0,2555
"SPE001611","SPE002384","SPE002384-delivered","delivered",1.0,2562
"SPE001611","TOP007051","SPE002384-TOP007051-covers","covers",1.0,2562
"SPE001611","TOP002017","SPE002384-TOP002017-covers","covers",1.0,2562
"SPE001611","TOP007052","SPE002384-TOP007052-covers","covers",1.0,2562
"SPE001612","DAT001330","SPE001612-held_on","held_on",1.0,1761
"SPE001613","DAT001330","SPE001613-held_on","held_on",1.0,1762
"SPE001614","DAT001330","SPE001614-held_on","held_on",1.0,1763
"SPE001615","DAT001331","SPE001615-held_on","held_on",1.0,1764
"SPE001616","DAT001331","SPE001616-held_on","held_on",1.0,1765
"SPE001617","DAT001332","SPE001617-held_on","held_on",1.0,1766
"SPE001618","DAT001333","SPE001618-held_on","held_on",1.0,1767
"SPE001619","DAT001334","SPE001619-held_on","held_on",1.0,1768
"SPE001620","DAT001335","SPE001620-held_on","held_on",1.0,1769
"SPE001621","DAT001336","SPE001621-held_on","held_on",1.0,1770
"SPE001622","DAT001337","SPE001622-held_on","held_on",1.0,1771
"SPE001623","DAT001338","SPE001623-held_on","held_on",1.0,1772
"SPE001624","DAT001339","SPE001624-held_on","held_on",1.0,1773
"SPE001625","DAT001340","SPE001625-held_on","held_on",1.0,1774
"SPE001626","DAT001340","SPE001626-held_on","held_on",1.0,1775
"SPE001627","DAT001341","SPE001627-held_on","held_on",1.0,1776
"SPE001628","DAT001341","SPE001628-held_on","held_on",1.0,1777
"SPE001629","DAT001341","SPE001629-held_on","held_on",1.0,1778
"SPE001630","DAT001342","SPE001630-held_on","held_on",1.0,1779
"SPE001631","DAT001343","SPE001631-held_on","held_on",1.0,1780
"SPE001632","DAT001343","SPE001632-held_on","held_on",1.0,1781
"SPE001633","DAT001344","SPE001633-held_on","held_on",1.0,1782
"SPE001634","DAT001344","SPE001634-held_on","held_on",1.0,1783
"SPE001635","DAT001345","SPE001635-held_on","held_on",1.0,1784
"SPE001636","DAT001345","SPE001636-held_on","held_on",1.0,1785
"SPE001637","DAT001346","SPE001637-held_on","held_on",1.0,1786
"SPE001638","DAT001347","SPE001638-held_on","held_on",1.0,1787
"SPE001639","DAT001347","SPE001639-held_on","held_on",1.0,1788
"SPE001640","DAT001348","SPE001640-held_on","held_on",1.0,1789
"SPE001641","DAT001348","SPE001641-held_on","held_on",1.0,1790
"SPE001642","DAT001349","SPE001642-held_on","held_on",1.0,1791
"SPE001643","DAT001349","SPE001643-held_on","held_on",1.0,1792
"SPE001644","DAT001351","SPE001644-held_on","held_on",1.0,1794
"SPE001645","DAT001352","SPE001645-held_on","held_on",1.0,1795
"SPE001646","DAT001353","SPE001646-held_on","held_on",1.0,1796
"SPE001647","DAT001354","SPE001647-held_on","held_on",1.0,1797
"SPE001648","DAT001355","SPE001648-held_on","held_on",1.0,1798
"SPE001649","DAT001356","SPE001649-held_on","held_on",1.0,1799
"SPE001650","DAT001357","SPE001650-held_on","held_on",1.0,1800
"SPE001651","DAT001358","SPE001651-held_on","held_on",1.0,1801
"SPE001652","DAT001359","SPE001652-held_on","held_on",1.0,1802
"SPE001653","DAT001360","SPE001653-held_on","held_on",1.0,1803
"SPE001654","DAT001361","SPE001654-held_on","held_on",1.0,1804
"SPE001655","DAT001362","SPE001655-held_on","held_on",1.0,1805
"SPE001656","DAT001363","SPE001656-held_on","held_on",1.0,1806
"SPE001657","DAT001364","SPE001657-held_on","held_on",1.0,1807
"SPE001658","DAT001365","SPE001658-held_on","held_on",1.0,1808
"SPE001659","DAT001366","SPE001659-held_on","held_on",1.0,1809
"SPE001660","DAT001366","SPE001660-held_on","held_on",1.0,1810
"SPE001661","DAT001367","SPE001661-held_on","held_on",1.0,1811
"SPE001661","DAT001395","SPE001661-held_on","held_on",1.0,1849
"SPE001662","DAT001368","SPE001662-held_on","held_on",1.0,1812
"SPE001663","DAT001369","SPE001663-held_on","held_on",1.0,1813
"SPE001664","DAT001370","SPE001664-held_on","held_on",1.0,1814
"SPE001665","DAT001371","SPE001665-held_on","held_on",1.0,1815
"SPE001666","DAT001372","SPE001666-held_on","held_on",1.0,1816
"SPE001667","DAT001373","SPE001667-held_on","held_on",1.0,1818
"SPE001668","DAT001373","SPE001668-held_on","held_on",1.0,1819
"SPE001669","DAT001374","SPE001669-held_on","held_on",1.0,1820
"SPE001670","DAT001375","SPE001670-held_on","held_on",1.0,1821
"SPE001671","DAT001376","SPE001671-held_on","held_on",1.0,1823
"SPE001672","DAT001377","SPE001672-held_on","held_on",1.0,1824
"SPE001673","DAT001378","SPE001673-held_on","held_on",1.0,1825
"SPE001674","DAT001378","SPE001674-held_on","held_on",1.0,1826
"SPE001675","DAT001379","SPE001675-held_on","held_on",1.0,1827
"SPE001676","DAT001379","SPE001676-held_on","held_on",1.0,1828
"SPE001677","DAT001380","SPE001677-held_on","held_on",1.0,1829
"SPE001678","DAT001380","SPE001678-held_on","held_on",1.0,1830
"SPE001678","DAT001517","SPE001678-held_on","held_on",1.0,2015
"SPE001679","DAT001381","SPE001679-held_on","held_on",1.0,1831
"SPE001680","DAT001382","SPE001680-held_on","held_on",1.0,1832
"SPE001681","DAT001382","SPE001681-held_on","held_on",1.0,1833
"SPE001682","DAT001383","SPE001682-held_on","held_on",1.0,1834
"SPE001683","DAT001384","SPE001683-held_on","held_on",1.0,1835
"SPE001684","DAT001385","SPE001684-held_on","held_on",1.0,1836
"SPE001685","DAT001386","SPE001685-held_on","held_on",1.0,1837
"SPE001686","DAT001387","SPE001686-held_on","held_on",1.0,1838
"SPE001687","DAT001388","SPE001687-held_on","held_on",1.0,1839
"SPE001688","DAT001389","SPE001688-held_on","held_on",1.0,1840
"SPE001689","DAT001389","SPE001689-held_on","held_on",1.0,1841
"SPE001690","DAT001389","SPE001690-held_on","held_on",1.0,1842
"SPE001691","DAT001390","SPE001691-held_on","held_on",1.0,1843
"SPE001692","DAT001391","SPE001692-held_on","held_on",1.0,1844
"SPE001693","DAT001392","SPE001693-held_on","held_on",1.0,1845
"SPE001694","DAT001393","SPE001694-held_on","held_on",1.0,1846
"SPE001695","DAT001394","SPE001695-held_on","held_on",1.0,1847
"SPE001696","DAT001394","SPE001696-held_on","held_on",1.0,1848
"SPE001697","DAT001397","SPE001697-held_on","held_on",1.0,1851
"SPE001698","DAT001398","SPE001698-held_on","held_on",1.0,1852
"SPE001699","DAT001399","SPE001699-held_on","held_on",1.0,1853
"SPE001700","DAT001400","SPE001700-held_on","held_on",1.0,1854
"SPE001701","DAT001401","SPE001701-held_on","held_on",1.0,1855
"SPE001702","DAT001402","SPE001702-held_on","held_on",1.0,1856
"SPE001703","DAT001403","SPE001703-held_on","held_on",1.0,1857
"SPE001704","DAT001403","SPE001704-held_on","held_on",1.0,1858
"SPE001705","DAT001404","SPE001705-held_on","held_on",1.0,1859
"SPE001706","DAT001404","SPE001706-held_on","held_on",1.0,1860
"SPE001707","DAT001404","SPE001707-held_on","held_on",1.0,1861
"SPE001708","DAT001404","SPE001708-held_on","held_on",1.0,1862
"SPE001709","DAT001405","SPE001709-held_on","held_on",1.0,1863
"SPE001710","DAT001406","SPE001710-held_on","held_on",1.0,1864
"SPE001711","DAT001407","SPE001711-held_on","held_on",1.0,1865
"SPE001712","DAT001407","SPE001712-held_on","held_on",1.0,1866
"SPE001713","DAT001408","SPE001713-held_on","held_on",1.0,1867
"SPE001714","DAT001409","SPE001714-held_on","held_on",1.0,1868
"SPE001715","DAT001410","SPE001715-held_on","held_on",1.0,1869
"SPE001716","DAT001411","SPE001716-held_on","held_on",1.0,1870
"SPE001717","DAT001412","SPE001717-held_on","held_on",1.0,1871
"SPE001718","DAT001412","SPE001718-held_on","held_on",1.0,1872
"SPE001719","DAT001413","SPE001719-held_on","held_on",1.0,1873
"SPE001720","DAT001414","SPE001720-held_on","held_on",1.0,1874
"SPE001721","DAT001415","SPE001721-held_on","held_on",1.0,1875
"SPE001722","DAT001415","SPE001722-held_on","held_on",1.0,1876
"SPE001723","DAT001416","SPE001723-held_on","held_on",1.0,1877
"SPE001724","DAT001416","SPE001724-held_on","held_on",1.0,1878
"SPE001725","DAT001416","SPE001725-held_on","held_on",1.0,1879
"SPE001726","DAT001417","SPE001726-held_on","held_on",1.0,1880
"SPE001727","DAT001417","SPE001727-held_on","held_on",1.0,1881
"SPE001728","DAT001418","SPE001728-held_on","held_on",1.0,1882
"SPE001729","DAT001419","SPE001729-held_on","held_on",1.0,1883
"SPE001730","DAT001420","SPE001730-held_on","held_on",1.0,1884
"SPE001731","DAT001420","SPE001731-held_on","held_on",1.0,1885
"SPE001732","DAT001421","SPE001732-held_on","held_on",1.0,1886
"SPE001733","DAT001421","SPE001733-held_on","held_on",1.0,1887
"SPE001734","DAT001422","SPE001734-held_on","held_on",1.0,1888
"SPE001735","DAT001423","SPE001735-held_on","held_on",1.0,1889
"SPE001736","DAT001424","SPE001736-held_on","held_on",1.0,1890
"SPE001737","DAT001424","SPE001737-held_on","held_on",1.0,1891
"SPE001738","DAT001425","SPE001738-held_on","held_on",1.0,1892
"SPE001739","DAT001425","SPE001739-held_on","held_on",1.0,1893
"SPE001740","DAT001426","SPE001740-held_on","held_on",1.0,1894
"SPE001741","DAT001427","SPE001741-held_on","held_on",1.0,1895
"SPE001742","DAT001428","SPE001742-held_on","held_on",1.0,1896
"SPE001743","DAT001429","SPE001743-held_on","held_on",1.0,1897
"SPE001744","DAT001430","SPE001744-held_on","held_on",1.0,1898
"SPE001745","DAT001431","SPE001745-held_on","held_on",1.0,1899
"SPE001746","DAT001432","SPE001746-held_on","held_on",1.0,1900
"SPE001747","DAT001433","SPE001747-held_on","held_on",1.0,1901
"SPE001748","DAT001434","SPE001748-held_on","held_on",1.0,1902
"SPE001749","DAT001435","SPE001749-held_on","held_on",1.0,1903
"SPE001750","DAT001436","SPE001750-held_on","held_on",1.0,1904
"SPE001751","DAT001437","SPE001751-held_on","held_on",1.0,1905
"SPE001752","DAT001438","SPE001752-held_on","held_on",1.0,1906
"SPE001753","DAT001438","SPE001753-held_on","held_on",1.0,1907
"SPE001754","DAT001439","SPE001754-held_on","held_on",1.0,1908
"SPE001755","DAT001440","SPE001755-held_on","held_on",1.0,1909
"SPE001756","DAT001441","SPE001756-held_on","held_on",1.0,1910
"SPE001757","DAT001442","SPE001757-held_on","held_on",1.0,1911
"SPE001758","DAT001442","SPE001758-held_on","held_on",1.0,1912
"SPE001759","DAT001443","SPE001759-held_on","held_on",1.0,1913
"SPE001760","DAT001444","SPE001760-held_on","held_on",1.0,1914
"SPE001761","DAT001445","SPE001761-held_on","held_on",1.0,1915
"SPE001762","DAT001446","SPE001762-held_on","held_on",1.0,1916
"SPE001763","DAT001448","SPE001763-held_on","held_on",1.0,1918
"SPE001764","DAT001449","SPE001764-held_on","held_on",1.0,1919
"SPE001765","DAT001450","SPE001765-held_on","held_on",1.0,1920
"SPE001766","DAT001451","SPE001766-held_on","held_on",1.0,1921
"SPE001767","DAT001451","SPE001767-held_on","held_on",1.0,1922
"SPE001768","DAT001451","SPE001768-held_on","held_on",1.0,1923
"SPE001769","DAT001452","SPE001769-held_on","held_on",1.0,1924
"SPE001770","DAT001453","SPE001770-held_on","held_on",1.0,1925
"SPE001771","DAT001454","SPE001771-held_on","held_on",1.0,1926
"SPE001772","DAT001455","SPE001772-held_on","held_on",1.0,1927
"SPE001773","DAT001457","SPE001773-held_on","held_on",1.0,1929
"SPE001774","DAT001458","SPE001774-held_on","held_on",1.0,1930
"SPE001775","DAT001459","SPE001775-held_on","held_on",1.0,1931
"SPE001776","DAT001460","SPE001776-held_on","held_on",1.0,1932
"SPE001777","DAT001461","SPE001777-held_on","held_on",1.0,1933
"SPE001778","DAT001462","SPE001778-held_on","held_on",1.0,1934
"SPE001779","DAT001463","SPE001779-held_on","held_on",1.0,1935
"SPE001780","DAT001463","SPE001780-held_on","held_on",1.0,1936
"SPE001781","DAT001464","SPE001781-held_on","held_on",1.0,1937
"SPE001781","DAT001726","SPE001781-held_on","held_on",1.0,2307
"SPE001781","DAT001744","SPE001781-held_on","held_on",1.0,2332
"SPE001782","DAT001465","SPE001782-held_on","held_on",1.0,1938
"SPE001783","DAT001466","SPE001783-held_on","held_on",1.0,1939
"SPE001784","DAT001467","SPE001784-held_on","held_on",1.0,1940
"SPE001785","DAT001467","SPE001785-held_on","held_on",1.0,1942
"SPE001786","DAT001468","SPE001786-held_on","held_on",1.0,1943
"SPE001787","DAT001469","SPE001787-held_on","held_on",1.0,1944
"SPE001788","DAT001470","SPE001788-held_on","held_on",1.0,1945
"SPE001789","DAT001470","SPE001789-held_on","held_on",1.0,1946
"SPE001790","DAT001471","SPE001790-held_on","held_on",1.0,1947
"SPE001791","DAT001471","SPE001791-held_on","held_on",1.0,1948
"SPE001792","DAT001472","SPE001792-held_on","held_on",1.0,1949
"SPE001793","DAT001472","SPE001793-held_on","held_on",1.0,1950
"SPE001794","DAT001472","SPE001794-held_on","held_on",1.0,1951
"SPE001795","DAT001473","SPE001795-held_on","held_on",1.0,1952
"SPE001796","DAT001474","SPE001796-held_on","held_on",1.0,1953
"SPE001797","DAT001474","SPE001797-held_on","held_on",1.0,1954
"SPE001798","DAT001475","SPE001798-held_on","held_on",1.0,1955
"SPE001799","DAT001475","SPE001799-held_on","held_on",1.0,1956
"SPE001800","DAT001476","SPE001800-held_on","held_on",1.0,1957
"SPE001801","DAT001476","SPE001801-held_on","held_on",1.0,1958
"SPE001802","DAT001477","SPE001802-held_on","held_on",1.0,1959
"SPE001803","DAT001478","SPE001803-held_on","held_on",1.0,1960
"SPE001804","DAT001479","SPE001804-held_on","held_on",1.0,1961
"SPE001805","DAT001479","SPE001805-held_on","held_on",1.0,1962
"SPE001806","DAT001480","SPE001806-held_on","held_on",1.0,1963
"SPE001807","DAT001481","SPE001807-held_on","held_on",1.0,1964
"SPE001808","DAT001481","SPE001808-held_on","held_on",1.0,1965
"SPE001809","DAT001482","SPE001809-held_on","held_on",1.0,1966
"SPE001810","DAT001483","SPE001810-held_on","held_on",1.0,1967
"SPE001811","DAT001484","SPE001811-held_on","held_on",1.0,1968
"SPE001812","DAT001485","SPE001812-held_on","held_on",1.0,1969
"SPE001813","DAT001485","SPE001813-held_on","held_on",1.0,1970
"SPE001814","DAT001486","SPE001814-held_on","held_on",1.0,1971
"SPE001815","DAT001487","SPE001815-held_on","held_on",1.0,1972
"SPE001816","DAT001487","SPE001816-held_on","held_on",1.0,1973
"SPE001817","DAT001488","SPE001817-held_on","held_on",1.0,1974
"SPE001818","DAT001489","SPE001818-held_on","held_on",1.0,1975
"SPE001819","DAT001490","SPE001819-held_on","held_on",1.0,1976
"SPE001820","DAT001491","SPE001820-held_on","held_on",1.0,1977
"SPE001821","DAT001492","SPE001821-held_on","held_on",1.0,1978
"SPE001822","DAT001492","SPE001822-held_on","held_on",1.0,1979
"SPE001823","DAT001492","SPE001823-held_on","held_on",1.0,1980
"SPE001824","DAT001494","SPE001824-held_on","held_on",1.0,1982
"SPE001825","DAT001494","SPE001825-held_on","held_on",1.0,1983
"SPE001826","DAT001495","SPE001826-held_on","held_on",1.0,1984
"SPE001827","DAT001495","SPE001827-held_on","held_on",1.0,1985
"SPE001828","DAT001496","SPE001828-held_on","held_on",1.0,1986
"SPE001829","DAT001496","SPE001829-held_on","held_on",1.0,1987
"SPE001830","DAT001496","SPE001830-held_on","held_on",1.0,1988
"SPE001831","DAT001496","SPE001831-held_on","held_on",1.0,1989
"SPE001832","DAT001497","SPE001832-held_on","held_on",1.0,1990
"SPE001833","DAT001498","SPE001833-held_on","held_on",1.0,1991
"SPE001834","DAT001499","SPE001834-held_on","held_on",1.0,1992
"SPE001835","DAT001500","SPE001835-held_on","held_on",1.0,1993
"SPE001836","DAT001501","SPE001836-held_on","held_on",1.0,1994
"SPE001837","DAT001502","SPE001837-held_on","held_on",1.0,1995
"SPE001838","DAT001502","SPE001838-held_on","held_on",1.0,1996
"SPE001839","DAT001503","SPE001839-held_on","held_on",1.0,1997
"SPE001840","DAT001503","SPE001840-held_on","held_on",1.0,1998
"SPE001841","DAT001504","SPE001841-held_on","held_on",1.0,1999
"SPE001842","DAT001505","SPE001842-held_on","held_on",1.0,2000
"SPE001843","DAT001507","SPE001843-held_on","held_on",1.0,2002
"SPE001844","DAT001508","SPE001844-held_on","held_on",1.0,2003
"SPE001845","DAT001508","SPE001845-held_on","held_on",1.0,2004
"SPE001846","DAT001509","SPE001846-held_on","held_on",1.0,2005
"SPE001847","DAT001510","SPE001847-held_on","held_on",1.0,2006
"SPE001848","DAT001511","SPE001848-held_on","held_on",1.0,2007
"SPE001849","DAT001511","SPE001849-held_on","held_on",1.0,2008
"SPE001850","DAT001512","SPE001850-held_on","held_on",1.0,2009
"SPE001851","DAT001513","SPE001851-held_on","held_on",1.0,2010
"SPE001852","DAT001514","SPE001852-held_on","held_on",1.0,2011
"SPE001853","DAT001515","SPE001853-held_on","held_on",1.0,2012
"SPE001854","DAT001515","SPE001854-held_on","held_on",1.0,2013
"SPE001855","DAT001516","SPE001855-held_on","held_on",1.0,2014
"SPE001856","DAT001518","SPE001856-held_on","held_on",1.0,2016
"SPE001857","DAT001519","SPE001857-held_on","held_on",1.0,2017
"SPE001858","DAT001520","SPE001858-held_on","held_on",1.0,2018
"SPE001859","DAT001521","SPE001859-held_on","held_on",1.0,2019
"SPE001860","DAT001522","SPE001860-held_on","held_on",1.0,2020
"SPE001861","DAT001522","SPE001861-held_on","held_on",1.0,2021
"SPE001862","DAT001522","SPE001862-held_on","held_on",1.0,2022
"SPE001863","DAT001522","SPE001863-held_on","held_on",1.0,2023
"SPE001864","DAT001523","SPE001864-held_on","held_on",1.0,2024
"SPE001865","DAT001524","SPE001865-held_on","held_on",1.0,2025
"SPE001866","DAT001524","SPE001866-held_on","held_on",1.0,2026
"SPE001867","DAT001525","SPE001867-held_on","held_on",1.0,2027
"SPE001868","DAT001526","SPE001868-held_on","held_on",1.0,2028
"SPE001869","DAT001527","SPE001869-held_on","held_on",1.0,2029
"SPE001870","DAT001528","SPE001870-held_on","held_on",1.0,2030
"SPE001871","DAT001529","SPE001871-held_on","held_on",1.0,2031
"SPE001872","DAT001529","SPE001872-held_on","held_on",1.0,2032
"SPE001873","DAT001530","SPE001873-held_on","held_on",1.0,2033
"SPE001874","DAT001530","SPE001874-held_on","held_on",1.0,2034
"SPE001875","DAT001530","SPE001875-held_on","held_on",1.0,2035
"SPE001876","DAT001531","SPE001876-held_on","held_on",1.0,2036
"SPE001877","DAT001532","SPE001877-held_on","held_on",1.0,2037
"SPE001878","DAT001532","SPE001878-held_on","held_on",1.0,2038
"SPE001879","DAT001532","SPE001879-held_on","held_on",1.0,2039
"SPE001880","DAT001533","SPE001880-held_on","held_on",1.0,2040
"SPE001881","DAT001533","SPE001881-held_on","held_on",1.0,2041
"SPE001882","DAT001534","SPE001882-held_on","held_on",1.0,2042
"SPE001883","DAT001535","SPE001883-held_on","held_on",1.0,2043
"SPE001884","DAT001536","SPE001884-held_on","held_on",1.0,2044
"SPE001885","DAT001537","SPE001885-held_on","held_on",1.0,2045
"SPE001886","DAT001539","SPE001886-held_on","held_on",1.0,2047
"SPE001887","DAT001540","SPE001887-held_on","held_on",1.0,2048
"SPE001888","DAT001541","SPE001888-held_on","held_on",1.0,2049
"SPE001889","DAT001542","SPE001889-held_on","held_on",1.0,2050
"SPE001890","DAT001542","SPE001890-held_on","held_on",1.0,2051
"SPE001891","DAT001543","SPE001891-held_on","held_on",1.0,2052
"SPE001892","DAT001544","SPE001892-held_on","held_on",1.0,2053
"SPE001893","DAT001545","SPE001893-held_on","held_on",1.0,2054
"SPE001894","DAT001546","SPE001894-held_on","held_on",1.0,2055
"SPE001895","DAT001547","SPE001895-held_on","held_on",1.0,2056
"SPE001896","DAT001548","SPE001896-held_on","held_on",1.0,2057
"SPE001897","DAT001549","SPE001897-held_on","held_on",1.0,2058
"SPE001898","DAT001549","SPE001898-held_on","held_on",1.0,2059
"SPE001899","DAT001550","SPE001899-held_on","held_on",1.0,2060
"SPE001900","DAT001550","SPE001900-held_on","held_on",1.0,2061
"SPE001901","DAT001550","SPE001901-held_on","held_on",1.0,2062
"SPE001902","DAT001551","SPE001902-held_on","held_on",1.0,2063
"SPE001903","DAT001552","SPE001903-held_on","held_on",1.0,2064
"SPE001904","DAT001553","SPE001904-held_on","held_on",1.0,2065
"SPE001905","DAT001554","SPE001905-held_on","held_on",1.0,2066
"SPE001906","DAT001554","SPE001906-held_on","held_on",1.0,2067
"SPE001907","DAT001554","SPE001907-held_on","held_on",1.0,2068
"SPE001908","DAT001555","SPE001908-held_on","held_on",1.0,2069
"SPE001909","DAT001556","SPE001909-held_on","held_on",1.0,2070
"SPE001910","DAT001557","SPE001910-held_on","held_on",1.0,2071
"SPE001911","DAT001557","SPE001911-held_on","held_on",1.0,2072
"SPE001912","DAT001558","SPE001912-held_on","held_on",1.0,2073
"SPE001913","DAT001559","SPE001913-held_on","held_on",1.0,2074
"SPE001914","DAT001559","SPE001914-held_on","held_on",1.0,2075
"SPE001915","DAT001561","SPE001915-held_on","held_on",1.0,2077
"SPE001916","DAT001561","SPE001916-held_on","held_on",1.0,2078
"SPE001917","DAT001562","SPE001917-held_on","held_on",1.0,2079
"SPE001918","DAT001563","SPE001918-held_on","held_on",1.0,2080
"SPE001919","DAT001564","SPE001919-held_on","held_on",1.0,2081
"SPE001919","DAT001584","SPE001919-held_on","held_on",1.0,2113
"SPE001920","DAT001565","SPE001920-held_on","held_on",1.0,2082
"SPE001921","DAT001565","SPE001921-held_on","held_on",1.0,2083
"SPE001922","DAT001565","SPE001922-held_on","held_on",1.0,2084
"SPE001923","DAT001566","SPE001923-held_on","held_on",1.0,2085
"SPE001924","DAT001567","SPE001924-held_on","held_on",1.0,2086
"SPE001925","DAT001568","SPE001925-held_on","held_on",1.0,2087
"SPE001926","DAT001568","SPE001926-held_on","held_on",1.0,2088
"SPE001927","DAT001568","SPE001927-held_on","held_on",1.0,2089
"SPE001928","DAT001568","SPE001928-held_on","held_on",1.0,2090
"SPE001929","DAT001569","SPE001929-held_on","held_on",1.0,2091
"SPE001930","DAT001570","SPE001930-held_on","held_on",1.0,2092
"SPE001931","DAT001570","SPE001931-held_on","held_on",1.0,2093
"SPE001932","DAT001570","SPE001932-held_on","held_on",1.0,2094
"SPE001933","DAT001571","SPE001933-held_on","held_on",1.0,2095
"SPE001934","DAT001572","SPE001934-held_on","held_on",1.0,2096
"SPE001935","DAT001573","SPE001935-held_on","held_on",1.0,2097
"SPE001936","DAT001574","SPE001936-held_on","held_on",1.0,2098
"SPE001937","DAT001575","SPE001937-held_on","held_on",1.0,2099
"SPE001938","DAT001576","SPE001938-held_on","held_on",1.0,2100
"SPE001939","DAT001577","SPE001939-held_on","held_on",1.0,2101
"SPE001940","DAT001578","SPE001940-held_on","held_on",1.0,2102
"SPE001941","DAT001579","SPE001941-held_on","held_on",1.0,2103
"SPE001942","DAT001580","SPE001942-held_on","held_on",1.0,2104
"SPE001943","DAT001581","SPE001943-held_on","held_on",1.0,2105
"SPE001944","DAT001581","SPE001944-held_on","held_on",1.0,2106
"SPE001945","DAT001582","SPE001945-held_on","held_on",1.0,2107
"SPE001946","DAT001583","SPE001946-held_on","held_on",1.0,2109
"SPE001947","DAT001583","SPE001947-held_on","held_on",1.0,2110
"SPE001948","DAT001584","SPE001948-held_on","held_on",1.0,2111
"SPE001949","DAT001584","SPE001949-held_on","held_on",1.0,2112
"SPE001950","DAT001585","SPE001950-held_on","held_on",1.0,2114
"SPE001951","DAT001586","SPE001951-held_on","held_on",1.0,2115
"SPE001952","DAT001587","SPE001952-held_on","held_on",1.0,2116
"SPE001953","DAT001587","SPE001953-held_on","held_on",1.0,2117
"SPE001954","DAT001588","SPE001954-held_on","held_on",1.0,2118
"SPE001955","DAT001588","SPE001955-held_on","held_on",1.0,2119
"SPE001956","DAT001589","SPE001956-held_on","held_on",1.0,2120
"SPE001957","DAT001589","SPE001957-held_on","held_on",1.0,2121
"SPE001958","DAT001589","SPE001958-held_on","held_on",1.0,2122
"SPE001959","DAT001590","SPE001959-held_on","held_on",1.0,2123
"SPE001960","DAT001591","SPE001960-held_on","held_on",1.0,2124
"SPE001961","DAT001592","SPE001961-held_on","held_on",1.0,2126
"SPE001962","DAT001593","SPE001962-held_on","held_on",1.0,2127
"SPE001963","DAT001593","SPE001963-held_on","held_on",1.0,2128
"SPE001964","DAT001593","SPE001964-held_on","held_on",1.0,2129
"SPE001965","DAT001594","SPE001965-held_on","held_on",1.0,2130
"SPE001966","DAT001595","SPE001966-held_on","held_on",1.0,2131
"SPE001967","DAT001596","SPE001967-held_on","held_on",1.0,2132
"SPE001968","DAT001597","SPE001968-held_on","held_on",1.0,2133
"SPE001969","DAT001598","SPE001969-held_on","held_on",1.0,2134
"SPE001970","DAT001599","SPE001970-held_on","held_on",1.0,2135
"SPE001971","DAT001600","SPE001971-held_on","held_on",1.0,2136
"SPE001972","DAT001600","SPE001972-held_on","held_on",1.0,2137
"SPE001973","DAT001601","SPE001973-held_on","held_on",1.0,2138
"SPE001974","DAT001602","SPE001974-held_on","held_on",1.0,2139
"SPE001975","DAT001603","SPE001975-held_on","held_on",1.0,2140
"SPE001976","DAT001604","SPE001976-held_on","held_on",1.0,2141
"SPE001977","DAT001605","SPE001977-held_on","held_on",1.0,2142
"SPE001978","DAT001605","SPE001978-held_on","held_on",1.0,2143
"SPE001979","DAT001606","SPE001979-held_on","held_on",1.0,2144
"SPE001980","DAT001607","SPE001980-held_on","held_on",1.0,2145
"SPE001981","DAT001608","SPE001981-held_on","held_on",1.0,2146
"SPE001982","DAT001608","SPE001982-held_on","held_on",1.0,2147
"SPE001983","DAT001609","SPE001983-held_on","held_on",1.0,2148
"SPE001984","DAT001610","SPE001984-held_on","held_on",1.0,2149
"SPE001985","DAT001611","SPE001985-held_on","held_on",1.0,2151
"SPE001986","DAT001612","SPE001986-held_on","held_on",1.0,2152
"SPE001987","DAT001613","SPE001987-held_on","held_on",1.0,2153
"SPE001988","DAT001613","SPE001988-held_on","held_on",1.0,2154
"SPE001989","DAT001613","SPE001989-held_on","held_on",1.0,2155
"SPE001990","DAT001614","SPE001990-held_on","held_on",1.0,2156
"SPE001991","DAT001615","SPE001991-held_on","held_on",1.0,2157
"SPE001992","DAT001616","SPE001992-held_on","held_on",1.0,2158
"SPE001993","DAT001616","SPE001993-held_on","held_on",1.0,2159
"SPE001994","DAT001617","SPE001994-held_on","held_on",1.0,2160
"SPE001995","DAT001618","SPE001995-held_on","held_on",1.0,2161
"SPE001996","DAT001619","SPE001996-held_on","held_on",1.0,2162
"SPE001997","DAT001620","SPE001997-held_on","held_on",1.0,2163
"SPE001998","DAT001621","SPE001998-held_on","held_on",1.0,2164
"SPE001999","DAT001622","SPE001999-held_on","held_on",1.0,2165
"SPE002000","DAT001623","SPE002000-held_on","held_on",1.0,2166
"SPE002001","DAT001624","SPE002001-held_on","held_on",1.0,2167
"SPE002002","DAT001625","SPE002002-held_on","held_on",1.0,2168
"SPE002003","DAT001626","SPE002003-held_on","held_on",1.0,2169
"SPE002004","DAT001626","SPE002004-held_on","held_on",1.0,2170
"SPE002005","DAT001627","SPE002005-held_on","held_on",1.0,2171
"SPE002006","DAT001628","SPE002006-held_on","held_on",1.0,2172
"SPE002007","DAT001629","SPE002007-held_on","held_on",1.0,2173
"SPE002007","DAT001843","SPE002007-held_on","held_on",1.0,2455
"SPE002008","DAT001630","SPE002008-held_on","held_on",1.0,2174
"SPE002009","DAT001631","SPE002009-held_on","held_on",1.0,2175
"SPE002010","DAT001632","SPE002010-held_on","held_on",1.0,2176
"SPE002011","DAT001633","SPE002011-held_on","held_on",1.0,2177
"SPE002012","DAT001633","SPE002012-held_on","held_on",1.0,2178
"SPE002013","DAT001633","SPE002013-held_on","held_on",1.0,2179
"SPE002014","DAT001634","SPE002014-held_on","held_on",1.0,2180
"SPE002015","DAT001636","SPE002015-held_on","held_on",1.0,2182
"SPE002016","DAT001637","SPE002016-held_on","held_on",1.0,2183
"SPE002017","DAT001638","SPE002017-held_on","held_on",1.0,2184
"SPE002018","DAT001639","SPE002018-held_on","held_on",1.0,2185
"SPE002019","DAT001640","SPE002019-held_on","held_on",1.0,2186
"SPE002020","DAT001640","SPE002020-held_on","held_on",1.0,2187
"SPE002021","DAT001641","SPE002021-held_on","held_on",1.0,2188
"SPE002022","DAT001641","SPE002022-held_on","held_on",1.0,2189
"SPE002023","DAT001642","SPE002023-held_on","held_on",1.0,2190
"SPE002024","DAT001643","SPE002024-held_on","held_on",1.0,2191
"SPE002025","DAT001644","SPE002025-held_on","held_on",1.0,2192
"SPE002026","DAT001645","SPE002026-held_on","held_on",1.0,2193
"SPE002027","DAT001645","SPE002027-held_on","held_on",1.0,2194
"SPE002028","DAT001646","SPE002028-held_on","held_on",1.0,2195
"SPE002029","DAT001647","SPE002029-held_on","held_on",1.0,2196
"SPE002030","DAT001648","SPE002030-held_on","held_on",1.0,2197
"SPE002031","DAT001649","SPE002031-held_on","held_on",1.0,2198
"SPE002032","DAT001649","SPE002032-held_on","held_on",1.0,2199
"SPE002033","DAT001649","SPE002033-held_on","held_on",1.0,2200
"SPE002034","DAT001649","SPE002034-held_on","held_on",1.0,2201
"SPE002035","DAT001650","SPE002035-held_on","held_on",1.0,2202
"SPE002035","DAT001672","SPE002035-held_on","held_on",1.0,2234
"SPE002036","DAT001651","SPE002036-held_on","held_on",1.0,2203
"SPE002037","DAT001652","SPE002037-held_on","held_on",1.0,2204
"SPE002038","DAT001653","SPE002038-held_on","held_on",1.0,2205
"SPE002039","DAT001654","SPE002039-held_on","held_on",1.0,2206
"SPE002040","DAT001654","SPE002040-held_on","held_on",1.0,2207
"SPE002041","DAT001654","SPE002041-held_on","held_on",1.0,2208
"SPE002042","DAT001655","SPE002042-held_on","held_on",1.0,2209
"SPE002043","DAT001655","SPE002043-held_on","held_on",1.0,2210
"SPE002044","DAT001656","SPE002044-held_on","held_on",1.0,2211
"SPE002045","DAT001657","SPE002045-held_on","held_on",1.0,2212
"SPE002046","DAT001658","SPE002046-held_on","held_on",1.0,2213
"SPE002047","DAT001659","SPE002047-held_on","held_on",1.0,2214
"SPE002048","DAT001660","SPE002048-held_on","held_on",1.0,2215
"SPE002049","DAT001661","SPE002049-held_on","held_on",1.0,2216
"SPE002050","DAT001661","SPE002050-held_on","held_on",1.0,2217
"SPE002051","DAT001661","SPE002051-held_on","held_on",1.0,2218
"SPE002052","DAT001662","SPE002052-held_on","held_on",1.0,2219
"SPE002053","DAT001662","SPE002053-held_on","held_on",1.0,2220
"SPE002054","DAT001662","SPE002054-held_on","held_on",1.0,2221
"SPE002055","DAT001663","SPE002055-held_on","held_on",1.0,2222
"SPE002056","DAT001663","SPE002056-held_on","held_on",1.0,2223
"SPE002057","DAT001664","SPE002057-held_on","held_on",1.0,2224
"SPE002058","DAT001665","SPE002058-held_on","held_on",1.0,2225
"SPE002059","DAT001666","SPE002059-held_on","held_on",1.0,2226
"SPE002060","DAT001666","SPE002060-held_on","held_on",1.0,2227
"SPE002061","DAT001666","SPE002061-held_on","held_on",1.0,2228
"SPE002062","DAT001667","SPE002062-held_on","held_on",1.0,2229
"SPE002063","DAT001668","SPE002063-held_on","held_on",1.0,2230
"SPE002064","DAT001669","SPE002064-held_on","held_on",1.0,2231
"SPE002065","DAT001670","SPE002065-held_on","held_on",1.0,2232
"SPE002066","DAT001671","SPE002066-held_on","held_on",1.0,2233
"SPE002067","DAT001673","SPE002067-held_on","held_on",1.0,2235
"SPE002068","DAT001674","SPE002068-held_on","held_on",1.0,2236
"SPE002069","DAT001675","SPE002069-held_on","held_on",1.0,2237
"SPE002070","DAT001675","SPE002070-held_on","held_on",1.0,2238
"SPE002071","DAT001675","SPE002071-held_on","held_on",1.0,2239
"SPE002072","DAT001676","SPE002072-held_on","held_on",1.0,2240
"SPE002073","DAT001677","SPE002073-held_on","held_on",1.0,2241
"SPE002074","DAT001677","SPE002074-held_on","held_on",1.0,2242
"SPE002075","DAT001678","SPE002075-held_on","held_on",1.0,2243
"SPE002076","DAT001679","SPE002076-held_on","held_on",1.0,2244
"SPE002077","DAT001680","SPE002077-held_on","held_on",1.0,2245
"SPE002078","DAT001681","SPE002078-held_on","held_on",1.0,2246
"SPE002079","DAT001682","SPE002079-held_on","held_on",1.0,2247
"SPE002080","DAT001683","SPE002080-held_on","held_on",1.0,2248
"SPE002081","DAT001683","SPE002081-held_on","held_on",1.0,2249
"SPE002082","DAT001684","SPE002082-held_on","held_on",1.0,2250
"SPE002083","DAT001685","SPE002083-held_on","held_on",1.0,2251
"SPE002084","DAT001686","SPE002084-held_on","held_on",1.0,2252
"SPE002085","DAT001687","SPE002085-held_on","held_on",1.0,2253
"SPE002086","DAT001687","SPE002086-held_on","held_on",1.0,2254
"SPE002087","DAT001687","SPE002087-held_on","held_on",1.0,2255
"SPE002088","DAT001688","SPE002088-held_on","held_on",1.0,2256
"SPE002089","DAT001689","SPE002089-held_on","held_on",1.0,2257
"SPE002089","DAT001719","SPE002089-held_on","held_on",1.0,2300
"SPE002089","DAT001730","SPE002089-held_on","held_on",1.0,2313
"SPE002089","DAT001748","SPE002089-held_on","held_on",1.0,2340
"SPE002089","DAT001768","SPE002089-held_on","held_on",1.0,2365
"SPE002089","DAT001782","SPE002089-held_on","held_on",1.0,2380
"SPE002089","DAT001802","SPE002089-held_on","held_on",1.0,2406
"SPE002089","DAT001828","SPE002089-held_on","held_on",1.0,2439
"SPE002089","DAT001871","SPE002089-held_on","held_on",1.0,2492
"SPE002089","DAT001911","SPE002089-held_on","held_on",1.0,2544
"SPE002089","DAT001979","SPE002089-held_on","held_on",1.0,2621
"SPE002090","DAT001690","SPE002090-held_on","held_on",1.0,2258
"SPE002091","DAT001691","SPE002091-held_on","held_on",1.0,2259
"SPE002092","DAT001692","SPE002092-held_on","held_on",1.0,2260
"SPE002093","DAT001692","SPE002093-held_on","held_on",1.0,2261
"SPE002094","DAT001693","SPE002094-held_on","held_on",1.0,2262
"SPE002095","DAT001693","SPE002095-held_on","held_on",1.0,2263
"SPE002096","DAT001694","SPE002096-held_on","held_on",1.0,2264
"SPE002097","DAT001695","SPE002097-held_on","held_on",1.0,2265
"SPE002098","DAT001696","SPE002098-held_on","held_on",1.0,2266
"SPE002099","DAT001697","SPE002099-held_on","held_on",1.0,2267
"SPE002100","DAT001697","SPE002100-held_on","held_on",1.0,2268
"SPE002101","SPE002102","SPE002102-delivered","delivered",1.0,2269
"SPE002101","TOP006237","SPE002102-TOP006237-covers","covers",1.0,2269
"SPE002101","TOP006238","SPE002102-TOP006238-covers","covers",1.0,2269
"SPE002101","TOP006239","SPE002102-TOP006239-covers","covers",1.0,2269
"SPE002101","SPE002106","SPE002106-delivered","delivered",1.0,2273
"SPE002101","TOP006248","SPE002106-TOP006248-covers","covers",1.0,2273
"SPE002101","TOP006249","SPE002106-TOP006249-covers","covers",1.0,2273
"SPE002101","TOP006250","SPE002106-TOP006250-covers","covers",1.0,2273
"SPE002101","SPE002112","SPE002112-delivered","delivered",1.0,2279
"SPE002101","TOP006265","SPE002112-TOP006265-covers","covers",1.0,2279
"SPE002101","TOP006266","SPE002112-TOP006266-covers","covers",1.0,2279
"SPE002101","TOP006267","SPE002112-TOP006267-covers","covers",1.0,2279
"SPE002101","SPE002122","SPE002122-delivered","delivered",1.0,2290
"SPE002101","TOP006296","SPE002122-TOP006296-covers","covers",1.0,2290
"SPE002101","TOP006297","SPE002122-TOP006297-covers","covers",1.0,2290
"SPE002101","TOP006297","SPE002180-TOP006297-covers","covers",1.0,2353
"SPE002101","TOP006298","SPE002122-TOP006298-covers","covers",1.0,2290
"SPE002101","SPE002125","SPE002125-delivered","delivered",1.0,2293
"SPE002101","TOP006305","SPE002125-TOP006305-covers","covers",1.0,2293
"SPE002101","TOP006306","SPE002125-TOP006306-covers","covers",1.0,2293
"SPE002101","TOP006307","SPE002125-TOP006307-covers","covers",1.0,2293
"SPE002101","SPE002129","SPE002129-delivered","delivered",1.0,2297
"SPE002101","TOP006317","SPE002129-TOP006317-covers","covers",1.0,2297
"SPE002101","TOP006318","SPE002129-TOP006318-covers","covers",1.0,2297
"SPE002101","TOP006319","SPE002129-TOP006319-covers","covers",1.0,2297
"SPE002101","SPE002136","SPE002136-delivered","delivered",1.0,2305
"SPE002101","TOP002331","SPE002136-TOP002331-covers","covers",1.0,2305
"SPE002101","TOP006341","SPE002136-TOP006341-covers","covers",1.0,2305
"SPE002101","TOP006342","SPE002136-TOP006342-covers","covers",1.0,2305
"SPE002101","SPE002141","SPE002141-delivered","delivered",1.0,2311
"SPE002101","TOP006357","SPE002141-TOP006357-covers","covers",1.0,2311
"SPE002101","TOP006358","SPE002141-TOP006358-covers","covers",1.0,2311
"SPE002101","TOP003748","SPE002141-TOP003748-covers","covers",1.0,2311
"SPE002101","SPE002147","SPE002147-delivered","delivered",1.0,2318
"SPE002101","TOP006375","SPE002147-TOP006375-covers","covers",1.0,2318
"SPE002101","TOP004557","SPE002147-TOP004557-covers","covers",1.0,2318
"SPE002101","TOP002459","SPE002147-TOP002459-covers","covers",1.0,2318
"SPE002101","TOP002459","SPE002420-TOP002459-covers","covers",1.0,2602
"SPE002101","SPE002149","SPE002149-delivered","delivered",1.0,2320
"SPE002101","TOP006379","SPE002149-TOP006379-covers","covers",1.0,2320
"SPE002101","TOP006380","SPE002149-TOP006380-covers","covers",1.0,2320
"SPE002101","TOP006381","SPE002149-TOP006381-covers","covers",1.0,2320
"SPE002101","SPE002150","SPE002150-delivered","delivered",1.0,2321
"SPE002101","TOP006382","SPE002150-TOP006382-covers","covers",1.0,2321
"SPE002101","TOP006383","SPE002150-TOP006383-covers","covers",1.0,2321
"SPE002101","TOP006384","SPE002150-TOP006384-covers","covers",1.0,2321
"SPE002101","SPE002153","SPE002153-delivered","delivered",1.0,2324
"SPE002101","TOP006390","SPE002153-TOP006390-covers","covers",1.0,2324
"SPE002101","TOP006391","SPE002153-TOP006391-covers","covers",1.0,2324
"SPE002101","TOP006392","SPE002153-TOP006392-covers","covers",1.0,2324
"SPE002101","SPE002180","SPE002180-delivered","delivered",1.0,2353
"SPE002101","TOP006472","SPE002180-TOP006472-covers","covers",1.0,2353
"SPE002101","TOP006473","SPE002180-TOP006473-covers","covers",1.0,2353
"SPE002101","SPE002183","SPE002183-delivered","delivered",1.0,2356
"SPE002101","TOP006480","SPE002183-TOP006480-covers","covers",1.0,2356
"SPE002101","TOP006481","SPE002183-TOP006481-covers","covers",1.0,2356
"SPE002101","TOP006482","SPE002183-TOP006482-covers","covers",1.0,2356
"SPE002101","SPE002186","SPE002186-delivered","delivered",1.0,2359
"SPE002101","TOP006489","SPE002186-TOP006489-covers","covers",1.0,2359
"SPE002101","TOP006490","SPE002186-TOP006490-covers","covers",1.0,2359
"SPE002101","TOP006491","SPE002186-TOP006491-covers","covers",1.0,2359
"SPE002101","SPE002187","SPE002187-delivered","delivered",1.0,2360
"SPE002101","TOP006492","SPE002187-TOP006492-covers","covers",1.0,2360
"SPE002101","TOP006493","SPE002187-TOP006493-covers","covers",1.0,2360
"SPE002101","TOP006494","SPE002187-TOP006494-covers","covers",1.0,2360
"SPE002101","SPE002192","SPE002192-delivered","delivered",1.0,2366
"SPE002101","TOP006509","SPE002192-TOP006509-covers","covers",1.0,2366
"SPE002101","TOP006510","SPE002192-TOP006510-covers","covers",1.0,2366
"SPE002101","TOP006511","SPE002192-TOP006511-covers","covers",1.0,2366
"SPE002101","SPE002196","SPE002196-delivered","delivered",1.0,2370
"SPE002101","TOP006520","SPE002196-TOP006520-covers","covers",1.0,2370
"SPE002101","TOP006521","SPE002196-TOP006521-covers","covers",1.0,2370
"SPE002101","TOP006522","SPE002196-TOP006522-covers","covers",1.0,2370
"SPE002101","SPE002216","SPE002216-delivered","delivered",1.0,2391
"SPE002101","TOP006576","SPE002216-TOP006576-covers","covers",1.0,2391
"SPE002101","TOP006577","SPE002216-TOP006577-covers","covers",1.0,2391
"SPE002101","TOP006578","SPE002216-TOP006578-covers","covers",1.0,2391
"SPE002101","SPE002219","SPE002219-delivered","delivered",1.0,2394
"SPE002101","TOP006584","SPE002219-TOP006584-covers","covers",1.0,2394
"SPE002101","TOP006585","SPE002219-TOP006585-covers","covers",1.0,2394
"SPE002101","TOP006586","SPE002219-TOP006586-covers","covers",1.0,2394
"SPE002101","SPE002220","SPE002220-delivered","delivered",1.0,2395
"SPE002101","TOP006587","SPE002220-TOP006587-covers","covers",1.0,2395
"SPE002101","TOP006588","SPE002220-TOP006588-covers","covers",1.0,2395
"SPE002101","TOP006588","SPE002272-TOP006588-covers","covers",1.0,2449
"SPE002101","TOP006589","SPE002220-TOP006589-covers","covers",1.0,2395
"SPE002101","SPE002223","SPE002223-delivered","delivered",1.0,2398
"SPE002101","TOP006595","SPE002223-TOP006595-covers","covers",1.0,2398
"SPE002101","TOP006596","SPE002223-TOP006596-covers","covers",1.0,2398
"SPE002101","TOP006597","SPE002223-TOP006597-covers","covers",1.0,2398
"SPE002101","SPE002232","SPE002232-delivered","delivered",1.0,2408
"SPE002101","TOP006622","SPE002232-TOP006622-covers","covers",1.0,2408
"SPE002101","TOP006623","SPE002232-TOP006623-covers","covers",1.0,2408
"SPE002101","TOP006624","SPE002232-TOP006624-covers","covers",1.0,2408
"SPE002101","SPE002241","SPE002241-delivered","delivered",1.0,2417
"SPE002101","TOP006649","SPE002241-TOP006649-covers","covers",1.0,2417
"SPE002101","TOP006650","SPE002241-TOP006650-covers","covers",1.0,2417
"SPE002101","TOP006651","SPE002241-TOP006651-covers","covers",1.0,2417
"SPE002101","SPE002249","SPE002249-delivered","delivered",1.0,2424
"SPE002101","TOP006669","SPE002249-TOP006669-covers","covers",1.0,2424
"SPE002101","TOP006670","SPE002249-TOP006670-covers","covers",1.0,2424
"SPE002101","TOP006671","SPE002249-TOP006671-covers","covers",1.0,2424
"SPE002101","SPE002252","SPE002252-delivered","delivered",1.0,2427
"SPE002101","TOP006678","SPE002252-TOP006678-covers","covers",1.0,2427
"SPE002101","TOP006679","SPE002252-TOP006679-covers","covers",1.0,2427
"SPE002101","TOP006680","SPE002252-TOP006680-covers","covers",1.0,2427
"SPE002101","SPE002256","SPE002256-delivered","delivered",1.0,2432
"SPE002101","TOP006691","SPE002256-TOP006691-covers","covers",1.0,2432
"SPE002101","TOP006692","SPE002256-TOP006692-covers","covers",1.0,2432
"SPE002101","TOP006693","SPE002256-TOP006693-covers","covers",1.0,2432
"SPE002101","SPE002257","SPE002257-delivered","delivered",1.0,2433
"SPE002101","TOP006694","SPE002257-TOP006694-covers","covers",1.0,2433
"SPE002101","TOP006695","SPE002257-TOP006695-covers","covers",1.0,2433
"SPE002101","TOP006696","SPE002257-TOP006696-covers","covers",1.0,2433
"SPE002101","SPE002259","SPE002259-delivered","delivered",1.0,2435
"SPE002101","TOP006700","SPE002259-TOP006700-covers","covers",1.0,2435
"SPE002101","TOP006701","SPE002259-TOP006701-covers","covers",1.0,2435
"SPE002101","TOP000076","SPE002259-TOP000076-covers","covers",1.0,2435
"SPE002101","TOP000076","SPE002270-TOP000076-covers","covers",1.0,2447
"SPE002101","SPE002270","SPE002270-delivered","delivered",1.0,2447
"SPE002101","TOP006734","SPE002270-TOP006734-covers","covers",1.0,2447
"SPE002101","TOP006735","SPE002270-TOP006735-covers","covers",1.0,2447
"SPE002101","SPE002272","SPE002272-delivered","delivered",1.0,2449
"SPE002101","TOP006739","SPE002272-TOP006739-covers","covers",1.0,2449
"SPE002101","TOP006740","SPE002272-TOP006740-covers","covers",1.0,2449
"SPE002101","SPE002278","SPE002278-delivered","delivered",1.0,2456
"SPE002101","TOP006758","SPE002278-TOP006758-covers","covers",1.0,2456
"SPE002101","TOP006759","SPE002278-TOP006759-covers","covers",1.0,2456
"SPE002101","TOP006760","SPE002278-TOP006760-covers","covers",1.0,2456
"SPE002101","SPE002281","SPE002281-delivered","delivered",1.0,2459
"SPE002101","TOP006767","SPE002281-TOP006767-covers","covers",1.0,2459
"SPE002101","TOP006768","SPE002281-TOP006768-covers","covers",1.0,2459
"SPE002101","TOP006769","SPE002281-TOP006769-covers","covers",1.0,2459
"SPE002101","SPE002290","SPE002290-delivered","delivered",1.0,2468
"SPE002101","TOP006792","SPE002290-TOP006792-covers","covers",1.0,2468
"SPE002101","TOP006793","SPE002290-TOP006793-covers","covers",1.0,2468
"SPE002101","TOP006794","SPE002290-TOP006794-covers","covers",1.0,2468
"SPE002101","SPE002291","SPE002291-delivered","delivered",1.0,2469
"SPE002101","TOP004612","SPE002291-TOP004612-covers","covers",1.0,2469
"SPE002101","TOP006795","SPE002291-TOP006795-covers","covers",1.0,2469
"SPE002101","TOP006796","SPE002291-TOP006796-covers","covers",1.0,2469
"SPE002101","SPE002294","SPE002294-delivered","delivered",1.0,2472
"SPE002101","TOP006803","SPE002294-TOP006803-covers","covers",1.0,2472
"SPE002101","TOP006804","SPE002294-TOP006804-covers","covers",1.0,2472
"SPE002101","TOP006805","SPE002294-TOP006805-covers","covers",1.0,2472
"SPE002101","SPE002306","SPE002306-delivered","delivered",1.0,2483
"SPE002101","TOP006836","SPE002306-TOP006836-covers","covers",1.0,2483
"SPE002101","TOP006837","SPE002306-TOP006837-covers","covers",1.0,2483
"SPE002101","TOP006838","SPE002306-TOP006838-covers","covers",1.0,2483
"SPE002101","SPE002320","SPE002320-delivered","delivered",1.0,2498
"SPE002101","TOP001797","SPE002320-TOP001797-covers","covers",1.0,2498
"SPE002101","TOP006878","SPE002320-TOP006878-covers","covers",1.0,2498
"SPE002101","TOP006372","SPE002320-TOP006372-covers","covers",1.0,2498
"SPE002101","SPE002336","SPE002336-delivered","delivered",1.0,2515
"SPE002101","TOP006923","SPE002336-TOP006923-covers","covers",1.0,2515
"SPE002101","TOP006924","SPE002336-TOP006924-covers","covers",1.0,2515
"SPE002101","TOP002563","SPE002336-TOP002563-covers","covers",1.0,2515
"SPE002101","SPE002340","SPE002340-delivered","delivered",1.0,2518
"SPE002101","TOP006930","SPE002340-TOP006930-covers","covers",1.0,2518
"SPE002101","TOP006931","SPE002340-TOP006931-covers","covers",1.0,2518
"SPE002101","TOP006932","SPE002340-TOP006932-covers","covers",1.0,2518
"SPE002101","SPE002344","SPE002344-delivered","delivered",1.0,2522
"SPE002101","TOP006941","SPE002344-TOP006941-covers","covers",1.0,2522
"SPE002101","TOP006942","SPE002344-TOP006942-covers","covers",1.0,2522
"SPE002101","TOP006943","SPE002344-TOP006943-covers","covers",1.0,2522
"SPE002101","SPE002348","SPE002348-delivered","delivered",1.0,2526
"SPE002101","TOP006953","SPE002348-TOP006953-covers","covers",1.0,2526
"SPE002101","TOP006954","SPE002348-TOP006954-covers","covers",1.0,2526
"SPE002101","TOP006955","SPE002348-TOP006955-covers","covers",1.0,2526
"SPE002101","SPE002355","SPE002355-delivered","delivered",1.0,2533
"SPE002101","TOP006972","SPE002355-TOP006972-covers","covers",1.0,2533
"SPE002101","TOP006973","SPE002355-TOP006973-covers","covers",1.0,2533
"SPE002101","TOP006974","SPE002355-TOP006974-covers","covers",1.0,2533
"SPE002101","SPE002368","SPE002368-delivered","delivered",1.0,2547
"SPE002101","TOP007010","SPE002368-TOP007010-covers","covers",1.0,2547
"SPE002101","TOP007011","SPE002368-TOP007011-covers","covers",1.0,2547
"SPE002101","TOP007012","SPE002368-TOP007012-covers","covers",1.0,2547
"SPE002101","SPE002373","SPE002373-delivered","delivered",1.0,2552
"SPE002101","TOP007024","SPE002373-TOP007024-covers","covers",1.0,2552
"SPE002101","TOP007025","SPE002373-TOP007025-covers","covers",1.0,2552
"SPE002101","TOP007026","SPE002373-TOP007026-covers","covers",1.0,2552
"SPE002101","SPE002380","SPE002380-delivered","delivered",1.0,2558
"SPE002101","TOP007041","SPE002380-TOP007041-covers","covers",1.0,2558
"SPE002101","TOP007042","SPE002380-TOP007042-covers","covers",1.0,2558
"SPE002101","TOP007043","SPE002380-TOP007043-covers","covers",1.0,2558
"SPE002101","SPE002382","SPE002382-delivered","delivered",1.0,2560
"SPE002101","TOP006436","SPE002382-TOP006436-covers","covers",1.0,2560
"SPE002101","TOP007047","SPE002382-TOP007047-covers","covers",1.0,2560
"SPE002101","TOP006980","SPE002382-TOP006980-covers","covers",1.0,2560
"SPE002101","SPE002386","SPE002386-delivered","delivered",1.0,2564
"SPE002101","TOP000160","SPE002386-TOP000160-covers","covers",1.0,2564
"SPE002101","TOP007056","SPE002386-TOP007056-covers","covers",1.0,2564
"SPE002101","TOP007057","SPE002386-TOP007057-covers","covers",1.0,2564
"SPE002101","SPE002388","SPE002388-delivered","delivered",1.0,2566
"SPE002101","TOP007061","SPE002388-TOP007061-covers","covers",1.0,2566
"SPE002101","TOP006755","SPE002388-TOP006755-covers","covers",1.0,2566
"SPE002101","TOP007062","SPE002388-TOP007062-covers","covers",1.0,2566
"SPE002101","SPE002392","SPE002392-delivered","delivered",1.0,2571
"SPE002101","TOP007074","SPE002392-TOP007074-covers","covers",1.0,2571
"SPE002101","TOP007075","SPE002392-TOP007075-covers","covers",1.0,2571
"SPE002101","TOP007076","SPE002392-TOP007076-covers","covers",1.0,2571
"SPE002101","SPE002394","SPE002394-delivered","delivered",1.0,2573
"SPE002101","TOP007080","SPE002394-TOP007080-covers","covers",1.0,2573
"SPE002101","TOP007081","SPE002394-TOP007081-covers","covers",1.0,2573
"SPE002101","TOP007082","SPE002394-TOP007082-covers","covers",1.0,2573
"SPE002101","SPE002396","SPE002396-delivered","delivered",1.0,2575
"SPE002101","TOP007086","SPE002396-TOP007086-covers","covers",1.0,2575
"SPE002101","TOP007087","SPE002396-TOP007087-covers","covers",1.0,2575
"SPE002101","TOP007088","SPE002396-TOP007088-covers","covers",1.0,2575
"SPE002101","SPE002397","SPE002397-delivered","delivered",1.0,2577
"SPE002101","TOP007092","SPE002397-TOP007092-covers","covers",1.0,2577
"SPE002101","TOP007093","SPE002397-TOP007093-covers","covers",1.0,2577
"SPE002101","TOP007094","SPE002397-TOP007094-covers","covers",1.0,2577
"SPE002101","SPE002405","SPE002405-delivered","delivered",1.0,2586
"SPE002101","TOP007116","SPE002405-TOP007116-covers","covers",1.0,2586
"SPE002101","TOP007117","SPE002405-TOP007117-covers","covers",1.0,2586
"SPE002101","TOP007118","SPE002405-TOP007118-covers","covers",1.0,2586
"SPE002101","SPE002411","SPE002411-delivered","delivered",1.0,2593
"SPE002101","TOP007136","SPE002411-TOP007136-covers","covers",1.0,2593
"SPE002101","TOP007137","SPE002411-TOP007137-covers","covers",1.0,2593
"SPE002101","TOP007138","SPE002411-TOP007138-covers","covers",1.0,2593
"SPE002101","SPE002414","SPE002414-delivered","delivered",1.0,2596
"SPE002101","TOP007145","SPE002414-TOP007145-covers","covers",1.0,2596
"SPE002101","TOP007146","SPE002414-TOP007146-covers","covers",1.0,2596
"SPE002101","TOP007147","SPE002414-TOP007147-covers","covers",1.0,2596
"SPE002101","SPE002420","SPE002420-delivered","delivered",1.0,2602
"SPE002101","TOP007160","SPE002420-TOP007160-covers","covers",1.0,2602
"SPE002101","TOP007161","SPE002420-TOP007161-covers","covers",1.0,2602
"SPE002101","SPE002429","SPE002429-delivered","delivered",1.0,2612
"SPE002101","TOP007189","SPE002429-TOP007189-covers","covers",1.0,2612
"SPE002101","TOP007190","SPE002429-TOP007190-covers","covers",1.0,2612
"SPE002101","TOP000593","SPE002429-TOP000593-covers","covers",1.0,2612
"SPE002101","SPE002436","SPE002436-delivered","delivered",1.0,2618
"SPE002101","TOP007205","SPE002436-TOP007205-covers","covers",1.0,2618
"SPE002101","TOP007206","SPE002436-TOP007206-covers","covers",1.0,2618
"SPE002101","TOP007207","SPE002436-TOP007207-covers","covers",1.0,2618
"SPE002101","TOP007207","SPE002583-TOP007207-covers","covers",1.0,2784
"SPE002101","SPE002089","SPE002089-delivered","delivered",1.0,2621
"SPE002101","TOP007212","SPE002089-TOP007212-covers","covers",1.0,2621
"SPE002101","TOP007213","SPE002089-TOP007213-covers","covers",1.0,2621
"SPE002101","TOP007214","SPE002089-TOP007214-covers","covers",1.0,2621
"SPE002101","SPE002461","SPE002461-delivered","delivered",1.0,2647
"SPE002101","TOP007277","SPE002461-TOP007277-covers","covers",1.0,2647
"SPE002101","TOP007278","SPE002461-TOP007278-covers","covers",1.0,2647
"SPE002101","TOP007279","SPE002461-TOP007279-covers","covers",1.0,2647
"SPE002101","SPE002465","SPE002465-delivered","delivered",1.0,2651
"SPE002101","TOP007289","SPE002465-TOP007289-covers","covers",1.0,2651
"SPE002101","TOP007290","SPE002465-TOP007290-covers","covers",1.0,2651
"SPE002101","TOP007291","SPE002465-TOP007291-covers","covers",1.0,2651
"SPE002101","SPE002487","SPE002487-delivered","delivered",1.0,2675
"SPE002101","TOP007358","SPE002487-TOP007358-covers","covers",1.0,2675
"SPE002101","TOP007359","SPE002487-TOP007359-covers","covers",1.0,2675
"SPE002101","TOP007360","SPE002487-TOP007360-covers","covers",1.0,2675
"SPE002101","SPE002488","SPE002488-delivered","delivered",1.0,2676
"SPE002101","TOP007361","SPE002488-TOP007361-covers","covers",1.0,2676
"SPE002101","TOP007362","SPE002488-TOP007362-covers","covers",1.0,2676
"SPE002101","TOP007363","SPE002488-TOP007363-covers","covers",1.0,2676
"SPE002101","SPE002490","SPE002490-delivered","delivered",1.0,2679
"SPE002101","TOP007369","SPE002490-TOP007369-covers","covers",1.0,2679
"SPE002101","TOP007370","SPE002490-TOP007370-covers","covers",1.0,2679
"SPE002101","TOP007371","SPE002490-TOP007371-covers","covers",1.0,2679
"SPE002101","SPE002496","SPE002496-delivered","delivered",1.0,2687
"SPE002101","TOP007389","SPE002496-TOP007389-covers","covers",1.0,2687
"SPE002101","TOP000140","SPE002496-TOP000140-covers","covers",1.0,2687
"SPE002101","TOP007390","SPE002496-TOP007390-covers","covers",1.0,2687
"SPE002101","SPE002497","SPE002497-delivered","delivered",1.0,2688
"SPE002101","TOP007391","SPE002497-TOP007391-covers","covers",1.0,2688
"SPE002101","TOP007391","SPE002520-TOP007391-covers","covers",1.0,2714
"SPE002101","TOP007392","SPE002497-TOP007392-covers","covers",1.0,2688
"SPE002101","TOP007392","SPE002520-TOP007392-covers","covers",1.0,2714
"SPE002101","TOP007393","SPE002497-TOP007393-covers","covers",1.0,2688
"SPE002101","SPE002507","SPE002507-delivered","delivered",1.0,2699
"SPE002101","TOP007422","SPE002507-TOP007422-covers","covers",1.0,2699
"SPE002101","TOP007423","SPE002507-TOP007423-covers","covers",1.0,2699
"SPE002101","TOP007424","SPE002507-TOP007424-covers","covers",1.0,2699
"SPE002101","SPE002508","SPE002508-delivered","delivered",1.0,2840
"SPE002101","TOP007425","SPE002508-TOP007425-covers","covers",1.0,2700
"SPE002101","TOP007426","SPE002508-TOP007426-covers","covers",1.0,2700
"SPE002101","TOP005878","SPE002508-TOP005878-covers","covers",1.0,2700
"SPE002101","SPE000019","SPE000019-delivered","delivered",1.0,2706
"SPE002101","TOP000598","SPE000019-TOP000598-covers","covers",1.0,2706
"SPE002101","TOP007442","SPE000019-TOP007442-covers","covers",1.0,2706
"SPE002101","TOP007443","SPE000019-TOP007443-covers","covers",1.0,2706
"SPE002101","SPE002520","SPE002520-delivered","delivered",1.0,2714
"SPE002101","TOP007462","SPE002520-TOP007462-covers","covers",1.0,2714
"SPE002101","SPE002528","SPE002528-delivered","delivered",1.0,2723
"SPE002101","TOP007485","SPE002528-TOP007485-covers","covers",1.0,2723
"SPE002101","TOP007486","SPE002528-TOP007486-covers","covers",1.0,2723
"SPE002101","TOP007487","SPE002528-TOP007487-covers","covers",1.0,2723
"SPE002101","SPE002531","SPE002531-delivered","delivered",1.0,2726
"SPE002101","TOP007493","SPE002531-TOP007493-covers","covers",1.0,2726
"SPE002101","TOP007494","SPE002531-TOP007494-covers","covers",1.0,2726
"SPE002101","TOP007495","SPE002531-TOP007495-covers","covers",1.0,2726
"SPE002101","SPE000271","SPE000271-delivered","delivered",1.0,2729
"SPE002101","TOP007502","SPE000271-TOP007502-covers","covers",1.0,2729
"SPE002101","TOP007503","SPE000271-TOP007503-covers","covers",1.0,2729
"SPE002101","TOP007504","SPE000271-TOP007504-covers","covers",1.0,2729
"SPE002101","SPE002535","SPE002535-delivered","delivered",1.0,2731
"SPE002101","TOP007508","SPE002535-TOP007508-covers","covers",1.0,2731
"SPE002101","TOP007509","SPE002535-TOP007509-covers","covers",1.0,2731
"SPE002101","TOP007510","SPE002535-TOP007510-covers","covers",1.0,2731
"SPE002101","SPE002542","SPE002542-delivered","delivered",1.0,2738
"SPE002101","TOP007528","SPE002542-TOP007528-covers","covers",1.0,2738
"SPE002101","TOP007529","SPE002542-TOP007529-covers","covers",1.0,2738
"SPE002101","TOP007530","SPE002542-TOP007530-covers","covers",1.0,2738
"SPE002101","SPE002549","SPE002549-delivered","delivered",1.0,2747
"SPE002101","TOP007554","SPE002549-TOP007554-covers","covers",1.0,2747
"SPE002101","TOP007555","SPE002549-TOP007555-covers","covers",1.0,2747
"SPE002101","TOP007556","SPE002549-TOP007556-covers","covers",1.0,2747
"SPE002101","SPE002550","SPE002550-delivered","delivered",1.0,2748
"SPE002101","TOP007557","SPE002550-TOP007557-covers","covers",1.0,2748
"SPE002101","TOP007558","SPE002550-TOP007558-covers","covers",1.0,2748
"SPE002101","TOP007559","SPE002550-TOP007559-covers","covers",1.0,2748
"SPE002101","SPE002556","SPE002556-delivered","delivered",1.0,2756
"SPE002101","TOP007578","SPE002556-TOP007578-covers","covers",1.0,2756
"SPE002101","TOP007579","SPE002556-TOP007579-covers","covers",1.0,2756
"SPE002101","TOP007580","SPE002556-TOP007580-covers","covers",1.0,2756
"SPE002101","SPE002557","SPE002557-delivered","delivered",1.0,2757
"SPE002101","TOP007581","SPE002557-TOP007581-covers","covers",1.0,2757
"SPE002101","TOP007582","SPE002557-TOP007582-covers","covers",1.0,2757
"SPE002101","TOP007583","SPE002557-TOP007583-covers","covers",1.0,2757
"SPE002101","SPE002560","SPE002560-delivered","delivered",1.0,2760
"SPE002101","TOP007589","SPE002560-TOP007589-covers","covers",1.0,2760
"SPE002101","TOP007590","SPE002560-TOP007590-covers","covers",1.0,2760
"SPE002101","TOP007591","SPE002560-TOP007591-covers","covers",1.0,2760
"SPE002101","SPE002566","SPE002566-delivered","delivered",1.0,2766
"SPE002101","TOP007605","SPE002566-TOP007605-covers","covers",1.0,2766
"SPE002101","TOP007606","SPE002566-TOP007606-covers","covers",1.0,2766
"SPE002101","TOP007607","SPE002566-TOP007607-covers","covers",1.0,2766
"SPE002101","SPE002568","SPE002568-delivered","delivered",1.0,2769
"SPE002101","TOP007611","SPE002568-TOP007611-covers","covers",1.0,2769
"SPE002101","TOP007612","SPE002568-TOP007612-covers","covers",1.0,2769
"SPE002101","TOP007613","SPE002568-TOP007613-covers","covers",1.0,2769
"SPE002101","SPE002575","SPE002575-delivered","delivered",1.0,2776
"SPE002101","TOP007631","SPE002575-TOP007631-covers","covers",1.0,2776
"SPE002101","TOP007632","SPE002575-TOP007632-covers","covers",1.0,2776
"SPE002101","TOP007633","SPE002575-TOP007633-covers","covers",1.0,2776
"SPE002101","SPE002576","SPE002576-delivered","delivered",1.0,2777
"SPE002101","TOP007634","SPE002576-TOP007634-covers","covers",1.0,2777
"SPE002101","TOP007635","SPE002576-TOP007635-covers","covers",1.0,2777
"SPE002101","TOP007636","SPE002576-TOP007636-covers","covers",1.0,2777
"SPE002101","SPE002579","SPE002579-delivered","delivered",1.0,2780
"SPE002101","TOP007643","SPE002579-TOP007643-covers","covers",1.0,2780
"SPE002101","TOP007644","SPE002579-TOP007644-covers","covers",1.0,2780
"SPE002101","TOP007645","SPE002579-TOP007645-covers","covers",1.0,2780
"SPE002101","SPE002583","SPE002583-delivered","delivered",1.0,2784
"SPE002101","TOP007654","SPE002583-TOP007654-covers","covers",1.0,2784
"SPE002101","TOP007655","SPE002583-TOP007655-covers","covers",1.0,2784
"SPE002101","SPE002596","SPE002596-delivered","delivered",1.0,2798
"SPE002101","TOP007690","SPE002596-TOP007690-covers","covers",1.0,2798
"SPE002101","TOP007691","SPE002596-TOP007691-covers","covers",1.0,2798
"SPE002101","TOP007692","SPE002596-TOP007692-covers","covers",1.0,2798
"SPE002101","SPE002604","SPE002604-delivered","delivered",1.0,2806
"SPE002101","TOP007713","SPE002604-TOP007713-covers","covers",1.0,2806
"SPE002101","TOP007714","SPE002604-TOP007714-covers","covers",1.0,2806
"SPE002101","TOP007715","SPE002604-TOP007715-covers","covers",1.0,2806
"SPE002101","SPE002617","SPE002617-delivered","delivered",1.0,2819
"SPE002101","TOP007749","SPE002617-TOP007749-covers","covers",1.0,2819
"SPE002101","TOP007750","SPE002617-TOP007750-covers","covers",1.0,2819
"SPE002101","TOP007751","SPE002617-TOP007751-covers","covers",1.0,2819
"SPE002101","SPE002634","SPE002634-delivered","delivered",1.0,2836
"SPE002101","TOP007791","SPE002634-TOP007791-covers","covers",1.0,2836
"SPE002101","TOP007792","SPE002634-TOP007792-covers","covers",1.0,2836
"SPE002101","TOP007793","SPE002634-TOP007793-covers","covers",1.0,2836
"SPE002101","TOP007803","SPE002508-TOP007803-covers","covers",1.0,2840
"SPE002101","TOP007804","SPE002508-TOP007804-covers","covers",1.0,2840
"SPE002101","TOP007805","SPE002508-TOP007805-covers","covers",1.0,2840
"SPE002101","SPE002641","SPE002641-delivered","delivered",1.0,2844
"SPE002101","TOP007814","SPE002641-TOP007814-covers","covers",1.0,2844
"SPE002101","TOP007815","SPE002641-TOP007815-covers","covers",1.0,2844
"SPE002101","TOP007816","SPE002641-TOP007816-covers","covers",1.0,2844
"SPE002101","SPE002650","SPE002650-delivered","delivered",1.0,2853
"SPE002101","TOP007838","SPE002650-TOP007838-covers","covers",1.0,2853
"SPE002101","TOP007839","SPE002650-TOP007839-covers","covers",1.0,2853
"SPE002101","TOP007840","SPE002650-TOP007840-covers","covers",1.0,2853
"SPE002101","SPE002656","SPE002656-delivered","delivered",1.0,2859
"SPE002101","TOP007855","SPE002656-TOP007855-covers","covers",1.0,2859
"SPE002101","TOP007856","SPE002656-TOP007856-covers","covers",1.0,2859
"SPE002101","TOP007857","SPE002656-TOP007857-covers","covers",1.0,2859
"SPE002101","SPE002677","SPE002677-delivered","delivered",1.0,2881
"SPE002101","TOP007909","SPE002677-TOP007909-covers","covers",1.0,2881
"SPE002101","TOP002914","SPE002677-TOP002914-covers","covers",1.0,2881
"SPE002101","TOP007910","SPE002677-TOP007910-covers","covers",1.0,2881
"SPE002101","SPE002689","SPE002689-delivered","delivered",1.0,2897
"SPE002101","TOP007950","SPE002689-TOP007950-covers","covers",1.0,2897
"SPE002101","TOP007951","SPE002689-TOP007951-covers","covers",1.0,2897
"SPE002101","TOP007952","SPE002689-TOP007952-covers","covers",1.0,2897
"SPE002101","SPE002699","SPE002699-delivered","delivered",1.0,2910
"SPE002101","TOP007984","SPE002699-TOP007984-covers","covers",1.0,2910
"SPE002101","TOP007985","SPE002699-TOP007985-covers","covers",1.0,2910
"SPE002101","TOP007986","SPE002699-TOP007986-covers","covers",1.0,2910
"SPE002101","SPE002710","SPE002710-delivered","delivered",1.0,2921
"SPE002101","TOP008015","SPE002710-TOP008015-covers","covers",1.0,2921
"SPE002101","TOP008016","SPE002710-TOP008016-covers","covers",1.0,2921
"SPE002101","TOP008017","SPE002710-TOP008017-covers","covers",1.0,2921
"SPE002101","SPE002711","SPE002711-delivered","delivered",1.0,2922
"SPE002101","TOP008018","SPE002711-TOP008018-covers","covers",1.0,2922
"SPE002101","TOP008019","SPE002711-TOP008019-covers","covers",1.0,2922
"SPE002101","TOP008020","SPE002711-TOP008020-covers","covers",1.0,2922
"SPE002102","DAT001697","SPE002102-held_on","held_on",1.0,2269
"SPE002103","DAT001698","SPE002103-held_on","held_on",1.0,2270
"SPE002104","DAT001698","SPE002104-held_on","held_on",1.0,2271
"SPE002105","DAT001699","SPE002105-held_on","held_on",1.0,2272
"SPE002106","DAT001700","SPE002106-held_on","held_on",1.0,2273
"SPE002107","DAT001700","SPE002107-held_on","held_on",1.0,2274
"SPE002108","DAT001700","SPE002108-held_on","held_on",1.0,2275
"SPE002109","DAT001700","SPE002109-held_on","held_on",1.0,2276
"SPE002110","DAT001700","SPE002110-held_on","held_on",1.0,2277
"SPE002111","DAT001701","SPE002111-held_on","held_on",1.0,2278
"SPE002112","DAT001702","SPE002112-held_on","held_on",1.0,2279
"SPE002113","DAT001703","SPE002113-held_on","held_on",1.0,2280
"SPE002114","DAT001704","SPE002114-held_on","held_on",1.0,2281
"SPE002115","DAT001704","SPE002115-held_on","held_on",1.0,2282
"SPE002116","DAT001705","SPE002116-held_on","held_on",1.0,2283
"SPE002117","DAT001706","SPE002117-held_on","held_on",1.0,2284
"SPE002117","DAT001707","SPE002117-held_on","held_on",1.0,2285
"SPE002118","DAT001708","SPE002118-held_on","held_on",1.0,2286
"SPE002119","DAT001708","SPE002119-held_on","held_on",1.0,2287
"SPE002120","DAT001708","SPE002120-held_on","held_on",1.0,2288
"SPE002121","DAT001709","SPE002121-held_on","held_on",1.0,2289
"SPE002121","DAT001820","SPE002121-held_on","held_on",1.0,2430
"SPE002122","DAT001710","SPE002122-held_on","held_on",1.0,2290
"SPE002123","DAT001711","SPE002123-held_on","held_on",1.0,2291
"SPE002124","DAT001712","SPE002124-held_on","held_on",1.0,2292
"SPE002125","DAT001713","SPE002125-held_on","held_on",1.0,2293
"SPE002126","DAT001714","SPE002126-held_on","held_on",1.0,2294
"SPE002127","DAT001715","SPE002127-held_on","held_on",1.0,2295
"SPE002128","DAT001716","SPE002128-held_on","held_on",1.0,2296
"SPE002129","DAT001717","SPE002129-held_on","held_on",1.0,2297
"SPE002130","DAT001717","SPE002130-held_on","held_on",1.0,2298
"SPE002131","DAT001718","SPE002131-held_on","held_on",1.0,2299
"SPE002132","DAT001720","SPE002132-held_on","held_on",1.0,2301
"SPE002133","DAT001721","SPE002133-held_on","held_on",1.0,2302
"SPE002134","DAT001722","SPE002134-held_on","held_on",1.0,2303
"SPE002135","DAT001723","SPE002135-held_on","held_on",1.0,2304
"SPE002136","DAT001724","SPE002136-held_on","held_on",1.0,2305
"SPE002137","DAT001725","SPE002137-held_on","held_on",1.0,2306
"SPE002138","DAT001727","SPE002138-held_on","held_on",1.0,2308
"SPE002139","DAT001727","SPE002139-held_on","held_on",1.0,2309
"SPE002140","DAT001728","SPE002140-held_on","held_on",1.0,2310
"SPE002141","DAT001729","SPE002141-held_on","held_on",1.0,2311
"SPE002142","DAT001730","SPE002142-held_on","held_on",1.0,2312
"SPE002143","DAT001731","SPE002143-held_on","held_on",1.0,2314
"SPE002144","DAT001731","SPE002144-held_on","held_on",1.0,2315
"SPE002145","DAT001732","SPE002145-held_on","held_on",1.0,2316
"SPE002146","DAT001733","SPE002146-held_on","held_on",1.0,2317
"SPE002147","DAT001734","SPE002147-held_on","held_on",1.0,2318
"SPE002148","DAT001735","SPE002148-held_on","held_on",1.0,2319
"SPE002149","DAT001736","SPE002149-held_on","held_on",1.0,2320
"SPE002150","DAT001737","SPE002150-held_on","held_on",1.0,2321
"SPE002151","DAT001738","SPE002151-held_on","held_on",1.0,2322
"SPE002152","DAT001738","SPE002152-held_on","held_on",1.0,2323
"SPE002153","DAT001738","SPE002153-held_on","held_on",1.0,2324
"SPE002154","DAT001739","SPE002154-held_on","held_on",1.0,2325
"SPE002155","DAT001740","SPE002155-held_on","held_on",1.0,2326
"SPE002156","DAT001741","SPE002156-held_on","held_on",1.0,2327
"SPE002157","DAT001742","SPE002157-held_on","held_on",1.0,2328
"SPE002158","DAT001743","SPE002158-held_on","held_on",1.0,2329
"SPE002159","DAT001743","SPE002159-held_on","held_on",1.0,2330
"SPE002160","DAT001744","SPE002160-held_on","held_on",1.0,2331
"SPE002161","DAT001745","SPE002161-held_on","held_on",1.0,2333
"SPE002162","DAT001745","SPE002162-held_on","held_on",1.0,2334
"SPE002163","DAT001745","SPE002163-held_on","held_on",1.0,2335
"SPE002164","DAT001746","SPE002164-held_on","held_on",1.0,2336
"SPE002165","DAT001747","SPE002165-held_on","held_on",1.0,2337
"SPE002166","DAT001747","SPE002166-held_on","held_on",1.0,2338
"SPE002167","DAT001747","SPE002167-held_on","held_on",1.0,2339
"SPE002168","DAT001749","SPE002168-held_on","held_on",1.0,2341
"SPE002169","DAT001750","SPE002169-held_on","held_on",1.0,2342
"SPE002170","DAT001751","SPE002170-held_on","held_on",1.0,2343
"SPE002171","DAT001752","SPE002171-held_on","held_on",1.0,2344
"SPE002172","DAT001753","SPE002172-held_on","held_on",1.0,2345
"SPE002173","DAT001754","SPE002173-held_on","held_on",1.0,2346
"SPE002174","DAT001755","SPE002174-held_on","held_on",1.0,2347
"SPE002175","DAT001756","SPE002175-held_on","held_on",1.0,2348
"SPE002176","DAT001757","SPE002176-held_on","held_on",1.0,2349
"SPE002177","DAT001758","SPE002177-held_on","held_on",1.0,2350
"SPE002178","DAT001759","SPE002178-held_on","held_on",1.0,2351
"SPE002179","DAT001759","SPE002179-held_on","held_on",1.0,2352
"SPE002180","DAT001760","SPE002180-held_on","held_on",1.0,2353
"SPE002181","DAT001760","SPE002181-held_on","held_on",1.0,2354
"SPE002182","DAT001761","SPE002182-held_on","held_on",1.0,2355
"SPE002183","DAT001762","SPE002183-held_on","held_on",1.0,2356
"SPE002184","DAT001763","SPE002184-held_on","held_on",1.0,2357
"SPE002185","DAT001764","SPE002185-held_on","held_on",1.0,2358
"SPE002186","DAT001764","SPE002186-held_on","held_on",1.0,2359
"SPE002187","DAT001765","SPE002187-held_on","held_on",1.0,2360
"SPE002188","DAT001765","SPE002188-held_on","held_on",1.0,2361
"SPE002189","DAT001766","SPE002189-held_on","held_on",1.0,2362
"SPE002190","DAT001767","SPE002190-held_on","held_on",1.0,2363
"SPE002191","DAT001768","SPE002191-held_on","held_on",1.0,2364
"SPE002192","DAT001769","SPE002192-held_on","held_on",1.0,2366
"SPE002193","DAT001770","SPE002193-held_on","held_on",1.0,2367
"SPE002194","DAT001771","SPE002194-held_on","held_on",1.0,2368
"SPE002195","DAT001772","SPE002195-held_on","held_on",1.0,2369
"SPE002196","DAT001773","SPE002196-held_on","held_on",1.0,2370
"SPE002197","DAT001774","SPE002197-held_on","held_on",1.0,2371
"SPE002198","DAT001775","SPE002198-held_on","held_on",1.0,2372
"SPE002199","DAT001776","SPE002199-held_on","held_on",1.0,2373
"SPE002200","DAT001776","SPE002200-held_on","held_on",1.0,2374
"SPE002201","DAT001777","SPE002201-held_on","held_on",1.0,2375
"SPE002202","DAT001778","SPE002202-held_on","held_on",1.0,2376
"SPE002203","DAT001779","SPE002203-held_on","held_on",1.0,2377
"SPE002204","DAT001780","SPE002204-held_on","held_on",1.0,2378
"SPE002205","DAT001781","SPE002205-held_on","held_on",1.0,2379
"SPE002206","DAT001783","SPE002206-held_on","held_on",1.0,2381
"SPE002207","DAT001784","SPE002207-held_on","held_on",1.0,2382
"SPE002208","DAT001785","SPE002208-held_on","held_on",1.0,2383
"SPE002209","DAT001785","SPE002209-held_on","held_on",1.0,2384
"SPE002210","DAT001786","SPE002210-held_on","held_on",1.0,2385
"SPE002211","DAT001787","SPE002211-held_on","held_on",1.0,2386
"SPE002212","DAT001788","SPE002212-held_on","held_on",1.0,2387
"SPE002213","DAT001789","SPE002213-held_on","held_on",1.0,2388
"SPE002214","DAT001790","SPE002214-held_on","held_on",1.0,2389
"SPE002215","DAT001791","SPE002215-held_on","held_on",1.0,2390
"SPE002216","DAT001792","SPE002216-held_on","held_on",1.0,2391
"SPE002217","DAT001793","SPE002217-held_on","held_on",1.0,2392
"SPE002218","DAT001794","SPE002218-held_on","held_on",1.0,2393
"SPE002219","DAT001794","SPE002219-held_on","held_on",1.0,2394
"SPE002220","DAT001795","SPE002220-held_on","held_on",1.0,2395
"SPE002221","DAT001796","SPE002221-held_on","held_on",1.0,2396
"SPE002222","DAT001797","SPE002222-held_on","held_on",1.0,2397
"SPE002223","DAT001798","SPE002223-held_on","held_on",1.0,2398
"SPE002224","DAT001798","SPE002224-held_on","held_on",1.0,2399
"SPE002225","DAT001799","SPE002225-held_on","held_on",1.0,2400
"SPE002226","DAT001799","SPE002226-held_on","held_on",1.0,2401
"SPE002227","DAT001799","SPE002227-held_on","held_on",1.0,2402
"SPE002228","DAT001800","SPE002228-held_on","held_on",1.0,2403
"SPE002229","DAT001800","SPE002229-held_on","held_on",1.0,2404
"SPE002230","DAT001801","SPE002230-held_on","held_on",1.0,2405
"SPE002231","DAT001803","SPE002231-held_on","held_on",1.0,2407
"SPE002232","DAT001804","SPE002232-held_on","held_on",1.0,2408
"SPE002233","DAT001805","SPE002233-held_on","held_on",1.0,2409
"SPE002234","DAT001806","SPE002234-held_on","held_on",1.0,2410
"SPE002235","DAT001807","SPE002235-held_on","held_on",1.0,2411
"SPE002236","DAT001808","SPE002236-held_on","held_on",1.0,2412
"SPE002237","DAT001808","SPE002237-held_on","held_on",1.0,2413
"SPE002238","DAT001809","SPE002238-held_on","held_on",1.0,2414
"SPE002239","DAT001809","SPE002239-held_on","held_on",1.0,2415
"SPE002240","DAT001809","SPE002240-held_on","held_on",1.0,2416
"SPE002241","DAT001810","SPE002241-held_on","held_on",1.0,2417
"SPE002242","DAT001811","SPE002242-held_on","held_on",1.0,2418
"SPE002243","DAT001812","SPE002243-held_on","held_on",1.0,2419
"SPE002244","SPE002245","SPE002245-delivered","delivered",1.0,2420
"SPE002244","TOP006658","SPE002245-TOP006658-covers","covers",1.0,2420
"SPE002244","TOP006659","SPE002245-TOP006659-covers","covers",1.0,2420
"SPE002244","TOP006611","SPE002245-TOP006611-covers","covers",1.0,2420
"SPE002244","SPE002250","SPE002250-delivered","delivered",1.0,2425
"SPE002244","TOP006672","SPE002250-TOP006672-covers","covers",1.0,2425
"SPE002244","TOP006673","SPE002250-TOP006673-covers","covers",1.0,2425
"SPE002244","TOP006674","SPE002250-TOP006674-covers","covers",1.0,2425
"SPE002244","SPE002258","SPE002258-delivered","delivered",1.0,2434
"SPE002244","TOP006697","SPE002258-TOP006697-covers","covers",1.0,2434
"SPE002244","TOP006698","SPE002258-TOP006698-covers","covers",1.0,2434
"SPE002244","TOP006699","SPE002258-TOP006699-covers","covers",1.0,2434
"SPE002244","SPE002274","SPE002274-delivered","delivered",1.0,2451
"SPE002244","TOP006743","SPE002274-TOP006743-covers","covers",1.0,2451
"SPE002244","TOP006744","SPE002274-TOP006744-covers","covers",1.0,2451
"SPE002244","TOP006745","SPE002274-TOP006745-covers","covers",1.0,2451
"SPE002244","SPE002288","SPE002288-delivered","delivered",1.0,2466
"SPE002244","TOP006787","SPE002288-TOP006787-covers","covers",1.0,2466
"SPE002244","TOP006788","SPE002288-TOP006788-covers","covers",1.0,2466
"SPE002244","TOP006789","SPE002288-TOP006789-covers","covers",1.0,2466
"SPE002244","SPE002293","SPE002293-delivered","delivered",1.0,2471
"SPE002244","TOP006800","SPE002293-TOP006800-covers","covers",1.0,2471
"SPE002244","TOP006801","SPE002293-TOP006801-covers","covers",1.0,2471
"SPE002244","TOP006802","SPE002293-TOP006802-covers","covers",1.0,2471
"SPE002244","SPE002303","SPE002303-delivered","delivered",1.0,2480
"SPE002244","TOP006827","SPE002303-TOP006827-covers","covers",1.0,2480
"SPE002244","TOP006828","SPE002303-TOP006828-covers","covers",1.0,2480
"SPE002244","TOP006829","SPE002303-TOP006829-covers","covers",1.0,2480
"SPE002244","SPE002309","SPE002309-delivered","delivered",1.0,2486
"SPE002244","TOP006845","SPE002309-TOP006845-covers","covers",1.0,2486
"SPE002244","TOP006846","SPE002309-TOP006846-covers","covers",1.0,2486
"SPE002244","TOP006847","SPE002309-TOP006847-covers","covers",1.0,2486
"SPE002244","SPE002312","SPE002312-delivered","delivered",1.0,2489
"SPE002244","TOP006854","SPE002312-TOP006854-covers","covers",1.0,2489
"SPE002244","TOP006855","SPE002312-TOP006855-covers","covers",1.0,2489
"SPE002244","TOP006856","SPE002312-TOP006856-covers","covers",1.0,2489
"SPE002244","SPE002315","SPE002315-delivered","delivered",1.0,2493
"SPE002244","TOP006865","SPE002315-TOP006865-covers","covers",1.0,2493
"SPE002244","TOP006866","SPE002315-TOP006866-covers","covers",1.0,2493
"SPE002244","TOP006867","SPE002315-TOP006867-covers","covers",1.0,2493
"SPE002244","SPE002356","SPE002356-delivered","delivered",1.0,2534
"SPE002244","TOP006975","SPE002356-TOP006975-covers","covers",1.0,2534
"SPE002244","TOP006976","SPE002356-TOP006976-covers","covers",1.0,2534
"SPE002244","TOP006977","SPE002356-TOP006977-covers","covers",1.0,2534
"SPE002244","SPE002359","SPE002359-delivered","delivered",1.0,2537
"SPE002244","TOP006984","SPE002359-TOP006984-covers","covers",1.0,2537
"SPE002244","TOP006985","SPE002359-TOP006985-covers","covers",1.0,2537
"SPE002244","TOP006986","SPE002359-TOP006986-covers","covers",1.0,2537
"SPE002244","SPE002364","SPE002364-delivered","delivered",1.0,2542
"SPE002244","TOP006998","SPE002364-TOP006998-covers","covers",1.0,2542
"SPE002244","TOP006999","SPE002364-TOP006999-covers","covers",1.0,2542
"SPE002244","TOP007000","SPE002364-TOP007000-covers","covers",1.0,2542
"SPE002244","SPE002400","SPE002400-delivered","delivered",1.0,2580
"SPE002244","TOP007101","SPE002400-TOP007101-covers","covers",1.0,2580
"SPE002244","TOP007102","SPE002400-TOP007102-covers","covers",1.0,2580
"SPE002244","TOP007103","SPE002400-TOP007103-covers","covers",1.0,2580
"SPE002244","SPE002404","SPE002404-delivered","delivered",1.0,2585
"SPE002244","TOP007114","SPE002404-TOP007114-covers","covers",1.0,2585
"SPE002244","TOP007115","SPE002404-TOP007115-covers","covers",1.0,2585
"SPE002244","TOP002924","SPE002404-TOP002924-covers","covers",1.0,2585
"SPE002244","SPE002413","SPE002413-delivered","delivered",1.0,2595
"SPE002244","TOP007142","SPE002413-TOP007142-covers","covers",1.0,2595
"SPE002244","TOP007143","SPE002413-TOP007143-covers","covers",1.0,2595
"SPE002244","TOP007144","SPE002413-TOP007144-covers","covers",1.0,2595
"SPE002244","SPE002417","SPE002417-delivered","delivered",1.0,2599
"SPE002244","TOP007152","SPE002417-TOP007152-covers","covers",1.0,2599
"SPE002244","TOP007153","SPE002417-TOP007153-covers","covers",1.0,2599
"SPE002244","TOP007154","SPE002417-TOP007154-covers","covers",1.0,2599
"SPE002244","SPE002423","SPE002423-delivered","delivered",1.0,2606
"SPE002244","TOP007171","SPE002423-TOP007171-covers","covers",1.0,2606
"SPE002244","TOP007172","SPE002423-TOP007172-covers","covers",1.0,2606
"SPE002244","TOP007173","SPE002423-TOP007173-covers","covers",1.0,2606
"SPE002244","SPE002428","SPE002428-delivered","delivered",1.0,2611
"SPE002244","TOP007186","SPE002428-TOP007186-covers","covers",1.0,2611
"SPE002244","TOP007187","SPE002428-TOP007187-covers","covers",1.0,2611
"SPE002244","TOP007188","SPE002428-TOP007188-covers","covers",1.0,2611
"SPE002244","SPE002438","SPE002438-delivered","delivered",1.0,2620
"SPE002244","TOP007211","SPE002438-TOP007211-covers","covers",1.0,2620
"SPE002244","TOP003547","SPE002438-TOP003547-covers","covers",1.0,2620
"SPE002244","TOP000076","SPE002438-TOP000076-covers","covers",1.0,2620
"SPE002244","SPE002442","SPE002442-delivered","delivered",1.0,2625
"SPE002244","TOP007224","SPE002442-TOP007224-covers","covers",1.0,2625
"SPE002244","TOP007225","SPE002442-TOP007225-covers","covers",1.0,2625
"SPE002244","TOP007226","SPE002442-TOP007226-covers","covers",1.0,2625
"SPE002244","SPE002446","SPE002446-delivered","delivered",1.0,2629
"SPE002244","TOP007235","SPE002446-TOP007235-covers","covers",1.0,2629
"SPE002244","TOP007236","SPE002446-TOP007236-covers","covers",1.0,2629
"SPE002244","TOP007237","SPE002446-TOP007237-covers","covers",1.0,2629
"SPE002244","SPE002447","SPE002447-delivered","delivered",1.0,2636
"SPE002244","TOP007238","SPE002447-TOP007238-covers","covers",1.0,2636
"SPE002244","TOP007239","SPE002447-TOP007239-covers","covers",1.0,2636
"SPE002244","TOP007240","SPE002447-TOP007240-covers","covers",1.0,2636
"SPE002244","SPE002473","SPE002473-delivered","delivered",1.0,2660
"SPE002244","TOP007316","SPE002473-TOP007316-covers","covers",1.0,2660
"SPE002244","TOP007317","SPE002473-TOP007317-covers","covers",1.0,2660
"SPE002244","TOP007318","SPE002473-TOP007318-covers","covers",1.0,2660
"SPE002244","SPE002477","SPE002477-delivered","delivered",1.0,2666
"SPE002244","TOP007332","SPE002477-TOP007332-covers","covers",1.0,2666
"SPE002244","TOP007333","SPE002477-TOP007333-covers","covers",1.0,2666
"SPE002244","TOP007334","SPE002477-TOP007334-covers","covers",1.0,2666
"SPE002244","SPE002501","SPE002501-delivered","delivered",1.0,2692
"SPE002244","TOP007403","SPE002501-TOP007403-covers","covers",1.0,2692
"SPE002244","TOP007404","SPE002501-TOP007404-covers","covers",1.0,2692
"SPE002244","TOP007405","SPE002501-TOP007405-covers","covers",1.0,2692
"SPE002244","SPE002516","SPE002516-delivered","delivered",1.0,2710
"SPE002244","TOP007453","SPE002516-TOP007453-covers","covers",1.0,2710
"SPE002244","TOP007454","SPE002516-TOP007454-covers","covers",1.0,2710
"SPE002244","TOP007455","SPE002516-TOP007455-covers","covers",1.0,2710
"SPE002244","SPE002526","SPE002526-delivered","delivered",1.0,2721
"SPE002244","TOP007479","SPE002526-TOP007479-covers","covers",1.0,2721
"SPE002244","TOP007480","SPE002526-TOP007480-covers","covers",1.0,2721
"SPE002244","TOP007481","SPE002526-TOP007481-covers","covers",1.0,2721
"SPE002244","SPE002562","SPE002562-delivered","delivered",1.0,2762
"SPE002244","TOP007594","SPE002562-TOP007594-covers","covers",1.0,2762
"SPE002244","TOP007595","SPE002562-TOP007595-covers","covers",1.0,2762
"SPE002244","TOP007596","SPE002562-TOP007596-covers","covers",1.0,2762
"SPE002244","SPE002564","SPE002564-delivered","delivered",1.0,2764
"SPE002244","TOP007600","SPE002564-TOP007600-covers","covers",1.0,2764
"SPE002244","TOP007601","SPE002564-TOP007601-covers","covers",1.0,2764
"SPE002244","TOP007602","SPE002564-TOP007602-covers","covers",1.0,2764
"SPE002244","SPE002571","SPE002571-delivered","delivered",1.0,2772
"SPE002244","TOP007620","SPE002571-TOP007620-covers","covers",1.0,2772
"SPE002244","TOP000781","SPE002571-TOP000781-covers","covers",1.0,2772
"SPE002244","TOP000781","SPE002664-TOP000781-covers","covers",1.0,2867
"SPE002244","TOP007621","SPE002571-TOP007621-covers","covers",1.0,2772
"SPE002244","SPE002574","SPE002574-delivered","delivered",1.0,2775
"SPE002244","TOP007628","SPE002574-TOP007628-covers","covers",1.0,2775
"SPE002244","TOP007629","SPE002574-TOP007629-covers","covers",1.0,2775
"SPE002244","TOP007630","SPE002574-TOP007630-covers","covers",1.0,2775
"SPE002244","SPE002588","SPE002588-delivered","delivered",1.0,2789
"SPE002244","TOP007667","SPE002588-TOP007667-covers","covers",1.0,2789
"SPE002244","TOP007668","SPE002588-TOP007668-covers","covers",1.0,2789
"SPE002244","TOP007669","SPE002588-TOP007669-covers","covers",1.0,2789
"SPE002244","SPE002594","SPE002594-delivered","delivered",1.0,2796
"SPE002244","TOP007684","SPE002594-TOP007684-covers","covers",1.0,2796
"SPE002244","TOP007685","SPE002594-TOP007685-covers","covers",1.0,2796
"SPE002244","TOP007686","SPE002594-TOP007686-covers","covers",1.0,2796
"SPE002244","SPE002616","SPE002616-delivered","delivered",1.0,2818
"SPE002244","TOP007746","SPE002616-TOP007746-covers","covers",1.0,2818
"SPE002244","TOP007747","SPE002616-TOP007747-covers","covers",1.0,2818
"SPE002244","TOP007748","SPE002616-TOP007748-covers","covers",1.0,2818
"SPE002244","SPE002619","SPE002619-delivered","delivered",1.0,2821
"SPE002244","TOP007754","SPE002619-TOP007754-covers","covers",1.0,2821
"SPE002244","TOP007755","SPE002619-TOP007755-covers","covers",1.0,2821
"SPE002244","TOP007756","SPE002619-TOP007756-covers","covers",1.0,2821
"SPE002244","SPE002631","SPE002631-delivered","delivered",1.0,2833
"SPE002244","TOP007783","SPE002631-TOP007783-covers","covers",1.0,2833
"SPE002244","TOP007784","SPE002631-TOP007784-covers","covers",1.0,2833
"SPE002244","TOP007785","SPE002631-TOP007785-covers","covers",1.0,2833
"SPE002244","SPE002649","SPE002649-delivered","delivered",1.0,2852
"SPE002244","TOP007835","SPE002649-TOP007835-covers","covers",1.0,2852
"SPE002244","TOP007836","SPE002649-TOP007836-covers","covers",1.0,2852
"SPE002244","TOP007837","SPE002649-TOP007837-covers","covers",1.0,2852
"SPE002244","SPE002658","SPE002658-delivered","delivered",1.0,2861
"SPE002244","TOP007861","SPE002658-TOP007861-covers","covers",1.0,2861
"SPE002244","TOP007862","SPE002658-TOP007862-covers","covers",1.0,2861
"SPE002244","TOP004512","SPE002658-TOP004512-covers","covers",1.0,2861
"SPE002244","SPE002664","SPE002664-delivered","delivered",1.0,2867
"SPE002244","TOP007877","SPE002664-TOP007877-covers","covers",1.0,2867
"SPE002244","TOP007878","SPE002664-TOP007878-covers","covers",1.0,2867
"SPE002244","SPE002668","SPE002668-delivered","delivered",1.0,2871
"SPE002244","TOP007886","SPE002668-TOP007886-covers","covers",1.0,2871
"SPE002244","TOP007887","SPE002668-TOP007887-covers","covers",1.0,2871
"SPE002244","TOP001399","SPE002668-TOP001399-covers","covers",1.0,2871
"SPE002244","SPE002671","SPE002671-delivered","delivered",1.0,2875
"SPE002244","TOP007894","SPE002671-TOP007894-covers","covers",1.0,2875
"SPE002244","TOP007895","SPE002671-TOP007895-covers","covers",1.0,2875
"SPE002244","TOP007896","SPE002671-TOP007896-covers","covers",1.0,2875
"SPE002244","SPE002686","SPE002686-delivered","delivered",1.0,2893
"SPE002244","TOP007939","SPE002686-TOP007939-covers","covers",1.0,2893
"SPE002244","TOP007940","SPE002686-TOP007940-covers","covers",1.0,2893
"SPE002244","TOP007941","SPE002686-TOP007941-covers","covers",1.0,2893
"SPE002244","SPE002694","SPE002694-delivered","delivered",1.0,2903
"SPE002244","TOP007966","SPE002694-TOP007966-covers","covers",1.0,2903
"SPE002244","TOP007967","SPE002694-TOP007967-covers","covers",1.0,2903
"SPE002244","TOP007968","SPE002694-TOP007968-covers","covers",1.0,2903
"SPE002244","SPE002695","SPE002695-delivered","delivered",1.0,2905
"SPE002244","TOP007971","SPE002695-TOP007971-covers","covers",1.0,2905
"SPE002244","TOP007972","SPE002695-TOP007972-covers","covers",1.0,2905
"SPE002244","TOP007973","SPE002695-TOP007973-covers","covers",1.0,2905
"SPE002244","SPE002706","SPE002706-delivered","delivered",1.0,2917
"SPE002244","TOP008003","SPE002706-TOP008003-covers","covers",1.0,2917
"SPE002244","TOP008004","SPE002706-TOP008004-covers","covers",1.0,2917
"SPE002244","TOP008005","SPE002706-TOP008005-covers","covers",1.0,2917
"SPE002245","DAT001813","SPE002245-held_on","held_on",1.0,2420
"SPE002246","DAT001814","SPE002246-held_on","held_on",1.0,2421
"SPE002247","DAT001815","SPE002247-held_on","held_on",1.0,2422
"SPE002248","DAT001816","SPE002248-held_on","held_on",1.0,2423
"SPE002249","DAT001816","SPE002249-held_on","held_on",1.0,2424
"SPE002250","DAT001817","SPE002250-held_on","held_on",1.0,2425
"SPE002251","DAT001817","SPE002251-held_on","held_on",1.0,2426
"SPE002252","DAT001818","SPE002252-held_on","held_on",1.0,2427
"SPE002253","DAT001818","SPE002253-held_on","held_on",1.0,2428
"SPE002254","DAT001819","SPE002254-held_on","held_on",1.0,2429
"SPE002255","DAT001821","SPE002255-held_on","held_on",1.0,2431
"SPE002256","DAT001822","SPE002256-held_on","held_on",1.0,2432
"SPE002257","DAT001823","SPE002257-held_on","held_on",1.0,2433
"SPE002258","DAT001824","SPE002258-held_on","held_on",1.0,2434
"SPE002259","DAT001824","SPE002259-held_on","held_on",1.0,2435
"SPE002260","DAT001825","SPE002260-held_on","held_on",1.0,2436
"SPE002261","DAT001826","SPE002261-held_on","held_on",1.0,2437
"SPE002262","DAT001827","SPE002262-held_on","held_on",1.0,2438
"SPE002263","DAT001829","SPE002263-held_on","held_on",1.0,2440
"SPE002264","DAT001830","SPE002264-held_on","held_on",1.0,2441
"SPE002265","DAT001831","SPE002265-held_on","held_on",1.0,2442
"SPE002266","DAT001832","SPE002266-held_on","held_on",1.0,2443
"SPE002267","DAT001833","SPE002267-held_on","held_on",1.0,2444
"SPE002268","DAT001834","SPE002268-held_on","held_on",1.0,2445
"SPE002269","DAT001835","SPE002269-held_on","held_on",1.0,2446
"SPE002270","DAT001836","SPE002270-held_on","held_on",1.0,2447
"SPE002271","DAT001837","SPE002271-held_on","held_on",1.0,2448
"SPE002272","DAT001838","SPE002272-held_on","held_on",1.0,2449
"SPE002273","DAT001839","SPE002273-held_on","held_on",1.0,2450
"SPE002274","DAT001840","SPE002274-held_on","held_on",1.0,2451
"SPE002275","DAT001841","SPE002275-held_on","held_on",1.0,2452
"SPE002276","DAT001841","SPE002276-held_on","held_on",1.0,2453
"SPE002277","DAT001842","SPE002277-held_on","held_on",1.0,2454
"SPE002278","DAT001844","SPE002278-held_on","held_on",1.0,2456
"SPE002279","DAT001845","SPE002279-held_on","held_on",1.0,2457
"SPE002280","DAT001846","SPE002280-held_on","held_on",1.0,2458
"SPE002281","DAT001847","SPE002281-held_on","held_on",1.0,2459
"SPE002282","DAT001848","SPE002282-held_on","held_on",1.0,2460
"SPE002283","DAT001848","SPE002283-held_on","held_on",1.0,2461
"SPE002284","DAT001849","SPE002284-held_on","held_on",1.0,2462
"SPE002285","DAT001850","SPE002285-held_on","held_on",1.0,2463
"SPE002286","DAT001851","SPE002286-held_on","held_on",1.0,2464
"SPE002287","DAT001851","SPE002287-held_on","held_on",1.0,2465
"SPE002287","DAT002062","SPE002287-held_on","held_on",1.0,2718
"SPE002287","DAT002080","SPE002287-held_on","held_on",1.0,2742
"SPE002287","DAT002213","SPE002287-held_on","held_on",1.0,2908
"SPE002288","DAT001852","SPE002288-held_on","held_on",1.0,2466
"SPE002289","DAT001852","SPE002289-held_on","held_on",1.0,2467
"SPE002290","DAT001853","SPE002290-held_on","held_on",1.0,2468
"SPE002291","DAT001853","SPE002291-held_on","held_on",1.0,2469
"SPE002292","DAT001854","SPE002292-held_on","held_on",1.0,2470
"SPE002293","DAT001854","SPE002293-held_on","held_on",1.0,2471
"SPE002294","DAT001855","SPE002294-held_on","held_on",1.0,2472
"SPE002295","DAT001856","SPE002295-held_on","held_on",1.0,2473
"SPE002296","DAT001857","SPE002296-held_on","held_on",1.0,2474
"SPE002297","DAT001857","SPE002297-held_on","held_on",1.0,2475
"SPE002298","DAT001858","SPE002298-held_on","held_on",1.0,2476
"SPE002299","SPE002300","SPE002300-delivered","delivered",1.0,2477
"SPE002299","TOP006818","SPE002300-TOP006818-covers","covers",1.0,2477
"SPE002299","TOP006819","SPE002300-TOP006819-covers","covers",1.0,2477
"SPE002299","TOP006820","SPE002300-TOP006820-covers","covers",1.0,2477
"SPE002299","SPE002323","SPE002323-delivered","delivered",1.0,2501
"SPE002299","TOP006885","SPE002323-TOP006885-covers","covers",1.0,2501
"SPE002299","TOP006886","SPE002323-TOP006886-covers","covers",1.0,2501
"SPE002299","TOP006887","SPE002323-TOP006887-covers","covers",1.0,2501
"SPE002299","SPE002326","SPE002326-delivered","delivered",1.0,2504
"SPE002299","TOP006894","SPE002326-TOP006894-covers","covers",1.0,2504
"SPE002299","TOP006895","SPE002326-TOP006895-covers","covers",1.0,2504
"SPE002299","TOP006896","SPE002326-TOP006896-covers","covers",1.0,2504
"SPE002299","SPE002333","SPE002333-delivered","delivered",1.0,2512
"SPE002299","TOP006914","SPE002333-TOP006914-covers","covers",1.0,2512
"SPE002299","TOP006915","SPE002333-TOP006915-covers","covers",1.0,2512
"SPE002299","TOP006916","SPE002333-TOP006916-covers","covers",1.0,2512
"SPE002299","SPE002342","SPE002342-delivered","delivered",1.0,2520
"SPE002299","TOP006936","SPE002342-TOP006936-covers","covers",1.0,2520
"SPE002299","TOP004975","SPE002342-TOP004975-covers","covers",1.0,2520
"SPE002299","TOP006937","SPE002342-TOP006937-covers","covers",1.0,2520
"SPE002299","SPE002345","SPE002345-delivered","delivered",1.0,2523
"SPE002299","TOP006944","SPE002345-TOP006944-covers","covers",1.0,2523
"SPE002299","TOP006945","SPE002345-TOP006945-covers","covers",1.0,2523
"SPE002299","TOP006946","SPE002345-TOP006946-covers","covers",1.0,2523
"SPE002299","SPE002346","SPE002346-delivered","delivered",1.0,2524
"SPE002299","TOP006947","SPE002346-TOP006947-covers","covers",1.0,2524
"SPE002299","TOP006948","SPE002346-TOP006948-covers","covers",1.0,2524
"SPE002299","TOP006949","SPE002346-TOP006949-covers","covers",1.0,2524
"SPE002299","TOP006949","SPE002351-TOP006949-covers","covers",1.0,2529
"SPE002299","SPE002347","SPE002347-delivered","delivered",1.0,2525
"SPE002299","TOP006950","SPE002347-TOP006950-covers","covers",1.0,2525
"SPE002299","TOP006951","SPE002347-TOP006951-covers","covers",1.0,2525
"SPE002299","TOP006952","SPE002347-TOP006952-covers","covers",1.0,2525
"SPE002299","SPE002351","SPE002351-delivered","delivered",1.0,2529
"SPE002299","TOP006961","SPE002351-TOP006961-covers","covers",1.0,2529
"SPE002299","TOP006962","SPE002351-TOP006962-covers","covers",1.0,2529
"SPE002299","SPE002354","SPE002354-delivered","delivered",1.0,2532
"SPE002299","TOP006969","SPE002354-TOP006969-covers","covers",1.0,2532
"SPE002299","TOP006970","SPE002354-TOP006970-covers","covers",1.0,2532
"SPE002299","TOP006971","SPE002354-TOP006971-covers","covers",1.0,2532
"SPE002299","SPE002362","SPE002362-delivered","delivered",1.0,2540
"SPE002299","TOP006993","SPE002362-TOP006993-covers","covers",1.0,2540
"SPE002299","TOP006994","SPE002362-TOP006994-covers","covers",1.0,2540
"SPE002299","TOP006995","SPE002362-TOP006995-covers","covers",1.0,2540
"SPE002299","SPE002370","SPE002370-delivered","delivered",1.0,2549
"SPE002299","TOP007016","SPE002370-TOP007016-covers","covers",1.0,2549
"SPE002299","TOP007017","SPE002370-TOP007017-covers","covers",1.0,2549
"SPE002299","TOP000829","SPE002370-TOP000829-covers","covers",1.0,2549
"SPE002299","SPE002372","SPE002372-delivered","delivered",1.0,2551
"SPE002299","TOP007021","SPE002372-TOP007021-covers","covers",1.0,2551
"SPE002299","TOP007022","SPE002372-TOP007022-covers","covers",1.0,2551
"SPE002299","TOP007023","SPE002372-TOP007023-covers","covers",1.0,2551
"SPE002299","SPE002381","SPE002381-delivered","delivered",1.0,2559
"SPE002299","TOP007044","SPE002381-TOP007044-covers","covers",1.0,2559
"SPE002299","TOP007045","SPE002381-TOP007045-covers","covers",1.0,2559
"SPE002299","TOP007046","SPE002381-TOP007046-covers","covers",1.0,2559
"SPE002299","SPE002383","SPE002383-delivered","delivered",1.0,2561
"SPE002299","TOP007048","SPE002383-TOP007048-covers","covers",1.0,2561
"SPE002299","TOP007049","SPE002383-TOP007049-covers","covers",1.0,2561
"SPE002299","TOP007050","SPE002383-TOP007050-covers","covers",1.0,2561
"SPE002299","SPE002385","SPE002385-delivered","delivered",1.0,2563
"SPE002299","TOP007053","SPE002385-TOP007053-covers","covers",1.0,2563
"SPE002299","TOP007054","SPE002385-TOP007054-covers","covers",1.0,2563
"SPE002299","TOP007055","SPE002385-TOP007055-covers","covers",1.0,2563
"SPE002299","SPE002389","SPE002389-delivered","delivered",1.0,2568
"SPE002299","TOP007066","SPE002389-TOP007066-covers","covers",1.0,2568
"SPE002299","TOP007067","SPE002389-TOP007067-covers","covers",1.0,2568
"SPE002299","TOP003079","SPE002389-TOP003079-covers","covers",1.0,2568
"SPE002299","SPE002393","SPE002393-delivered","delivered",1.0,2572
"SPE002299","TOP007077","SPE002393-TOP007077-covers","covers",1.0,2572
"SPE002299","TOP007078","SPE002393-TOP007078-covers","covers",1.0,2572
"SPE002299","TOP007079","SPE002393-TOP007079-covers","covers",1.0,2572
"SPE002299","SPE002395","SPE002395-delivered","delivered",1.0,2574
"SPE002299","TOP007083","SPE002395-TOP007083-covers","covers",1.0,2574
"SPE002299","TOP007084","SPE002395-TOP007084-covers","covers",1.0,2574
"SPE002299","TOP007085","SPE002395-TOP007085-covers","covers",1.0,2574
"SPE002299","SPE002399","SPE002399-delivered","delivered",1.0,2579
"SPE002299","TOP007098","SPE002399-TOP007098-covers","covers",1.0,2579
"SPE002299","TOP007099","SPE002399-TOP007099-covers","covers",1.0,2579
"SPE002299","TOP007099","SPE002644-TOP007099-covers","covers",1.0,2847
"SPE002299","TOP007100","SPE002399-TOP007100-covers","covers",1.0,2579
"SPE002299","SPE002403","SPE002403-delivered","delivered",1.0,2584
"SPE002299","TOP007111","SPE002403-TOP007111-covers","covers",1.0,2584
"SPE002299","TOP007112","SPE002403-TOP007112-covers","covers",1.0,2584
"SPE002299","TOP007113","SPE002403-TOP007113-covers","covers",1.0,2584
"SPE002299","SPE002410","SPE002410-delivered","delivered",1.0,2592
"SPE002299","TOP007133","SPE002410-TOP007133-covers","covers",1.0,2592
"SPE002299","TOP007134","SPE002410-TOP007134-covers","covers",1.0,2592
"SPE002299","TOP007135","SPE002410-TOP007135-covers","covers",1.0,2592
"SPE002299","SPE002419","SPE002419-delivered","delivered",1.0,2601
"SPE002299","TOP007157","SPE002419-TOP007157-covers","covers",1.0,2601
"SPE002299","TOP007158","SPE002419-TOP007158-covers","covers",1.0,2601
"SPE002299","TOP007159","SPE002419-TOP007159-covers","covers",1.0,2601
"SPE002299","SPE002422","SPE002422-delivered","delivered",1.0,2604
"SPE002299","TOP007165","SPE002422-TOP007165-covers","covers",1.0,2604
"SPE002299","TOP007166","SPE002422-TOP007166-covers","covers",1.0,2604
"SPE002299","TOP007167","SPE002422-TOP007167-covers","covers",1.0,2604
"SPE002299","SPE002434","SPE002434-delivered","delivered",1.0,2616
"SPE002299","TOP007199","SPE002434-TOP007199-covers","covers",1.0,2616
"SPE002299","TOP007200","SPE002434-TOP007200-covers","covers",1.0,2616
"SPE002299","TOP007201","SPE002434-TOP007201-covers","covers",1.0,2616
"SPE002299","SPE002441","SPE002441-delivered","delivered",1.0,2624
"SPE002299","TOP007221","SPE002441-TOP007221-covers","covers",1.0,2624
"SPE002299","TOP007222","SPE002441-TOP007222-covers","covers",1.0,2624
"SPE002299","TOP007223","SPE002441-TOP007223-covers","covers",1.0,2624
"SPE002299","SPE002443","SPE002443-delivered","delivered",1.0,2626
"SPE002299","TOP007227","SPE002443-TOP007227-covers","covers",1.0,2626
"SPE002299","TOP007228","SPE002443-TOP007228-covers","covers",1.0,2626
"SPE002299","TOP007229","SPE002443-TOP007229-covers","covers",1.0,2626
"SPE002299","SPE002449","SPE002449-delivered","delivered",1.0,2632
"SPE002299","TOP007243","SPE002449-TOP007243-covers","covers",1.0,2632
"SPE002299","TOP007244","SPE002449-TOP007244-covers","covers",1.0,2632
"SPE002299","TOP007245","SPE002449-TOP007245-covers","covers",1.0,2632
"SPE002299","SPE002451","SPE002451-delivered","delivered",1.0,2634
"SPE002299","TOP007249","SPE002451-TOP007249-covers","covers",1.0,2634
"SPE002299","TOP007250","SPE002451-TOP007250-covers","covers",1.0,2634
"SPE002299","TOP000548","SPE002451-TOP000548-covers","covers",1.0,2634
"SPE002299","SPE002456","SPE002456-delivered","delivered",1.0,2642
"SPE002299","TOP007264","SPE002456-TOP007264-covers","covers",1.0,2642
"SPE002299","TOP007265","SPE002456-TOP007265-covers","covers",1.0,2642
"SPE002299","TOP000477","SPE002456-TOP000477-covers","covers",1.0,2642
"SPE002299","SPE002457","SPE002457-delivered","delivered",1.0,2643
"SPE002299","TOP007266","SPE002457-TOP007266-covers","covers",1.0,2643
"SPE002299","TOP007267","SPE002457-TOP007267-covers","covers",1.0,2643
"SPE002299","TOP007268","SPE002457-TOP007268-covers","covers",1.0,2643
"SPE002299","SPE002459","SPE002459-delivered","delivered",1.0,2645
"SPE002299","TOP007271","SPE002459-TOP007271-covers","covers",1.0,2645
"SPE002299","TOP007272","SPE002459-TOP007272-covers","covers",1.0,2645
"SPE002299","TOP007273","SPE002459-TOP007273-covers","covers",1.0,2645
"SPE002299","SPE002460","SPE002460-delivered","delivered",1.0,2646
"SPE002299","TOP007274","SPE002460-TOP007274-covers","covers",1.0,2646
"SPE002299","TOP007275","SPE002460-TOP007275-covers","covers",1.0,2646
"SPE002299","TOP007276","SPE002460-TOP007276-covers","covers",1.0,2646
"SPE002299","SPE002462","SPE002462-delivered","delivered",1.0,2648
"SPE002299","TOP007280","SPE002462-TOP007280-covers","covers",1.0,2648
"SPE002299","TOP007281","SPE002462-TOP007281-covers","covers",1.0,2648
"SPE002299","TOP007282","SPE002462-TOP007282-covers","covers",1.0,2648
"SPE002299","SPE002469","SPE002469-delivered","delivered",1.0,2655
"SPE002299","TOP007301","SPE002469-TOP007301-covers","covers",1.0,2655
"SPE002299","TOP007302","SPE002469-TOP007302-covers","covers",1.0,2655
"SPE002299","TOP007303","SPE002469-TOP007303-covers","covers",1.0,2655
"SPE002299","SPE002470","SPE002470-delivered","delivered",1.0,2657
"SPE002299","TOP007307","SPE002470-TOP007307-covers","covers",1.0,2657
"SPE002299","TOP007308","SPE002470-TOP007308-covers","covers",1.0,2657
"SPE002299","TOP007309","SPE002470-TOP007309-covers","covers",1.0,2657
"SPE002299","SPE002474","SPE002474-delivered","delivered",1.0,2686
"SPE002299","TOP007319","SPE002474-TOP007319-covers","covers",1.0,2686
"SPE002299","TOP007320","SPE002474-TOP007320-covers","covers",1.0,2686
"SPE002299","TOP007321","SPE002474-TOP007321-covers","covers",1.0,2686
"SPE002299","SPE002478","SPE002478-delivered","delivered",1.0,2667
"SPE002299","TOP007335","SPE002478-TOP007335-covers","covers",1.0,2667
"SPE002299","TOP007336","SPE002478-TOP007336-covers","covers",1.0,2667
"SPE002299","TOP007337","SPE002478-TOP007337-covers","covers",1.0,2667
"SPE002299","SPE002479","SPE002479-delivered","delivered",1.0,2668
"SPE002299","TOP007338","SPE002479-TOP007338-covers","covers",1.0,2668
"SPE002299","TOP004554","SPE002479-TOP004554-covers","covers",1.0,2668
"SPE002299","TOP007339","SPE002479-TOP007339-covers","covers",1.0,2668
"SPE002299","SPE002484","SPE002484-delivered","delivered",1.0,2693
"SPE002299","TOP007349","SPE002484-TOP007349-covers","covers",1.0,2693
"SPE002299","TOP007350","SPE002484-TOP007350-covers","covers",1.0,2693
"SPE002299","TOP007351","SPE002484-TOP007351-covers","covers",1.0,2672
"SPE002299","SPE002491","SPE002491-delivered","delivered",1.0,2680
"SPE002299","TOP007372","SPE002491-TOP007372-covers","covers",1.0,2680
"SPE002299","TOP007373","SPE002491-TOP007373-covers","covers",1.0,2680
"SPE002299","TOP007374","SPE002491-TOP007374-covers","covers",1.0,2680
"SPE002299","SPE002499","SPE002499-delivered","delivered",1.0,2690
"SPE002299","TOP007397","SPE002499-TOP007397-covers","covers",1.0,2690
"SPE002299","TOP007398","SPE002499-TOP007398-covers","covers",1.0,2690
"SPE002299","TOP007399","SPE002499-TOP007399-covers","covers",1.0,2690
"SPE002299","TOP007406","SPE002484-TOP007406-covers","covers",1.0,2693
"SPE002299","SPE002503","SPE002503-delivered","delivered",1.0,2695
"SPE002299","TOP007410","SPE002503-TOP007410-covers","covers",1.0,2695
"SPE002299","TOP007411","SPE002503-TOP007411-covers","covers",1.0,2695
"SPE002299","TOP007412","SPE002503-TOP007412-covers","covers",1.0,2695
"SPE002299","SPE002506","SPE002506-delivered","delivered",1.0,2698
"SPE002299","TOP007419","SPE002506-TOP007419-covers","covers",1.0,2698
"SPE002299","TOP007420","SPE002506-TOP007420-covers","covers",1.0,2698
"SPE002299","TOP007421","SPE002506-TOP007421-covers","covers",1.0,2698
"SPE002299","SPE002518","SPE002518-delivered","delivered",1.0,2712
"SPE002299","TOP005194","SPE002518-TOP005194-covers","covers",1.0,2712
"SPE002299","TOP006834","SPE002518-TOP006834-covers","covers",1.0,2712
"SPE002299","TOP004128","SPE002518-TOP004128-covers","covers",1.0,2712
"SPE002299","SPE002519","SPE002519-delivered","delivered",1.0,2713
"SPE002299","TOP007459","SPE002519-TOP007459-covers","covers",1.0,2713
"SPE002299","TOP007460","SPE002519-TOP007460-covers","covers",1.0,2713
"SPE002299","TOP007461","SPE002519-TOP007461-covers","covers",1.0,2713
"SPE002299","SPE002538","SPE002538-delivered","delivered",1.0,2734
"SPE002299","TOP007517","SPE002538-TOP007517-covers","covers",1.0,2734
"SPE002299","TOP007183","SPE002538-TOP007183-covers","covers",1.0,2734
"SPE002299","TOP007518","SPE002538-TOP007518-covers","covers",1.0,2734
"SPE002299","SPE002543","SPE002543-delivered","delivered",1.0,2739
"SPE002299","TOP007531","SPE002543-TOP007531-covers","covers",1.0,2739
"SPE002299","TOP007532","SPE002543-TOP007532-covers","covers",1.0,2739
"SPE002299","TOP007533","SPE002543-TOP007533-covers","covers",1.0,2739
"SPE002299","SPE002546","SPE002546-delivered","delivered",1.0,2744
"SPE002299","TOP007545","SPE002546-TOP007545-covers","covers",1.0,2744
"SPE002299","TOP007546","SPE002546-TOP007546-covers","covers",1.0,2744
"SPE002299","TOP007547","SPE002546-TOP007547-covers","covers",1.0,2744
"SPE002299","SPE002552","SPE002552-delivered","delivered",1.0,2752
"SPE002299","TOP007567","SPE002552-TOP007567-covers","covers",1.0,2752
"SPE002299","TOP007568","SPE002552-TOP007568-covers","covers",1.0,2752
"SPE002299","TOP007569","SPE002552-TOP007569-covers","covers",1.0,2752
"SPE002299","SPE002555","SPE002555-delivered","delivered",1.0,2755
"SPE002299","TOP007575","SPE002555-TOP007575-covers","covers",1.0,2755
"SPE002299","TOP007576","SPE002555-TOP007576-covers","covers",1.0,2755
"SPE002299","TOP007577","SPE002555-TOP007577-covers","covers",1.0,2755
"SPE002299","SPE002592","SPE002592-delivered","delivered",1.0,2794
"SPE002299","TOP007678","SPE002592-TOP007678-covers","covers",1.0,2794
"SPE002299","TOP007678","SPE002667-TOP007678-covers","covers",1.0,2870
"SPE002299","TOP007679","SPE002592-TOP007679-covers","covers",1.0,2794
"SPE002299","TOP007679","SPE002618-TOP007679-covers","covers",1.0,2820
"SPE002299","TOP007680","SPE002592-TOP007680-covers","covers",1.0,2794
"SPE002299","SPE002593","SPE002593-delivered","delivered",1.0,2795
"SPE002299","TOP007681","SPE002593-TOP007681-covers","covers",1.0,2795
"SPE002299","TOP007682","SPE002593-TOP007682-covers","covers",1.0,2795
"SPE002299","TOP007683","SPE002593-TOP007683-covers","covers",1.0,2795
"SPE002299","SPE002614","SPE002614-delivered","delivered",1.0,2816
"SPE002299","TOP007740","SPE002614-TOP007740-covers","covers",1.0,2816
"SPE002299","TOP007741","SPE002614-TOP007741-covers","covers",1.0,2816
"SPE002299","TOP007742","SPE002614-TOP007742-covers","covers",1.0,2816
"SPE002299","SPE002615","SPE002615-delivered","delivered",1.0,2817
"SPE002299","TOP007743","SPE002615-TOP007743-covers","covers",1.0,2817
"SPE002299","TOP007744","SPE002615-TOP007744-covers","covers",1.0,2817
"SPE002299","TOP007745","SPE002615-TOP007745-covers","covers",1.0,2817
"SPE002299","SPE002618","SPE002618-delivered","delivered",1.0,2820
"SPE002299","TOP007752","SPE002618-TOP007752-covers","covers",1.0,2820
"SPE002299","TOP007753","SPE002618-TOP007753-covers","covers",1.0,2820
"SPE002299","SPE002621","SPE002621-delivered","delivered",1.0,2823
"SPE002299","TOP007759","SPE002621-TOP007759-covers","covers",1.0,2823
"SPE002299","TOP007760","SPE002621-TOP007760-covers","covers",1.0,2823
"SPE002299","TOP007761","SPE002621-TOP007761-covers","covers",1.0,2823
"SPE002299","SPE002625","SPE002625-delivered","delivered",1.0,2827
"SPE002299","TOP007767","SPE002625-TOP007767-covers","covers",1.0,2827
"SPE002299","TOP007768","SPE002625-TOP007768-covers","covers",1.0,2827
"SPE002299","TOP007769","SPE002625-TOP007769-covers","covers",1.0,2827
"SPE002299","SPE002629","SPE002629-delivered","delivered",1.0,2831
"SPE002299","TOP007778","SPE002629-TOP007778-covers","covers",1.0,2831
"SPE002299","TOP007778","SPE002644-TOP007778-covers","covers",1.0,2847
"SPE002299","TOP007779","SPE002629-TOP007779-covers","covers",1.0,2831
"SPE002299","TOP005231","SPE002629-TOP005231-covers","covers",1.0,2831
"SPE002299","SPE002632","SPE002632-delivered","delivered",1.0,2834
"SPE002299","TOP007786","SPE002632-TOP007786-covers","covers",1.0,2834
"SPE002299","TOP007787","SPE002632-TOP007787-covers","covers",1.0,2834
"SPE002299","TOP007458","SPE002632-TOP007458-covers","covers",1.0,2834
"SPE002299","SPE002637","SPE002637-delivered","delivered",1.0,2839
"SPE002299","TOP007800","SPE002637-TOP007800-covers","covers",1.0,2839
"SPE002299","TOP007801","SPE002637-TOP007801-covers","covers",1.0,2839
"SPE002299","TOP007802","SPE002637-TOP007802-covers","covers",1.0,2839
"SPE002299","SPE002639","SPE002639-delivered","delivered",1.0,2842
"SPE002299","TOP007808","SPE002639-TOP007808-covers","covers",1.0,2842
"SPE002299","TOP007809","SPE002639-TOP007809-covers","covers",1.0,2842
"SPE002299","TOP007810","SPE002639-TOP007810-covers","covers",1.0,2842
"SPE002299","SPE002644","SPE002644-delivered","delivered",1.0,2847
"SPE002299","TOP007822","SPE002644-TOP007822-covers","covers",1.0,2847
"SPE002299","SPE002647","SPE002647-delivered","delivered",1.0,2850
"SPE002299","TOP007829","SPE002647-TOP007829-covers","covers",1.0,2850
"SPE002299","TOP007830","SPE002647-TOP007830-covers","covers",1.0,2850
"SPE002299","TOP007831","SPE002647-TOP007831-covers","covers",1.0,2850
"SPE002299","SPE002648","SPE002648-delivered","delivered",1.0,2851
"SPE002299","TOP007832","SPE002648-TOP007832-covers","covers",1.0,2851
"SPE002299","TOP007833","SPE002648-TOP007833-covers","covers",1.0,2851
"SPE002299","TOP007834","SPE002648-TOP007834-covers","covers",1.0,2851
"SPE002299","SPE002657","SPE002657-delivered","delivered",1.0,2860
"SPE002299","TOP007858","SPE002657-TOP007858-covers","covers",1.0,2860
"SPE002299","TOP007859","SPE002657-TOP007859-covers","covers",1.0,2860
"SPE002299","TOP007860","SPE002657-TOP007860-covers","covers",1.0,2860
"SPE002299","SPE002659","SPE002659-delivered","delivered",1.0,2862
"SPE002299","TOP007863","SPE002659-TOP007863-covers","covers",1.0,2862
"SPE002299","TOP007864","SPE002659-TOP007864-covers","covers",1.0,2862
"SPE002299","TOP007865","SPE002659-TOP007865-covers","covers",1.0,2862
"SPE002299","SPE002661","SPE002661-delivered","delivered",1.0,2864
"SPE002299","TOP007868","SPE002661-TOP007868-covers","covers",1.0,2864
"SPE002299","TOP007869","SPE002661-TOP007869-covers","covers",1.0,2864
"SPE002299","TOP007870","SPE002661-TOP007870-covers","covers",1.0,2864
"SPE002299","SPE002665","SPE002665-delivered","delivered",1.0,2868
"SPE002299","TOP007879","SPE002665-TOP007879-covers","covers",1.0,2868
"SPE002299","TOP007880","SPE002665-TOP007880-covers","covers",1.0,2868
"SPE002299","TOP007881","SPE002665-TOP007881-covers","covers",1.0,2868
"SPE002299","SPE002667","SPE002667-delivered","delivered",1.0,2870
"SPE002299","TOP007885","SPE002667-TOP007885-covers","covers",1.0,2870
"SPE002299","TOP007796","SPE002667-TOP007796-covers","covers",1.0,2870
"SPE002299","SPE001393","SPE001393-delivered","delivered",1.0,2892
"SPE002299","TOP007936","SPE001393-TOP007936-covers","covers",1.0,2892
"SPE002299","TOP007937","SPE001393-TOP007937-covers","covers",1.0,2892
"SPE002299","TOP007938","SPE001393-TOP007938-covers","covers",1.0,2892
"SPE002299","SPE002708","SPE002708-delivered","delivered",1.0,2919
"SPE002299","TOP008009","SPE002708-TOP008009-covers","covers",1.0,2919
"SPE002299","TOP008010","SPE002708-TOP008010-covers","covers",1.0,2919
"SPE002299","TOP008011","SPE002708-TOP008011-covers","covers",1.0,2919
"SPE002299","SPE002713","SPE002713-delivered","delivered",1.0,2924
"SPE002299","TOP008023","SPE002713-TOP008023-covers","covers",1.0,2924
"SPE002299","TOP008024","SPE002713-TOP008024-covers","covers",1.0,2924
"SPE002299","TOP008025","SPE002713-TOP008025-covers","covers",1.0,2924
"SPE002300","DAT001859","SPE002300-held_on","held_on",1.0,2477
"SPE002301","DAT001859","SPE002301-held_on","held_on",1.0,2478
"SPE002302","DAT001860","SPE002302-held_on","held_on",1.0,2479
"SPE002303","DAT001861","SPE002303-held_on","held_on",1.0,2480
"SPE002304","DAT001861","SPE002304-held_on","held_on",1.0,2481
"SPE002305","DAT001862","SPE002305-held_on","held_on",1.0,2482
"SPE002306","DAT001863","SPE002306-held_on","held_on",1.0,2483
"SPE002307","DAT001864","SPE002307-held_on","held_on",1.0,2484
"SPE002308","DAT001865","SPE002308-held_on","held_on",1.0,2485
"SPE002309","DAT001866","SPE002309-held_on","held_on",1.0,2486
"SPE002310","DAT001867","SPE002310-held_on","held_on",1.0,2487
"SPE002311","DAT001868","SPE002311-held_on","held_on",1.0,2488
"SPE002312","DAT001869","SPE002312-held_on","held_on",1.0,2489
"SPE002313","DAT001870","SPE002313-held_on","held_on",1.0,2490
"SPE002314","DAT001870","SPE002314-held_on","held_on",1.0,2491
"SPE002314","DAT002088","SPE002314-held_on","held_on",1.0,2751
"SPE002314","DAT002196","SPE002314-held_on","held_on",1.0,2888
"SPE002314","DAT002201","SPE002314-held_on","held_on",1.0,2895
"SPE002314","DAT002209","SPE002314-held_on","held_on",1.0,2904
"SPE002315","DAT001872","SPE002315-held_on","held_on",1.0,2493
"SPE002316","DAT001872","SPE002316-held_on","held_on",1.0,2494
"SPE002317","DAT001873","SPE002317-held_on","held_on",1.0,2495
"SPE002318","DAT001874","SPE002318-held_on","held_on",1.0,2496
"SPE002319","DAT001874","SPE002319-held_on","held_on",1.0,2497
"SPE002320","DAT001875","SPE002320-held_on","held_on",1.0,2498
"SPE002321","DAT001876","SPE002321-held_on","held_on",1.0,2499
"SPE002322","DAT001877","SPE002322-held_on","held_on",1.0,2500
"SPE002323","DAT001878","SPE002323-held_on","held_on",1.0,2501
"SPE002324","DAT001879","SPE002324-held_on","held_on",1.0,2502
"SPE002325","DAT001880","SPE002325-held_on","held_on",1.0,2503
"SPE002326","DAT001881","SPE002326-held_on","held_on",1.0,2504
"SPE002327","DAT001881","SPE002327-held_on","held_on",1.0,2505
"SPE002327","DAT001884","SPE002327-held_on","held_on",1.0,2509
"SPE002328","DAT001882","SPE002328-held_on","held_on",1.0,2506
"SPE002329","DAT001883","SPE002329-held_on","held_on",1.0,2507
"SPE002330","DAT001884","SPE002330-held_on","held_on",1.0,2508
"SPE002331","DAT001885","SPE002331-held_on","held_on",1.0,2510
"SPE002332","DAT001885","SPE002332-held_on","held_on",1.0,2511
"SPE002333","DAT001886","SPE002333-held_on","held_on",1.0,2512
"SPE002334","DAT001887","SPE002334-held_on","held_on",1.0,2513
"SPE002335","DAT001888","SPE002335-held_on","held_on",1.0,2514
"SPE002336","DAT001888","SPE002336-held_on","held_on",1.0,2515
"SPE002337","DAT001888","SPE002337-held_on","held_on",1.0,2516
"SPE002338","SPE002339","SPE002339-delivered","delivered",1.0,2517
"SPE002338","TOP006927","SPE002339-TOP006927-covers","covers",1.0,2517
"SPE002338","TOP006928","SPE002339-TOP006928-covers","covers",1.0,2517
"SPE002338","TOP006929","SPE002339-TOP006929-covers","covers",1.0,2517
"SPE002338","SPE002343","SPE002343-delivered","delivered",1.0,2521
"SPE002338","TOP006938","SPE002343-TOP006938-covers","covers",1.0,2521
"SPE002338","TOP006939","SPE002343-TOP006939-covers","covers",1.0,2521
"SPE002338","TOP006940","SPE002343-TOP006940-covers","covers",1.0,2521
"SPE002338","SPE002350","SPE002350-delivered","delivered",1.0,2639
"SPE002338","TOP006959","SPE002350-TOP006959-covers","covers",1.0,2528
"SPE002338","TOP006663","SPE002350-TOP006663-covers","covers",1.0,2528
"SPE002338","TOP006960","SPE002350-TOP006960-covers","covers",1.0,2528
"SPE002338","SPE002352","SPE002352-delivered","delivered",1.0,2530
"SPE002338","TOP006963","SPE002352-TOP006963-covers","covers",1.0,2530
"SPE002338","TOP006964","SPE002352-TOP006964-covers","covers",1.0,2530
"SPE002338","TOP006965","SPE002352-TOP006965-covers","covers",1.0,2530
"SPE002338","SPE002357","SPE002357-delivered","delivered",1.0,2535
"SPE002338","TOP006978","SPE002357-TOP006978-covers","covers",1.0,2535
"SPE002338","TOP006979","SPE002357-TOP006979-covers","covers",1.0,2535
"SPE002338","TOP006980","SPE002357-TOP006980-covers","covers",1.0,2535
"SPE002338","SPE002361","SPE002361-delivered","delivered",1.0,2539
"SPE002338","TOP006990","SPE002361-TOP006990-covers","covers",1.0,2539
"SPE002338","TOP006991","SPE002361-TOP006991-covers","covers",1.0,2539
"SPE002338","TOP006992","SPE002361-TOP006992-covers","covers",1.0,2539
"SPE002338","SPE002365","SPE002365-delivered","delivered",1.0,2543
"SPE002338","TOP003547","SPE002365-TOP003547-covers","covers",1.0,2543
"SPE002338","TOP000477","SPE002365-TOP000477-covers","covers",1.0,2543
"SPE002338","TOP007001","SPE002365-TOP007001-covers","covers",1.0,2543
"SPE002338","SPE002089","SPE002089-delivered","delivered",1.0,2544
"SPE002338","TOP007002","SPE002089-TOP007002-covers","covers",1.0,2544
"SPE002338","TOP007003","SPE002089-TOP007003-covers","covers",1.0,2544
"SPE002338","TOP004906","SPE002089-TOP004906-covers","covers",1.0,2544
"SPE002338","TOP004906","SPE002525-TOP004906-covers","covers",1.0,2720
"SPE002338","TOP004906","SPE002683-TOP004906-covers","covers",1.0,2889
"SPE002338","SPE002366","SPE002366-delivered","delivered",1.0,2545
"SPE002338","TOP007004","SPE002366-TOP007004-covers","covers",1.0,2545
"SPE002338","TOP007005","SPE002366-TOP007005-covers","covers",1.0,2545
"SPE002338","TOP007006","SPE002366-TOP007006-covers","covers",1.0,2545
"SPE002338","SPE002367","SPE002367-delivered","delivered",1.0,2546
"SPE002338","TOP007007","SPE002367-TOP007007-covers","covers",1.0,2546
"SPE002338","TOP007008","SPE002367-TOP007008-covers","covers",1.0,2546
"SPE002338","TOP007009","SPE002367-TOP007009-covers","covers",1.0,2546
"SPE002338","SPE002369","SPE002369-delivered","delivered",1.0,2548
"SPE002338","TOP007013","SPE002369-TOP007013-covers","covers",1.0,2548
"SPE002338","TOP007014","SPE002369-TOP007014-covers","covers",1.0,2548
"SPE002338","TOP007015","SPE002369-TOP007015-covers","covers",1.0,2548
"SPE002338","SPE002371","SPE002371-delivered","delivered",1.0,2550
"SPE002338","TOP007018","SPE002371-TOP007018-covers","covers",1.0,2550
"SPE002338","TOP007019","SPE002371-TOP007019-covers","covers",1.0,2550
"SPE002338","TOP007020","SPE002371-TOP007020-covers","covers",1.0,2550
"SPE002338","SPE002379","SPE002379-delivered","delivered",1.0,2557
"SPE002338","TOP007039","SPE002379-TOP007039-covers","covers",1.0,2557
"SPE002338","TOP002459","SPE002379-TOP002459-covers","covers",1.0,2557
"SPE002338","TOP002459","SPE002660-TOP002459-covers","covers",1.0,2863
"SPE002338","TOP002459","SPE002688-TOP002459-covers","covers",1.0,2896
"SPE002338","TOP007040","SPE002379-TOP007040-covers","covers",1.0,2557
"SPE002338","SPE002387","SPE002387-delivered","delivered",1.0,2565
"SPE002338","TOP007058","SPE002387-TOP007058-covers","covers",1.0,2565
"SPE002338","TOP007059","SPE002387-TOP007059-covers","covers",1.0,2565
"SPE002338","TOP007060","SPE002387-TOP007060-covers","covers",1.0,2565
"SPE002338","TOP007063","SPE002350-TOP007063-covers","covers",1.0,2567
"SPE002338","TOP007064","SPE002350-TOP007064-covers","covers",1.0,2567
"SPE002338","TOP007065","SPE002350-TOP007065-covers","covers",1.0,2567
"SPE002338","SPE002390","SPE002390-delivered","delivered",1.0,2569
"SPE002338","TOP007068","SPE002390-TOP007068-covers","covers",1.0,2569
"SPE002338","TOP007069","SPE002390-TOP007069-covers","covers",1.0,2569
"SPE002338","TOP007070","SPE002390-TOP007070-covers","covers",1.0,2569
"SPE002338","TOP007089","SPE002350-TOP007089-covers","covers",1.0,2576
"SPE002338","TOP007090","SPE002350-TOP007090-covers","covers",1.0,2576
"SPE002338","TOP007091","SPE002350-TOP007091-covers","covers",1.0,2576
"SPE002338","SPE000011","SPE000011-delivered","delivered",1.0,2583
"SPE002338","TOP007109","SPE000011-TOP007109-covers","covers",1.0,2583
"SPE002338","TOP007110","SPE000011-TOP007110-covers","covers",1.0,2583
"SPE002338","TOP002017","SPE000011-TOP002017-covers","covers",1.0,2583
"SPE002338","TOP002017","SPE002350-TOP002017-covers","covers",1.0,2639
"SPE002338","SPE002405","SPE002405-delivered","delivered",1.0,2587
"SPE002338","TOP007119","SPE002405-TOP007119-covers","covers",1.0,2587
"SPE002338","TOP007120","SPE002405-TOP007120-covers","covers",1.0,2587
"SPE002338","TOP007121","SPE002405-TOP007121-covers","covers",1.0,2587
"SPE002338","SPE002406","SPE002406-delivered","delivered",1.0,2588
"SPE002338","TOP007122","SPE002406-TOP007122-covers","covers",1.0,2588
"SPE002338","TOP007123","SPE002406-TOP007123-covers","covers",1.0,2588
"SPE002338","TOP007124","SPE002406-TOP007124-covers","covers",1.0,2588
"SPE002338","SPE002407","SPE002407-delivered","delivered",1.0,2589
"SPE002338","TOP007125","SPE002407-TOP007125-covers","covers",1.0,2589
"SPE002338","TOP007126","SPE002407-TOP007126-covers","covers",1.0,2589
"SPE002338","TOP007127","SPE002407-TOP007127-covers","covers",1.0,2589
"SPE002338","SPE002408","SPE002408-delivered","delivered",1.0,2683
"SPE002338","TOP007128","SPE002408-TOP007128-covers","covers",1.0,2590
"SPE002338","TOP007129","SPE002408-TOP007129-covers","covers",1.0,2590
"SPE002338","TOP006264","SPE002408-TOP006264-covers","covers",1.0,2590
"SPE002338","SPE002409","SPE002409-delivered","delivered",1.0,2591
"SPE002338","TOP007130","SPE002409-TOP007130-covers","covers",1.0,2591
"SPE002338","TOP007131","SPE002409-TOP007131-covers","covers",1.0,2591
"SPE002338","TOP007132","SPE002409-TOP007132-covers","covers",1.0,2591
"SPE002338","SPE002412","SPE002412-delivered","delivered",1.0,2594
"SPE002338","TOP007139","SPE002412-TOP007139-covers","covers",1.0,2594
"SPE002338","TOP007140","SPE002412-TOP007140-covers","covers",1.0,2594
"SPE002338","TOP007141","SPE002412-TOP007141-covers","covers",1.0,2594
"SPE002338","SPE002415","SPE002415-delivered","delivered",1.0,2597
"SPE002338","TOP007148","SPE002415-TOP007148-covers","covers",1.0,2597
"SPE002338","TOP007149","SPE002415-TOP007149-covers","covers",1.0,2597
"SPE002338","TOP005878","SPE002415-TOP005878-covers","covers",1.0,2597
"SPE002338","SPE002416","SPE002416-delivered","delivered",1.0,2598
"SPE002338","TOP000299","SPE002416-TOP000299-covers","covers",1.0,2598
"SPE002338","TOP007150","SPE002416-TOP007150-covers","covers",1.0,2598
"SPE002338","TOP007151","SPE002416-TOP007151-covers","covers",1.0,2598
"SPE002338","SPE002418","SPE002418-delivered","delivered",1.0,2600
"SPE002338","TOP007155","SPE002418-TOP007155-covers","covers",1.0,2600
"SPE002338","TOP007156","SPE002418-TOP007156-covers","covers",1.0,2600
"SPE002338","TOP000229","SPE002418-TOP000229-covers","covers",1.0,2600
"SPE002338","TOP007168","SPE002408-TOP007168-covers","covers",1.0,2605
"SPE002338","TOP007169","SPE002408-TOP007169-covers","covers",1.0,2605
"SPE002338","TOP007170","SPE002408-TOP007170-covers","covers",1.0,2605
"SPE002338","SPE002424","SPE002424-delivered","delivered",1.0,2607
"SPE002338","TOP007174","SPE002424-TOP007174-covers","covers",1.0,2607
"SPE002338","TOP007175","SPE002424-TOP007175-covers","covers",1.0,2607
"SPE002338","TOP007176","SPE002424-TOP007176-covers","covers",1.0,2607
"SPE002338","SPE002425","SPE002425-delivered","delivered",1.0,2608
"SPE002338","TOP007177","SPE002425-TOP007177-covers","covers",1.0,2608
"SPE002338","TOP007178","SPE002425-TOP007178-covers","covers",1.0,2608
"SPE002338","TOP007179","SPE002425-TOP007179-covers","covers",1.0,2608
"SPE002338","SPE002426","SPE002426-delivered","delivered",1.0,2609
"SPE002338","TOP007180","SPE002426-TOP007180-covers","covers",1.0,2609
"SPE002338","TOP007181","SPE002426-TOP007181-covers","covers",1.0,2609
"SPE002338","TOP007182","SPE002426-TOP007182-covers","covers",1.0,2609
"SPE002338","SPE002430","SPE002430-delivered","delivered",1.0,2613
"SPE002338","TOP007191","SPE002430-TOP007191-covers","covers",1.0,2613
"SPE002338","TOP007192","SPE002430-TOP007192-covers","covers",1.0,2613
"SPE002338","TOP007193","SPE002430-TOP007193-covers","covers",1.0,2613
"SPE002338","SPE002433","SPE002433-delivered","delivered",1.0,2615
"SPE002338","TOP007197","SPE002433-TOP007197-covers","covers",1.0,2615
"SPE002338","TOP007198","SPE002433-TOP007198-covers","covers",1.0,2615
"SPE002338","TOP003819","SPE002433-TOP003819-covers","covers",1.0,2615
"SPE002338","SPE002440","SPE002440-delivered","delivered",1.0,2623
"SPE002338","TOP007218","SPE002440-TOP007218-covers","covers",1.0,2623
"SPE002338","TOP007219","SPE002440-TOP007219-covers","covers",1.0,2623
"SPE002338","TOP007220","SPE002440-TOP007220-covers","covers",1.0,2623
"SPE002338","SPE002445","SPE002445-delivered","delivered",1.0,2628
"SPE002338","TOP007232","SPE002445-TOP007232-covers","covers",1.0,2628
"SPE002338","TOP007233","SPE002445-TOP007233-covers","covers",1.0,2628
"SPE002338","TOP007234","SPE002445-TOP007234-covers","covers",1.0,2628
"SPE002338","SPE002450","SPE002450-delivered","delivered",1.0,2633
"SPE002338","TOP007246","SPE002450-TOP007246-covers","covers",1.0,2633
"SPE002338","TOP007247","SPE002450-TOP007247-covers","covers",1.0,2633
"SPE002338","TOP007248","SPE002450-TOP007248-covers","covers",1.0,2633
"SPE002338","TOP007251","SPE002408-TOP007251-covers","covers",1.0,2635
"SPE002338","TOP007196","SPE002408-TOP007196-covers","covers",1.0,2635
"SPE002338","TOP002924","SPE002408-TOP002924-covers","covers",1.0,2635
"SPE002338","SPE002452","SPE002452-delivered","delivered",1.0,2637
"SPE002338","TOP007252","SPE002452-TOP007252-covers","covers",1.0,2637
"SPE002338","TOP007253","SPE002452-TOP007253-covers","covers",1.0,2637
"SPE002338","TOP007254","SPE002452-TOP007254-covers","covers",1.0,2637
"SPE002338","SPE002453","SPE002453-delivered","delivered",1.0,2638
"SPE002338","TOP004741","SPE002453-TOP004741-covers","covers",1.0,2638
"SPE002338","TOP007255","SPE002453-TOP007255-covers","covers",1.0,2638
"SPE002338","TOP007256","SPE002453-TOP007256-covers","covers",1.0,2638
"SPE002338","TOP007257","SPE002350-TOP007257-covers","covers",1.0,2639
"SPE002338","TOP007258","SPE002350-TOP007258-covers","covers",1.0,2639
"SPE002338","SPE002454","SPE002454-delivered","delivered",1.0,2640
"SPE002338","TOP007259","SPE002454-TOP007259-covers","covers",1.0,2640
"SPE002338","TOP000548","SPE002454-TOP000548-covers","covers",1.0,2640
"SPE002338","TOP000548","SPE002716-TOP000548-covers","covers",1.0,2927
"SPE002338","TOP007260","SPE002454-TOP007260-covers","covers",1.0,2640
"SPE002338","SPE002455","SPE002455-delivered","delivered",1.0,2641
"SPE002338","TOP007261","SPE002455-TOP007261-covers","covers",1.0,2641
"SPE002338","TOP007262","SPE002455-TOP007262-covers","covers",1.0,2641
"SPE002338","TOP007263","SPE002455-TOP007263-covers","covers",1.0,2641
"SPE002338","SPE002458","SPE002458-delivered","delivered",1.0,2644
"SPE002338","TOP006430","SPE002458-TOP006430-covers","covers",1.0,2644
"SPE002338","TOP007269","SPE002458-TOP007269-covers","covers",1.0,2644
"SPE002338","TOP007270","SPE002458-TOP007270-covers","covers",1.0,2644
"SPE002338","SPE002463","SPE002463-delivered","delivered",1.0,2649
"SPE002338","TOP007283","SPE002463-TOP007283-covers","covers",1.0,2649
"SPE002338","TOP007284","SPE002463-TOP007284-covers","covers",1.0,2649
"SPE002338","TOP007285","SPE002463-TOP007285-covers","covers",1.0,2649
"SPE002338","SPE002466","SPE002466-delivered","delivered",1.0,2678
"SPE002338","TOP007292","SPE002466-TOP007292-covers","covers",1.0,2662
"SPE002338","TOP007293","SPE002466-TOP007293-covers","covers",1.0,2652
"SPE002338","TOP007294","SPE002466-TOP007294-covers","covers",1.0,2652
"SPE002338","SPE002467","SPE002467-delivered","delivered",1.0,2653
"SPE002338","TOP007295","SPE002467-TOP007295-covers","covers",1.0,2653
"SPE002338","TOP007296","SPE002467-TOP007296-covers","covers",1.0,2653
"SPE002338","TOP007297","SPE002467-TOP007297-covers","covers",1.0,2653
"SPE002338","SPE002472","SPE002472-delivered","delivered",1.0,2659
"SPE002338","TOP007313","SPE002472-TOP007313-covers","covers",1.0,2659
"SPE002338","TOP007314","SPE002472-TOP007314-covers","covers",1.0,2659
"SPE002338","TOP007315","SPE002472-TOP007315-covers","covers",1.0,2659
"SPE002338","TOP007322","SPE002466-TOP007322-covers","covers",1.0,2662
"SPE002338","TOP007323","SPE002466-TOP007323-covers","covers",1.0,2662
"SPE002338","TOP007326","SPE002408-TOP007326-covers","covers",1.0,2664
"SPE002338","TOP007327","SPE002408-TOP007327-covers","covers",1.0,2664
"SPE002338","TOP007328","SPE002408-TOP007328-covers","covers",1.0,2664
"SPE002338","SPE002480","SPE002480-delivered","delivered",1.0,2669
"SPE002338","TOP007340","SPE002480-TOP007340-covers","covers",1.0,2669
"SPE002338","TOP007341","SPE002480-TOP007341-covers","covers",1.0,2669
"SPE002338","TOP007342","SPE002480-TOP007342-covers","covers",1.0,2669
"SPE002338","SPE002483","SPE002483-delivered","delivered",1.0,2671
"SPE002338","TOP007346","SPE002483-TOP007346-covers","covers",1.0,2671
"SPE002338","TOP007347","SPE002483-TOP007347-covers","covers",1.0,2671
"SPE002338","TOP007348","SPE002483-TOP007348-covers","covers",1.0,2671
"SPE002338","SPE002485","SPE002485-delivered","delivered",1.0,2673
"SPE002338","TOP007352","SPE002485-TOP007352-covers","covers",1.0,2673
"SPE002338","TOP007353","SPE002485-TOP007353-covers","covers",1.0,2673
"SPE002338","TOP007354","SPE002485-TOP007354-covers","covers",1.0,2673
"SPE002338","SPE002489","SPE002489-delivered","delivered",1.0,2677
"SPE002338","TOP007364","SPE002489-TOP007364-covers","covers",1.0,2677
"SPE002338","TOP007365","SPE002489-TOP007365-covers","covers",1.0,2677
"SPE002338","TOP007366","SPE002489-TOP007366-covers","covers",1.0,2677
"SPE002338","TOP007367","SPE002466-TOP007367-covers","covers",1.0,2678
"SPE002338","TOP007368","SPE002466-TOP007368-covers","covers",1.0,2678
"SPE002338","TOP007312","SPE002466-TOP007312-covers","covers",1.0,2678
"SPE002338","SPE002492","SPE002492-delivered","delivered",1.0,2681
"SPE002338","TOP007375","SPE002492-TOP007375-covers","covers",1.0,2681
"SPE002338","TOP007376","SPE002492-TOP007376-covers","covers",1.0,2681
"SPE002338","TOP007377","SPE002492-TOP007377-covers","covers",1.0,2681
"SPE002338","SPE002493","SPE002493-delivered","delivered",1.0,2682
"SPE002338","TOP007378","SPE002493-TOP007378-covers","covers",1.0,2682
"SPE002338","TOP007379","SPE002493-TOP007379-covers","covers",1.0,2682
"SPE002338","TOP007380","SPE002493-TOP007380-covers","covers",1.0,2682
"SPE002338","TOP007381","SPE002408-TOP007381-covers","covers",1.0,2683
"SPE002338","TOP007382","SPE002408-TOP007382-covers","covers",1.0,2683
"SPE002338","TOP006167","SPE002408-TOP006167-covers","covers",1.0,2683
"SPE002338","SPE002495","SPE002495-delivered","delivered",1.0,2685
"SPE002338","TOP007386","SPE002495-TOP007386-covers","covers",1.0,2685
"SPE002338","TOP007387","SPE002495-TOP007387-covers","covers",1.0,2685
"SPE002338","TOP007388","SPE002495-TOP007388-covers","covers",1.0,2685
"SPE002338","SPE002500","SPE002500-delivered","delivered",1.0,2691
"SPE002338","TOP007400","SPE002500-TOP007400-covers","covers",1.0,2691
"SPE002338","TOP007401","SPE002500-TOP007401-covers","covers",1.0,2691
"SPE002338","TOP007402","SPE002500-TOP007402-covers","covers",1.0,2691
"SPE002338","SPE002504","SPE002504-delivered","delivered",1.0,2696
"SPE002338","TOP007413","SPE002504-TOP007413-covers","covers",1.0,2696
"SPE002338","TOP007414","SPE002504-TOP007414-covers","covers",1.0,2696
"SPE002338","TOP007415","SPE002504-TOP007415-covers","covers",1.0,2696
"SPE002338","SPE002505","SPE002505-delivered","delivered",1.0,2768
"SPE002338","TOP007416","SPE002505-TOP007416-covers","covers",1.0,2697
"SPE002338","TOP007417","SPE002505-TOP007417-covers","covers",1.0,2697
"SPE002338","TOP007418","SPE002505-TOP007418-covers","covers",1.0,2697
"SPE002338","SPE002512","SPE002512-delivered","delivered",1.0,2705
"SPE002338","TOP007439","SPE002512-TOP007439-covers","covers",1.0,2705
"SPE002338","TOP007440","SPE002512-TOP007440-covers","covers",1.0,2705
"SPE002338","TOP007441","SPE002512-TOP007441-covers","covers",1.0,2705
"SPE002338","SPE002517","SPE002517-delivered","delivered",1.0,2711
"SPE002338","TOP007456","SPE002517-TOP007456-covers","covers",1.0,2711
"SPE002338","TOP007457","SPE002517-TOP007457-covers","covers",1.0,2711
"SPE002338","TOP007458","SPE002517-TOP007458-covers","covers",1.0,2711
"SPE002338","SPE002522","SPE002522-delivered","delivered",1.0,2716
"SPE002338","TOP007466","SPE002522-TOP007466-covers","covers",1.0,2716
"SPE002338","TOP007467","SPE002522-TOP007467-covers","covers",1.0,2716
"SPE002338","TOP007468","SPE002522-TOP007468-covers","covers",1.0,2716
"SPE002338","SPE002287","SPE002287-delivered","delivered",1.0,2908
"SPE002338","TOP007472","SPE002287-TOP007472-covers","covers",1.0,2718
"SPE002338","TOP007473","SPE002287-TOP007473-covers","covers",1.0,2718
"SPE002338","TOP007474","SPE002287-TOP007474-covers","covers",1.0,2718
"SPE002338","SPE002524","SPE002524-delivered","delivered",1.0,2719
"SPE002338","TOP007475","SPE002524-TOP007475-covers","covers",1.0,2719
"SPE002338","TOP005242","SPE002524-TOP005242-covers","covers",1.0,2719
"SPE002338","TOP007476","SPE002524-TOP007476-covers","covers",1.0,2719
"SPE002338","SPE002525","SPE002525-delivered","delivered",1.0,2720
"SPE002338","TOP007477","SPE002525-TOP007477-covers","covers",1.0,2720
"SPE002338","TOP007478","SPE002525-TOP007478-covers","covers",1.0,2720
"SPE002338","SPE002529","SPE002529-delivered","delivered",1.0,2724
"SPE002338","TOP007488","SPE002529-TOP007488-covers","covers",1.0,2724
"SPE002338","TOP007489","SPE002529-TOP007489-covers","covers",1.0,2724
"SPE002338","TOP007490","SPE002529-TOP007490-covers","covers",1.0,2724
"SPE002338","SPE002530","SPE002530-delivered","delivered",1.0,2725
"SPE002338","TOP007491","SPE002530-TOP007491-covers","covers",1.0,2725
"SPE002338","TOP007492","SPE002530-TOP007492-covers","covers",1.0,2725
"SPE002338","TOP006644","SPE002530-TOP006644-covers","covers",1.0,2725
"SPE002338","SPE002536","SPE002536-delivered","delivered",1.0,2732
"SPE002338","TOP007511","SPE002536-TOP007511-covers","covers",1.0,2732
"SPE002338","TOP007512","SPE002536-TOP007512-covers","covers",1.0,2732
"SPE002338","TOP007513","SPE002536-TOP007513-covers","covers",1.0,2732
"SPE002338","SPE002540","SPE002540-delivered","delivered",1.0,2736
"SPE002338","TOP007522","SPE002540-TOP007522-covers","covers",1.0,2736
"SPE002338","TOP007523","SPE002540-TOP007523-covers","covers",1.0,2736
"SPE002338","TOP007524","SPE002540-TOP007524-covers","covers",1.0,2736
"SPE002338","TOP007534","SPE002505-TOP007534-covers","covers",1.0,2740
"SPE002338","TOP007535","SPE002505-TOP007535-covers","covers",1.0,2740
"SPE002338","TOP007536","SPE002505-TOP007536-covers","covers",1.0,2740
"SPE002338","TOP007536","SPE002585-TOP007536-covers","covers",1.0,2786
"SPE002338","TOP007540","SPE002287-TOP007540-covers","covers",1.0,2742
"SPE002338","TOP007541","SPE002287-TOP007541-covers","covers",1.0,2742
"SPE002338","TOP000037","SPE002287-TOP000037-covers","covers",1.0,2742
"SPE002338","SPE002545","SPE002545-delivered","delivered",1.0,2743
"SPE002338","TOP007542","SPE002545-TOP007542-covers","covers",1.0,2743
"SPE002338","TOP007543","SPE002545-TOP007543-covers","covers",1.0,2743
"SPE002338","TOP007544","SPE002545-TOP007544-covers","covers",1.0,2743
"SPE002338","SPE002547","SPE002547-delivered","delivered",1.0,2745
"SPE002338","TOP007548","SPE002547-TOP007548-covers","covers",1.0,2745
"SPE002338","TOP007549","SPE002547-TOP007549-covers","covers",1.0,2745
"SPE002338","TOP007550","SPE002547-TOP007550-covers","covers",1.0,2745
"SPE002338","TOP007563","SPE002505-TOP007563-covers","covers",1.0,2750
"SPE002338","TOP007564","SPE002505-TOP007564-covers","covers",1.0,2768
"SPE002338","TOP007565","SPE002505-TOP007565-covers","covers",1.0,2750
"SPE002338","SPE002314","SPE002314-delivered","delivered",1.0,2904
"SPE002338","TOP007566","SPE002314-TOP007566-covers","covers",1.0,2751
"SPE002338","TOP005174","SPE002314-TOP005174-covers","covers",1.0,2751
"SPE002338","TOP000342","SPE002314-TOP000342-covers","covers",1.0,2751
"SPE002338","SPE002553","SPE002553-delivered","delivered",1.0,2753
"SPE002338","TOP007570","SPE002553-TOP007570-covers","covers",1.0,2753
"SPE002338","TOP007571","SPE002553-TOP007571-covers","covers",1.0,2753
"SPE002338","TOP006426","SPE002553-TOP006426-covers","covers",1.0,2753
"SPE002338","SPE002554","SPE002554-delivered","delivered",1.0,2754
"SPE002338","TOP007572","SPE002554-TOP007572-covers","covers",1.0,2754
"SPE002338","TOP007573","SPE002554-TOP007573-covers","covers",1.0,2754
"SPE002338","TOP007574","SPE002554-TOP007574-covers","covers",1.0,2754
"SPE002338","SPE002558","SPE002558-delivered","delivered",1.0,2758
"SPE002338","TOP007584","SPE002558-TOP007584-covers","covers",1.0,2758
"SPE002338","TOP007585","SPE002558-TOP007585-covers","covers",1.0,2758
"SPE002338","TOP007586","SPE002558-TOP007586-covers","covers",1.0,2758
"SPE002338","TOP001299","SPE002505-TOP001299-covers","covers",1.0,2768
"SPE002338","TOP001299","SPE002679-TOP001299-covers","covers",1.0,2884
"SPE002338","TOP007610","SPE002505-TOP007610-covers","covers",1.0,2768
"SPE002338","SPE002584","SPE002584-delivered","delivered",1.0,2785
"SPE002338","TOP007656","SPE002584-TOP007656-covers","covers",1.0,2785
"SPE002338","TOP007657","SPE002584-TOP007657-covers","covers",1.0,2785
"SPE002338","TOP007658","SPE002584-TOP007658-covers","covers",1.0,2785
"SPE002338","SPE002585","SPE002585-delivered","delivered",1.0,2786
"SPE002338","TOP007659","SPE002585-TOP007659-covers","covers",1.0,2786
"SPE002338","TOP007660","SPE002585-TOP007660-covers","covers",1.0,2786
"SPE002338","SPE002587","SPE002587-delivered","delivered",1.0,2788
"SPE002338","TOP007664","SPE002587-TOP007664-covers","covers",1.0,2788
"SPE002338","TOP007665","SPE002587-TOP007665-covers","covers",1.0,2788
"SPE002338","TOP007666","SPE002587-TOP007666-covers","covers",1.0,2788
"SPE002338","SPE002589","SPE002589-delivered","delivered",1.0,2790
"SPE002338","TOP007670","SPE002589-TOP007670-covers","covers",1.0,2790
"SPE002338","TOP007671","SPE002589-TOP007671-covers","covers",1.0,2790
"SPE002338","TOP007672","SPE002589-TOP007672-covers","covers",1.0,2790
"SPE002338","SPE002595","SPE002595-delivered","delivered",1.0,2797
"SPE002338","TOP007687","SPE002595-TOP007687-covers","covers",1.0,2797
"SPE002338","TOP007688","SPE002595-TOP007688-covers","covers",1.0,2797
"SPE002338","TOP007689","SPE002595-TOP007689-covers","covers",1.0,2797
"SPE002338","SPE002598","SPE002598-delivered","delivered",1.0,2800
"SPE002338","TOP007696","SPE002598-TOP007696-covers","covers",1.0,2800
"SPE002338","TOP007697","SPE002598-TOP007697-covers","covers",1.0,2800
"SPE002338","TOP007698","SPE002598-TOP007698-covers","covers",1.0,2800
"SPE002338","SPE002599","SPE002599-delivered","delivered",1.0,2801
"SPE002338","TOP007699","SPE002599-TOP007699-covers","covers",1.0,2801
"SPE002338","TOP007700","SPE002599-TOP007700-covers","covers",1.0,2801
"SPE002338","TOP007701","SPE002599-TOP007701-covers","covers",1.0,2801
"SPE002338","SPE002601","SPE002601-delivered","delivered",1.0,2803
"SPE002338","TOP007704","SPE002601-TOP007704-covers","covers",1.0,2803
"SPE002338","TOP007705","SPE002601-TOP007705-covers","covers",1.0,2803
"SPE002338","TOP007706","SPE002601-TOP007706-covers","covers",1.0,2803
"SPE002338","SPE002605","SPE002605-delivered","delivered",1.0,2807
"SPE002338","TOP007716","SPE002605-TOP007716-covers","covers",1.0,2807
"SPE002338","TOP007717","SPE002605-TOP007717-covers","covers",1.0,2807
"SPE002338","TOP006415","SPE002605-TOP006415-covers","covers",1.0,2807
"SPE002338","SPE002606","SPE002606-delivered","delivered",1.0,2808
"SPE002338","TOP007718","SPE002606-TOP007718-covers","covers",1.0,2808
"SPE002338","TOP007719","SPE002606-TOP007719-covers","covers",1.0,2808
"SPE002338","TOP007720","SPE002606-TOP007720-covers","covers",1.0,2808
"SPE002338","SPE002607","SPE002607-delivered","delivered",1.0,2809
"SPE002338","TOP007721","SPE002607-TOP007721-covers","covers",1.0,2809
"SPE002338","TOP007722","SPE002607-TOP007722-covers","covers",1.0,2809
"SPE002338","TOP007723","SPE002607-TOP007723-covers","covers",1.0,2809
"SPE002338","SPE002609","SPE002609-delivered","delivered",1.0,2811
"SPE002338","TOP007726","SPE002609-TOP007726-covers","covers",1.0,2811
"SPE002338","TOP007727","SPE002609-TOP007727-covers","covers",1.0,2811
"SPE002338","TOP007728","SPE002609-TOP007728-covers","covers",1.0,2811
"SPE002338","SPE002613","SPE002613-delivered","delivered",1.0,2815
"SPE002338","TOP007737","SPE002613-TOP007737-covers","covers",1.0,2815
"SPE002338","TOP007738","SPE002613-TOP007738-covers","covers",1.0,2815
"SPE002338","TOP007739","SPE002613-TOP007739-covers","covers",1.0,2815
"SPE002338","SPE002620","SPE002620-delivered","delivered",1.0,2822
"SPE002338","TOP007757","SPE002620-TOP007757-covers","covers",1.0,2822
"SPE002338","TOP000076","SPE002620-TOP000076-covers","covers",1.0,2822
"SPE002338","TOP007758","SPE002620-TOP007758-covers","covers",1.0,2822
"SPE002338","SPE002622","SPE002622-delivered","delivered",1.0,2824
"SPE002338","TOP002371","SPE002622-TOP002371-covers","covers",1.0,2824
"SPE002338","TOP002371","SPE002623-TOP002371-covers","covers",1.0,2825
"SPE002338","TOP002371","SPE002690-TOP002371-covers","covers",1.0,2898
"SPE002338","TOP002371","SPE002716-TOP002371-covers","covers",1.0,2927
"SPE002338","TOP007762","SPE002622-TOP007762-covers","covers",1.0,2824
"SPE002338","TOP007763","SPE002622-TOP007763-covers","covers",1.0,2824
"SPE002338","SPE002623","SPE002623-delivered","delivered",1.0,2825
"SPE002338","TOP007764","SPE002623-TOP007764-covers","covers",1.0,2825
"SPE002338","TOP004095","SPE002623-TOP004095-covers","covers",1.0,2825
"SPE002338","SPE002635","SPE002635-delivered","delivered",1.0,2837
"SPE002338","TOP007794","SPE002635-TOP007794-covers","covers",1.0,2837
"SPE002338","TOP007795","SPE002635-TOP007795-covers","covers",1.0,2837
"SPE002338","TOP007796","SPE002635-TOP007796-covers","covers",1.0,2837
"SPE002338","SPE002640","SPE002640-delivered","delivered",1.0,2843
"SPE002338","TOP007811","SPE002640-TOP007811-covers","covers",1.0,2843
"SPE002338","TOP007812","SPE002640-TOP007812-covers","covers",1.0,2843
"SPE002338","TOP007813","SPE002640-TOP007813-covers","covers",1.0,2843
"SPE002338","SPE002643","SPE002643-delivered","delivered",1.0,2846
"SPE002338","TOP007819","SPE002643-TOP007819-covers","covers",1.0,2846
"SPE002338","TOP007820","SPE002643-TOP007820-covers","covers",1.0,2846
"SPE002338","TOP007821","SPE002643-TOP007821-covers","covers",1.0,2846
"SPE002338","SPE002646","SPE002646-delivered","delivered",1.0,2849
"SPE002338","TOP007826","SPE002646-TOP007826-covers","covers",1.0,2849
"SPE002338","TOP007827","SPE002646-TOP007827-covers","covers",1.0,2849
"SPE002338","TOP007828","SPE002646-TOP007828-covers","covers",1.0,2849
"SPE002338","SPE002651","SPE002651-delivered","delivered",1.0,2854
"SPE002338","TOP007841","SPE002651-TOP007841-covers","covers",1.0,2854
"SPE002338","TOP007842","SPE002651-TOP007842-covers","covers",1.0,2854
"SPE002338","TOP007843","SPE002651-TOP007843-covers","covers",1.0,2854
"SPE002338","SPE002653","SPE002653-delivered","delivered",1.0,2856
"SPE002338","TOP007847","SPE002653-TOP007847-covers","covers",1.0,2856
"SPE002338","TOP007848","SPE002653-TOP007848-covers","covers",1.0,2856
"SPE002338","TOP005570","SPE002653-TOP005570-covers","covers",1.0,2856
"SPE002338","SPE002655","SPE002655-delivered","delivered",1.0,2858
"SPE002338","TOP007852","SPE002655-TOP007852-covers","covers",1.0,2858
"SPE002338","TOP007853","SPE002655-TOP007853-covers","covers",1.0,2858
"SPE002338","TOP007854","SPE002655-TOP007854-covers","covers",1.0,2858
"SPE002338","SPE002660","SPE002660-delivered","delivered",1.0,2863
"SPE002338","TOP007866","SPE002660-TOP007866-covers","covers",1.0,2863
"SPE002338","TOP007867","SPE002660-TOP007867-covers","covers",1.0,2863
"SPE002338","SPE002666","SPE002666-delivered","delivered",1.0,2869
"SPE002338","TOP007882","SPE002666-TOP007882-covers","covers",1.0,2869
"SPE002338","TOP007883","SPE002666-TOP007883-covers","covers",1.0,2869
"SPE002338","TOP007884","SPE002666-TOP007884-covers","covers",1.0,2869
"SPE002338","SPE002673","SPE002673-delivered","delivered",1.0,2877
"SPE002338","TOP007899","SPE002673-TOP007899-covers","covers",1.0,2877
"SPE002338","TOP007900","SPE002673-TOP007900-covers","covers",1.0,2877
"SPE002338","TOP007901","SPE002673-TOP007901-covers","covers",1.0,2877
"SPE002338","SPE002674","SPE002674-delivered","delivered",1.0,2878
"SPE002338","TOP007902","SPE002674-TOP007902-covers","covers",1.0,2878
"SPE002338","TOP007903","SPE002674-TOP007903-covers","covers",1.0,2878
"SPE002338","TOP007904","SPE002674-TOP007904-covers","covers",1.0,2878
"SPE002338","SPE002676","SPE002676-delivered","delivered",1.0,2880
"SPE002338","TOP007907","SPE002676-TOP007907-covers","covers",1.0,2880
"SPE002338","TOP007898","SPE002676-TOP007898-covers","covers",1.0,2880
"SPE002338","TOP007908","SPE002676-TOP007908-covers","covers",1.0,2880
"SPE002338","SPE000093","SPE000093-delivered","delivered",1.0,2883
"SPE002338","TOP007889","SPE000093-TOP007889-covers","covers",1.0,2883
"SPE002338","TOP007914","SPE000093-TOP007914-covers","covers",1.0,2883
"SPE002338","TOP007915","SPE000093-TOP007915-covers","covers",1.0,2883
"SPE002338","TOP007915","SPE002681-TOP007915-covers","covers",1.0,2886
"SPE002338","SPE002679","SPE002679-delivered","delivered",1.0,2884
"SPE002338","TOP007916","SPE002679-TOP007916-covers","covers",1.0,2884
"SPE002338","TOP007917","SPE002679-TOP007917-covers","covers",1.0,2884
"SPE002338","SPE002680","SPE002680-delivered","delivered",1.0,2885
"SPE002338","TOP007918","SPE002680-TOP007918-covers","covers",1.0,2885
"SPE002338","TOP007919","SPE002680-TOP007919-covers","covers",1.0,2885
"SPE002338","TOP007920","SPE002680-TOP007920-covers","covers",1.0,2885
"SPE002338","SPE002681","SPE002681-delivered","delivered",1.0,2886
"SPE002338","TOP007921","SPE002681-TOP007921-covers","covers",1.0,2886
"SPE002338","TOP000761","SPE002681-TOP000761-covers","covers",1.0,2886
"SPE002338","SPE002682","SPE002682-delivered","delivered",1.0,2887
"SPE002338","TOP007922","SPE002682-TOP007922-covers","covers",1.0,2887
"SPE002338","TOP007923","SPE002682-TOP007923-covers","covers",1.0,2887
"SPE002338","TOP007924","SPE002682-TOP007924-covers","covers",1.0,2887
"SPE002338","TOP007925","SPE002314-TOP007925-covers","covers",1.0,2888
"SPE002338","TOP007926","SPE002314-TOP007926-covers","covers",1.0,2888
"SPE002338","TOP007927","SPE002314-TOP007927-covers","covers",1.0,2888
"SPE002338","SPE002683","SPE002683-delivered","delivered",1.0,2889
"SPE002338","TOP007928","SPE002683-TOP007928-covers","covers",1.0,2889
"SPE002338","TOP007929","SPE002683-TOP007929-covers","covers",1.0,2889
"SPE002338","SPE002685","SPE002685-delivered","delivered",1.0,2902
"SPE002338","TOP007933","SPE002685-TOP007933-covers","covers",1.0,2891
"SPE002338","TOP007934","SPE002685-TOP007934-covers","covers",1.0,2891
"SPE002338","TOP007935","SPE002685-TOP007935-covers","covers",1.0,2891
"SPE002338","SPE002687","SPE002687-delivered","delivered",1.0,2894
"SPE002338","TOP007942","SPE002687-TOP007942-covers","covers",1.0,2894
"SPE002338","TOP007943","SPE002687-TOP007943-covers","covers",1.0,2894
"SPE002338","TOP007944","SPE002687-TOP007944-covers","covers",1.0,2894
"SPE002338","TOP007945","SPE002314-TOP007945-covers","covers",1.0,2904
"SPE002338","TOP007946","SPE002314-TOP007946-covers","covers",1.0,2895
"SPE002338","TOP007947","SPE002314-TOP007947-covers","covers",1.0,2895
"SPE002338","SPE002688","SPE002688-delivered","delivered",1.0,2896
"SPE002338","TOP007948","SPE002688-TOP007948-covers","covers",1.0,2896
"SPE002338","TOP007949","SPE002688-TOP007949-covers","covers",1.0,2896
"SPE002338","SPE002690","SPE002690-delivered","delivered",1.0,2898
"SPE002338","TOP007953","SPE002690-TOP007953-covers","covers",1.0,2898
"SPE002338","TOP007954","SPE002690-TOP007954-covers","covers",1.0,2898
"SPE002338","SPE002692","SPE002692-delivered","delivered",1.0,2900
"SPE002338","TOP004325","SPE002692-TOP004325-covers","covers",1.0,2900
"SPE002338","TOP007958","SPE002692-TOP007958-covers","covers",1.0,2900
"SPE002338","TOP007959","SPE002692-TOP007959-covers","covers",1.0,2900
"SPE002338","TOP007963","SPE002685-TOP007963-covers","covers",1.0,2902
"SPE002338","TOP007964","SPE002685-TOP007964-covers","covers",1.0,2902
"SPE002338","TOP007965","SPE002685-TOP007965-covers","covers",1.0,2902
"SPE002338","TOP007969","SPE002314-TOP007969-covers","covers",1.0,2904
"SPE002338","TOP007970","SPE002314-TOP007970-covers","covers",1.0,2904
"SPE002338","SPE002697","SPE002697-delivered","delivered",1.0,2907
"SPE002338","TOP007976","SPE002697-TOP007976-covers","covers",1.0,2907
"SPE002338","TOP007977","SPE002697-TOP007977-covers","covers",1.0,2907
"SPE002338","TOP007978","SPE002697-TOP007978-covers","covers",1.0,2907
"SPE002338","TOP007979","SPE002287-TOP007979-covers","covers",1.0,2908
"SPE002338","TOP007980","SPE002287-TOP007980-covers","covers",1.0,2908
"SPE002338","TOP004128","SPE002287-TOP004128-covers","covers",1.0,2908
"SPE002338","SPE002698","SPE002698-delivered","delivered",1.0,2909
"SPE002338","TOP007981","SPE002698-TOP007981-covers","covers",1.0,2909
"SPE002338","TOP007982","SPE002698-TOP007982-covers","covers",1.0,2909
"SPE002338","TOP007983","SPE002698-TOP007983-covers","covers",1.0,2909
"SPE002338","SPE002701","SPE002701-delivered","delivered",1.0,2912
"SPE002338","TOP003781","SPE002701-TOP003781-covers","covers",1.0,2912
"SPE002338","TOP007990","SPE002701-TOP007990-covers","covers",1.0,2912
"SPE002338","TOP007991","SPE002701-TOP007991-covers","covers",1.0,2912
"SPE002338","SPE002702","SPE002702-delivered","delivered",1.0,2913
"SPE002338","TOP000357","SPE002702-TOP000357-covers","covers",1.0,2913
"SPE002338","TOP007992","SPE002702-TOP007992-covers","covers",1.0,2913
"SPE002338","TOP007993","SPE002702-TOP007993-covers","covers",1.0,2913
"SPE002338","SPE002703","SPE002703-delivered","delivered",1.0,2914
"SPE002338","TOP007994","SPE002703-TOP007994-covers","covers",1.0,2914
"SPE002338","TOP007995","SPE002703-TOP007995-covers","covers",1.0,2914
"SPE002338","TOP007996","SPE002703-TOP007996-covers","covers",1.0,2914
"SPE002338","SPE002704","SPE002704-delivered","delivered",1.0,2915
"SPE002338","TOP007997","SPE002704-TOP007997-covers","covers",1.0,2915
"SPE002338","TOP007998","SPE002704-TOP007998-covers","covers",1.0,2915
"SPE002338","TOP007999","SPE002704-TOP007999-covers","covers",1.0,2915
"SPE002338","SPE002705","SPE002705-delivered","delivered",1.0,2916
"SPE002338","TOP008000","SPE002705-TOP008000-covers","covers",1.0,2916
"SPE002338","TOP008001","SPE002705-TOP008001-covers","covers",1.0,2916
"SPE002338","TOP008002","SPE002705-TOP008002-covers","covers",1.0,2916
"SPE002338","SPE002707","SPE002707-delivered","delivered",1.0,2918
"SPE002338","TOP008006","SPE002707-TOP008006-covers","covers",1.0,2918
"SPE002338","TOP008007","SPE002707-TOP008007-covers","covers",1.0,2918
"SPE002338","TOP008008","SPE002707-TOP008008-covers","covers",1.0,2918
"SPE002338","SPE002709","SPE002709-delivered","delivered",1.0,2920
"SPE002338","TOP008012","SPE002709-TOP008012-covers","covers",1.0,2920
"SPE002338","TOP008013","SPE002709-TOP008013-covers","covers",1.0,2920
"SPE002338","TOP008014","SPE002709-TOP008014-covers","covers",1.0,2920
"SPE002338","SPE002712","SPE002712-delivered","delivered",1.0,2923
"SPE002338","TOP008021","SPE002712-TOP008021-covers","covers",1.0,2923
"SPE002338","TOP008022","SPE002712-TOP008022-covers","covers",1.0,2923
"SPE002338","TOP000140","SPE002712-TOP000140-covers","covers",1.0,2923
"SPE002338","SPE002714","SPE002714-delivered","delivered",1.0,2925
"SPE002338","TOP008026","SPE002714-TOP008026-covers","covers",1.0,2925
"SPE002338","TOP008027","SPE002714-TOP008027-covers","covers",1.0,2925
"SPE002338","TOP004379","SPE002714-TOP004379-covers","covers",1.0,2925
"SPE002338","SPE002715","SPE002715-delivered","delivered",1.0,2926
"SPE002338","TOP008028","SPE002715-TOP008028-covers","covers",1.0,2926
"SPE002338","TOP008029","SPE002715-TOP008029-covers","covers",1.0,2926
"SPE002338","TOP008030","SPE002715-TOP008030-covers","covers",1.0,2926
"SPE002338","SPE002716","SPE002716-delivered","delivered",1.0,2927
"SPE002338","TOP008031","SPE002716-TOP008031-covers","covers",1.0,2927
"SPE002338","SPE002717","SPE002717-delivered","delivered",1.0,2928
"SPE002338","TOP008032","SPE002717-TOP008032-covers","covers",1.0,2928
"SPE002338","TOP008033","SPE002717-TOP008033-covers","covers",1.0,2928
"SPE002338","TOP006331","SPE002717-TOP006331-covers","covers",1.0,2928
"SPE002338","SPE002718","SPE002718-delivered","delivered",1.0,2929
"SPE002338","TOP008034","SPE002718-TOP008034-covers","covers",1.0,2929
"SPE002338","TOP008035","SPE002718-TOP008035-covers","covers",1.0,2929
"SPE002338","TOP008036","SPE002718-TOP008036-covers","covers",1.0,2929
"SPE002338","SPE002719","SPE002719-delivered","delivered",1.0,2930
"SPE002338","TOP008037","SPE002719-TOP008037-covers","covers",1.0,2930
"SPE002338","TOP008038","SPE002719-TOP008038-covers","covers",1.0,2930
"SPE002338","TOP008039","SPE002719-TOP008039-covers","covers",1.0,2930
"SPE002338","SPE002720","SPE002720-delivered","delivered",1.0,2931
"SPE002338","TOP008040","SPE002720-TOP008040-covers","covers",1.0,2931
"SPE002338","TOP008041","SPE002720-TOP008041-covers","covers",1.0,2931
"SPE002338","TOP008041","SPE002721-TOP008041-covers","covers",1.0,2932
"SPE002338","TOP008042","SPE002720-TOP008042-covers","covers",1.0,2931
"SPE002338","TOP008042","SPE002721-TOP008042-covers","covers",1.0,2932
"SPE002338","SPE002721","SPE002721-delivered","delivered",1.0,2932
"SPE002338","TOP004068","SPE002721-TOP004068-covers","covers",1.0,2932
"SPE002338","SPE002722","SPE002722-delivered","delivered",1.0,2933
"SPE002338","TOP008043","SPE002722-TOP008043-covers","covers",1.0,2933
"SPE002338","TOP008044","SPE002722-TOP008044-covers","covers",1.0,2933
"SPE002338","TOP008045","SPE002722-TOP008045-covers","covers",1.0,2933
"SPE002338","SPE002699","SPE002699-delivered","delivered",1.0,2935
"SPE002338","TOP008046","SPE002699-TOP008046-covers","covers",1.0,2934
"SPE002338","TOP008047","SPE002699-TOP008047-covers","covers",1.0,2935
"SPE002338","TOP008048","SPE002699-TOP008048-covers","covers",1.0,2934
"SPE002338","TOP008049","SPE002699-TOP008049-covers","covers",1.0,2935
"SPE002338","TOP008050","SPE002699-TOP008050-covers","covers",1.0,2935
"SPE002338","SPE002723","SPE002723-delivered","delivered",1.0,2936
"SPE002338","TOP008051","SPE002723-TOP008051-covers","covers",1.0,2936
"SPE002338","TOP008052","SPE002723-TOP008052-covers","covers",1.0,2936
"SPE002338","TOP008053","SPE002723-TOP008053-covers","covers",1.0,2936
"SPE002338","SPE002724","SPE002724-delivered","delivered",1.0,2937
"SPE002338","TOP008054","SPE002724-TOP008054-covers","covers",1.0,2937
"SPE002338","TOP008055","SPE002724-TOP008055-covers","covers",1.0,2937
"SPE002338","TOP008056","SPE002724-TOP008056-covers","covers",1.0,2937
"SPE002338","SPE002725","SPE002725-delivered","delivered",1.0,2938
"SPE002338","TOP008057","SPE002725-TOP008057-covers","covers",1.0,2938
"SPE002338","TOP008058","SPE002725-TOP008058-covers","covers",1.0,2938
"SPE002338","TOP008059","SPE002725-TOP008059-covers","covers",1.0,2938
"SPE002338","SPE002726","SPE002726-delivered","delivered",1.0,2939
"SPE002338","TOP008060","SPE002726-TOP008060-covers","covers",1.0,2939
"SPE002338","TOP008061","SPE002726-TOP008061-covers","covers",1.0,2939
"SPE002338","TOP008062","SPE002726-TOP008062-covers","covers",1.0,2939
"SPE002338","SPE002727","SPE002727-delivered","delivered",1.0,2940
"SPE002338","TOP008063","SPE002727-TOP008063-covers","covers",1.0,2940
"SPE002338","TOP008064","SPE002727-TOP008064-covers","covers",1.0,2940
"SPE002338","TOP008065","SPE002727-TOP008065-covers","covers",1.0,2940
"SPE002338","SPE002728","SPE002728-delivered","delivered",1.0,2941
"SPE002338","TOP008066","SPE002728-TOP008066-covers","covers",1.0,2941
"SPE002338","TOP008067","SPE002728-TOP008067-covers","covers",1.0,2941
"SPE002338","TOP000880","SPE002728-TOP000880-covers","covers",1.0,2941
"SPE002338","SPE002729","SPE002729-delivered","delivered",1.0,2942
"SPE002338","TOP008068","SPE002729-TOP008068-covers","covers",1.0,2942
"SPE002338","TOP008069","SPE002729-TOP008069-covers","covers",1.0,2942
"SPE002338","TOP008070","SPE002729-TOP008070-covers","covers",1.0,2942
"SPE002338","SPE002730","SPE002730-delivered","delivered",1.0,2943
"SPE002338","TOP008071","SPE002730-TOP008071-covers","covers",1.0,2943
"SPE002338","TOP008072","SPE002730-TOP008072-covers","covers",1.0,2943
"SPE002338","TOP008073","SPE002730-TOP008073-covers","covers",1.0,2943
"SPE002338","SPE002733","SPE002733-delivered","delivered",1.0,2945
"SPE002338","TOP008077","SPE002733-TOP008077-covers","covers",1.0,2945
"SPE002338","TOP008078","SPE002733-TOP008078-covers","covers",1.0,2945
"SPE002338","TOP008079","SPE002733-TOP008079-covers","covers",1.0,2945
"SPE002339","DAT001889","SPE002339-held_on","held_on",1.0,2517
"SPE002340","DAT001890","SPE002340-held_on","held_on",1.0,2518
"SPE002341","DAT001891","SPE002341-held_on","held_on",1.0,2519
"SPE002342","DAT001892","SPE002342-held_on","held_on",1.0,2520
"SPE002343","DAT001893","SPE002343-held_on","held_on",1.0,2521
"SPE002344","DAT001894","SPE002344-held_on","held_on",1.0,2522
"SPE002345","DAT001894","SPE002345-held_on","held_on",1.0,2523
"SPE002346","DAT001895","SPE002346-held_on","held_on",1.0,2524
"SPE002347","DAT001896","SPE002347-held_on","held_on",1.0,2525
"SPE002348","DAT001897","SPE002348-held_on","held_on",1.0,2526
"SPE002349","DAT001898","SPE002349-held_on","held_on",1.0,2527
"SPE002350","DAT001899","SPE002350-held_on","held_on",1.0,2528
"SPE002350","DAT001932","SPE002350-held_on","held_on",1.0,2567
"SPE002350","DAT001940","SPE002350-held_on","held_on",1.0,2576
"SPE002350","DAT001995","SPE002350-held_on","held_on",1.0,2639
"SPE002351","DAT001900","SPE002351-held_on","held_on",1.0,2529
"SPE002352","DAT001900","SPE002352-held_on","held_on",1.0,2530
"SPE002353","DAT001901","SPE002353-held_on","held_on",1.0,2531
"SPE002354","DAT001902","SPE002354-held_on","held_on",1.0,2532
"SPE002355","DAT001903","SPE002355-held_on","held_on",1.0,2533
"SPE002356","DAT001904","SPE002356-held_on","held_on",1.0,2534
"SPE002357","DAT001905","SPE002357-held_on","held_on",1.0,2535
"SPE002358","DAT001906","SPE002358-held_on","held_on",1.0,2536
"SPE002359","DAT001907","SPE002359-held_on","held_on",1.0,2537
"SPE002360","DAT001908","SPE002360-held_on","held_on",1.0,2538
"SPE002361","DAT001909","SPE002361-held_on","held_on",1.0,2539
"SPE002362","DAT001910","SPE002362-held_on","held_on",1.0,2540
"SPE002363","DAT001911","SPE002363-held_on","held_on",1.0,2541
"SPE002364","DAT001911","SPE002364-held_on","held_on",1.0,2542
"SPE002365","DAT001911","SPE002365-held_on","held_on",1.0,2543
"SPE002366","DAT001912","SPE002366-held_on","held_on",1.0,2545
"SPE002367","DAT001913","SPE002367-held_on","held_on",1.0,2546
"SPE002368","DAT001914","SPE002368-held_on","held_on",1.0,2547
"SPE002369","DAT001915","SPE002369-held_on","held_on",1.0,2548
"SPE002370","DAT001916","SPE002370-held_on","held_on",1.0,2549
"SPE002371","DAT001917","SPE002371-held_on","held_on",1.0,2550
"SPE002372","DAT001918","SPE002372-held_on","held_on",1.0,2551
"SPE002373","DAT001919","SPE002373-held_on","held_on",1.0,2552
"SPE002374","DAT001920","SPE002374-held_on","held_on",1.0,2553
"SPE002375","SPE002376","SPE002376-delivered","delivered",1.0,2554
"SPE002375","TOP007030","SPE002376-TOP007030-covers","covers",1.0,2554
"SPE002375","TOP007031","SPE002376-TOP007031-covers","covers",1.0,2554
"SPE002375","TOP007032","SPE002376-TOP007032-covers","covers",1.0,2554
"SPE002375","SPE002378","SPE002378-delivered","delivered",1.0,2556
"SPE002375","TOP007036","SPE002378-TOP007036-covers","covers",1.0,2556
"SPE002375","TOP007037","SPE002378-TOP007037-covers","covers",1.0,2556
"SPE002375","TOP007038","SPE002378-TOP007038-covers","covers",1.0,2556
"SPE002375","SPE002391","SPE002391-delivered","delivered",1.0,2570
"SPE002375","TOP007071","SPE002391-TOP007071-covers","covers",1.0,2570
"SPE002375","TOP007072","SPE002391-TOP007072-covers","covers",1.0,2570
"SPE002375","TOP007073","SPE002391-TOP007073-covers","covers",1.0,2570
"SPE002375","SPE002398","SPE002398-delivered","delivered",1.0,2578
"SPE002375","TOP007095","SPE002398-TOP007095-covers","covers",1.0,2578
"SPE002375","TOP007096","SPE002398-TOP007096-covers","covers",1.0,2578
"SPE002375","TOP007097","SPE002398-TOP007097-covers","covers",1.0,2578
"SPE002375","SPE002401","SPE002401-delivered","delivered",1.0,2581
"SPE002375","TOP007104","SPE002401-TOP007104-covers","covers",1.0,2581
"SPE002375","TOP007105","SPE002401-TOP007105-covers","covers",1.0,2581
"SPE002375","TOP007106","SPE002401-TOP007106-covers","covers",1.0,2581
"SPE002375","SPE002402","SPE002402-delivered","delivered",1.0,2582
"SPE002375","TOP007107","SPE002402-TOP007107-covers","covers",1.0,2582
"SPE002375","TOP007108","SPE002402-TOP007108-covers","covers",1.0,2582
"SPE002375","TOP002459","SPE002402-TOP002459-covers","covers",1.0,2582
"SPE002375","SPE002421","SPE002421-delivered","delivered",1.0,2603
"SPE002375","TOP007162","SPE002421-TOP007162-covers","covers",1.0,2603
"SPE002375","TOP007163","SPE002421-TOP007163-covers","covers",1.0,2603
"SPE002375","TOP007164","SPE002421-TOP007164-covers","covers",1.0,2603
"SPE002375","SPE002427","SPE002427-delivered","delivered",1.0,2610
"SPE002375","TOP007183","SPE002427-TOP007183-covers","covers",1.0,2610
"SPE002375","TOP007184","SPE002427-TOP007184-covers","covers",1.0,2610
"SPE002375","TOP007185","SPE002427-TOP007185-covers","covers",1.0,2610
"SPE002375","SPE002435","SPE002435-delivered","delivered",1.0,2617
"SPE002375","TOP007202","SPE002435-TOP007202-covers","covers",1.0,2617
"SPE002375","TOP007203","SPE002435-TOP007203-covers","covers",1.0,2617
"SPE002375","TOP007204","SPE002435-TOP007204-covers","covers",1.0,2617
"SPE002375","SPE002439","SPE002439-delivered","delivered",1.0,2622
"SPE002375","TOP007215","SPE002439-TOP007215-covers","covers",1.0,2622
"SPE002375","TOP007216","SPE002439-TOP007216-covers","covers",1.0,2622
"SPE002375","TOP007217","SPE002439-TOP007217-covers","covers",1.0,2622
"SPE002375","SPE002444","SPE002444-delivered","delivered",1.0,2627
"SPE002375","TOP007230","SPE002444-TOP007230-covers","covers",1.0,2627
"SPE002375","TOP004177","SPE002444-TOP004177-covers","covers",1.0,2627
"SPE002375","TOP007231","SPE002444-TOP007231-covers","covers",1.0,2627
"SPE002375","SPE002468","SPE002468-delivered","delivered",1.0,2654
"SPE002375","TOP007298","SPE002468-TOP007298-covers","covers",1.0,2654
"SPE002375","TOP007299","SPE002468-TOP007299-covers","covers",1.0,2654
"SPE002375","TOP007300","SPE002468-TOP007300-covers","covers",1.0,2654
"SPE002375","SPE002471","SPE002471-delivered","delivered",1.0,2658
"SPE002375","TOP007310","SPE002471-TOP007310-covers","covers",1.0,2658
"SPE002375","TOP007311","SPE002471-TOP007311-covers","covers",1.0,2658
"SPE002375","TOP007311","SPE002475-TOP007311-covers","covers",1.0,2663
"SPE002375","TOP007312","SPE002471-TOP007312-covers","covers",1.0,2658
"SPE002375","SPE002475","SPE002475-delivered","delivered",1.0,2663
"SPE002375","TOP007324","SPE002475-TOP007324-covers","covers",1.0,2663
"SPE002375","TOP007325","SPE002475-TOP007325-covers","covers",1.0,2663
"SPE002375","SPE002509","SPE002509-delivered","delivered",1.0,2701
"SPE002375","TOP007427","SPE002509-TOP007427-covers","covers",1.0,2701
"SPE002375","TOP007428","SPE002509-TOP007428-covers","covers",1.0,2701
"SPE002375","TOP007429","SPE002509-TOP007429-covers","covers",1.0,2701
"SPE002375","SPE002511","SPE002511-delivered","delivered",1.0,2704
"SPE002375","TOP007436","SPE002511-TOP007436-covers","covers",1.0,2704
"SPE002375","TOP007437","SPE002511-TOP007437-covers","covers",1.0,2704
"SPE002375","TOP007438","SPE002511-TOP007438-covers","covers",1.0,2704
"SPE002375","SPE002521","SPE002521-delivered","delivered",1.0,2715
"SPE002375","TOP007463","SPE002521-TOP007463-covers","covers",1.0,2715
"SPE002375","TOP007464","SPE002521-TOP007464-covers","covers",1.0,2715
"SPE002375","TOP007465","SPE002521-TOP007465-covers","covers",1.0,2715
"SPE002375","SPE002527","SPE002527-delivered","delivered",1.0,2722
"SPE002375","TOP007482","SPE002527-TOP007482-covers","covers",1.0,2722
"SPE002375","TOP007483","SPE002527-TOP007483-covers","covers",1.0,2722
"SPE002375","TOP007484","SPE002527-TOP007484-covers","covers",1.0,2722
"SPE002375","SPE002532","SPE002532-delivered","delivered",1.0,2727
"SPE002375","TOP007496","SPE002532-TOP007496-covers","covers",1.0,2727
"SPE002375","TOP007497","SPE002532-TOP007497-covers","covers",1.0,2727
"SPE002375","TOP007498","SPE002532-TOP007498-covers","covers",1.0,2727
"SPE002375","SPE002533","SPE002533-delivered","delivered",1.0,2728
"SPE002375","TOP007499","SPE002533-TOP007499-covers","covers",1.0,2728
"SPE002375","TOP007500","SPE002533-TOP007500-covers","covers",1.0,2728
"SPE002375","TOP007500","SPE002565-TOP007500-covers","covers",1.0,2765
"SPE002375","TOP007501","SPE002533-TOP007501-covers","covers",1.0,2728
"SPE002375","SPE002537","SPE002537-delivered","delivered",1.0,2733
"SPE002375","TOP007514","SPE002537-TOP007514-covers","covers",1.0,2733
"SPE002375","TOP007515","SPE002537-TOP007515-covers","covers",1.0,2733
"SPE002375","TOP007516","SPE002537-TOP007516-covers","covers",1.0,2733
"SPE002375","SPE002539","SPE002539-delivered","delivered",1.0,2735
"SPE002375","TOP007519","SPE002539-TOP007519-covers","covers",1.0,2735
"SPE002375","TOP007520","SPE002539-TOP007520-covers","covers",1.0,2735
"SPE002375","TOP007521","SPE002539-TOP007521-covers","covers",1.0,2735
"SPE002375","SPE002541","SPE002541-delivered","delivered",1.0,2737
"SPE002375","TOP007525","SPE002541-TOP007525-covers","covers",1.0,2737
"SPE002375","TOP007526","SPE002541-TOP007526-covers","covers",1.0,2737
"SPE002375","TOP007527","SPE002541-TOP007527-covers","covers",1.0,2737
"SPE002375","SPE002544","SPE002544-delivered","delivered",1.0,2741
"SPE002375","TOP007537","SPE002544-TOP007537-covers","covers",1.0,2741
"SPE002375","TOP007538","SPE002544-TOP007538-covers","covers",1.0,2741
"SPE002375","TOP007539","SPE002544-TOP007539-covers","covers",1.0,2741
"SPE002375","SPE002559","SPE002559-delivered","delivered",1.0,2759
"SPE002375","TOP007587","SPE002559-TOP007587-covers","covers",1.0,2759
"SPE002375","TOP007588","SPE002559-TOP007588-covers","covers",1.0,2759
"SPE002375","TOP000781","SPE002559-TOP000781-covers","covers",1.0,2759
"SPE002375","SPE002565","SPE002565-delivered","delivered",1.0,2765
"SPE002375","TOP007603","SPE002565-TOP007603-covers","covers",1.0,2765
"SPE002375","TOP007604","SPE002565-TOP007604-covers","covers",1.0,2765
"SPE002375","SPE002569","SPE002569-delivered","delivered",1.0,2770
"SPE002375","TOP007614","SPE002569-TOP007614-covers","covers",1.0,2770
"SPE002375","TOP007615","SPE002569-TOP007615-covers","covers",1.0,2770
"SPE002375","TOP007616","SPE002569-TOP007616-covers","covers",1.0,2770
"SPE002375","SPE002580","SPE002580-delivered","delivered",1.0,2781
"SPE002375","TOP007646","SPE002580-TOP007646-covers","covers",1.0,2781
"SPE002375","TOP007647","SPE002580-TOP007647-covers","covers",1.0,2781
"SPE002375","TOP007648","SPE002580-TOP007648-covers","covers",1.0,2781
"SPE002375","SPE002582","SPE002582-delivered","delivered",1.0,2783
"SPE002375","TOP007651","SPE002582-TOP007651-covers","covers",1.0,2783
"SPE002375","TOP007652","SPE002582-TOP007652-covers","covers",1.0,2783
"SPE002375","TOP007653","SPE002582-TOP007653-covers","covers",1.0,2783
"SPE002375","SPE002591","SPE002591-delivered","delivered",1.0,2792
"SPE002375","TOP007675","SPE002591-TOP007675-covers","covers",1.0,2792
"SPE002375","TOP007676","SPE002591-TOP007676-covers","covers",1.0,2792
"SPE002375","TOP007677","SPE002591-TOP007677-covers","covers",1.0,2792
"SPE002375","SPE002600","SPE002600-delivered","delivered",1.0,2802
"SPE002375","TOP006600","SPE002600-TOP006600-covers","covers",1.0,2802
"SPE002375","TOP007702","SPE002600-TOP007702-covers","covers",1.0,2802
"SPE002375","TOP007703","SPE002600-TOP007703-covers","covers",1.0,2802
"SPE002375","SPE002608","SPE002608-delivered","delivered",1.0,2810
"SPE002375","TOP007724","SPE002608-TOP007724-covers","covers",1.0,2810
"SPE002375","TOP007725","SPE002608-TOP007725-covers","covers",1.0,2810
"SPE002375","TOP004325","SPE002608-TOP004325-covers","covers",1.0,2810
"SPE002375","SPE002611","SPE002611-delivered","delivered",1.0,2813
"SPE002375","TOP007732","SPE002611-TOP007732-covers","covers",1.0,2813
"SPE002375","TOP007733","SPE002611-TOP007733-covers","covers",1.0,2813
"SPE002375","TOP007734","SPE002611-TOP007734-covers","covers",1.0,2813
"SPE002375","SPE002624","SPE002624-delivered","delivered",1.0,2826
"SPE002375","TOP007765","SPE002624-TOP007765-covers","covers",1.0,2826
"SPE002375","TOP000076","SPE002624-TOP000076-covers","covers",1.0,2826
"SPE002375","TOP007766","SPE002624-TOP007766-covers","covers",1.0,2826
"SPE002375","SPE002630","SPE002630-delivered","delivered",1.0,2832
"SPE002375","TOP007780","SPE002630-TOP007780-covers","covers",1.0,2832
"SPE002375","TOP007781","SPE002630-TOP007781-covers","covers",1.0,2832
"SPE002375","TOP007782","SPE002630-TOP007782-covers","covers",1.0,2832
"SPE002375","SPE002636","SPE002636-delivered","delivered",1.0,2838
"SPE002375","TOP007797","SPE002636-TOP007797-covers","covers",1.0,2838
"SPE002375","TOP007798","SPE002636-TOP007798-covers","covers",1.0,2838
"SPE002375","TOP007799","SPE002636-TOP007799-covers","covers",1.0,2838
"SPE002375","SPE002645","SPE002645-delivered","delivered",1.0,2848
"SPE002375","TOP007823","SPE002645-TOP007823-covers","covers",1.0,2848
"SPE002375","TOP007824","SPE002645-TOP007824-covers","covers",1.0,2848
"SPE002375","TOP007825","SPE002645-TOP007825-covers","covers",1.0,2848
"SPE002375","SPE002654","SPE002654-delivered","delivered",1.0,2857
"SPE002375","TOP007849","SPE002654-TOP007849-covers","covers",1.0,2857
"SPE002375","TOP007850","SPE002654-TOP007850-covers","covers",1.0,2857
"SPE002375","TOP007851","SPE002654-TOP007851-covers","covers",1.0,2857
"SPE002375","SPE002670","SPE002670-delivered","delivered",1.0,2874
"SPE002375","TOP004906","SPE002670-TOP004906-covers","covers",1.0,2874
"SPE002375","TOP004906","SPE002696-TOP004906-covers","covers",1.0,2906
"SPE002375","TOP007893","SPE002670-TOP007893-covers","covers",1.0,2874
"SPE002375","TOP002914","SPE002670-TOP002914-covers","covers",1.0,2874
"SPE002375","SPE002675","SPE002675-delivered","delivered",1.0,2879
"SPE002375","TOP007905","SPE002675-TOP007905-covers","covers",1.0,2879
"SPE002375","TOP003446","SPE002675-TOP003446-covers","covers",1.0,2879
"SPE002375","TOP007906","SPE002675-TOP007906-covers","covers",1.0,2879
"SPE002375","SPE002678","SPE002678-delivered","delivered",1.0,2882
"SPE002375","TOP007911","SPE002678-TOP007911-covers","covers",1.0,2882
"SPE002375","TOP007912","SPE002678-TOP007912-covers","covers",1.0,2882
"SPE002375","TOP007913","SPE002678-TOP007913-covers","covers",1.0,2882
"SPE002375","SPE002693","SPE002693-delivered","delivered",1.0,2901
"SPE002375","TOP007960","SPE002693-TOP007960-covers","covers",1.0,2901
"SPE002375","TOP007961","SPE002693-TOP007961-covers","covers",1.0,2901
"SPE002375","TOP007962","SPE002693-TOP007962-covers","covers",1.0,2901
"SPE002375","SPE002696","SPE002696-delivered","delivered",1.0,2906
"SPE002375","TOP007974","SPE002696-TOP007974-covers","covers",1.0,2906
"SPE002375","TOP007975","SPE002696-TOP007975-covers","covers",1.0,2906
"SPE002376","DAT001921","SPE002376-held_on","held_on",1.0,2554
"SPE002377","DAT001922","SPE002377-held_on","held_on",1.0,2555
"SPE002378","DAT001923","SPE002378-held_on","held_on",1.0,2556
"SPE002379","DAT001924","SPE002379-held_on","held_on",1.0,2557
"SPE002380","DAT001925","SPE002380-held_on","held_on",1.0,2558
"SPE002381","DAT001926","SPE002381-held_on","held_on",1.0,2559
"SPE002382","DAT001927","SPE002382-held_on","held_on",1.0,2560
"SPE002383","DAT001928","SPE002383-held_on","held_on",1.0,2561
"SPE002384","DAT001929","SPE002384-held_on","held_on",1.0,2562
"SPE002385","DAT001929","SPE002385-held_on","held_on",1.0,2563
"SPE002386","DAT001930","SPE002386-held_on","held_on",1.0,2564
"SPE002387","DAT001931","SPE002387-held_on","held_on",1.0,2565
"SPE002388","DAT001931","SPE002388-held_on","held_on",1.0,2566
"SPE002389","DAT001933","SPE002389-held_on","held_on",1.0,2568
"SPE002390","DAT001934","SPE002390-held_on","held_on",1.0,2569
"SPE002391","DAT001935","SPE002391-held_on","held_on",1.0,2570
"SPE002392","DAT001936","SPE002392-held_on","held_on",1.0,2571
"SPE002393","DAT001937","SPE002393-held_on","held_on",1.0,2572
"SPE002394","DAT001938","SPE002394-held_on","held_on",1.0,2573
"SPE002395","DAT001938","SPE002395-held_on","held_on",1.0,2574
"SPE002396","DAT001939","SPE002396-held_on","held_on",1.0,2575
"SPE002397","DAT001941","SPE002397-held_on","held_on",1.0,2577
"SPE002398","DAT001942","SPE002398-held_on","held_on",1.0,2578
"SPE002399","DAT001943","SPE002399-held_on","held_on",1.0,2579
"SPE002400","DAT001943","SPE002400-held_on","held_on",1.0,2580
"SPE002401","DAT001944","SPE002401-held_on","held_on",1.0,2581
"SPE002402","DAT001945","SPE002402-held_on","held_on",1.0,2582
"SPE002403","DAT001947","SPE002403-held_on","held_on",1.0,2584
"SPE002404","DAT001948","SPE002404-held_on","held_on",1.0,2585
"SPE002405","DAT001949","SPE002405-held_on","held_on",1.0,2586
"SPE002405","DAT001950","SPE002405-held_on","held_on",1.0,2587
"SPE002406","DAT001951","SPE002406-held_on","held_on",1.0,2588
"SPE002407","DAT001952","SPE002407-held_on","held_on",1.0,2589
"SPE002408","DAT001952","SPE002408-held_on","held_on",1.0,2590
"SPE002408","DAT001966","SPE002408-held_on","held_on",1.0,2605
"SPE002408","DAT001991","SPE002408-held_on","held_on",1.0,2635
"SPE002408","DAT002016","SPE002408-held_on","held_on",1.0,2664
"SPE002408","DAT002031","SPE002408-held_on","held_on",1.0,2683
"SPE002409","DAT001953","SPE002409-held_on","held_on",1.0,2591
"SPE002410","DAT001954","SPE002410-held_on","held_on",1.0,2592
"SPE002411","DAT001955","SPE002411-held_on","held_on",1.0,2593
"SPE002412","DAT001956","SPE002412-held_on","held_on",1.0,2594
"SPE002413","DAT001957","SPE002413-held_on","held_on",1.0,2595
"SPE002414","DAT001958","SPE002414-held_on","held_on",1.0,2596
"SPE002415","DAT001958","SPE002415-held_on","held_on",1.0,2597
"SPE002416","DAT001959","SPE002416-held_on","held_on",1.0,2598
"SPE002417","DAT001960","SPE002417-held_on","held_on",1.0,2599
"SPE002418","DAT001961","SPE002418-held_on","held_on",1.0,2600
"SPE002419","DAT001962","SPE002419-held_on","held_on",1.0,2601
"SPE002420","DAT001963","SPE002420-held_on","held_on",1.0,2602
"SPE002421","DAT001964","SPE002421-held_on","held_on",1.0,2603
"SPE002422","DAT001965","SPE002422-held_on","held_on",1.0,2604
"SPE002423","DAT001967","SPE002423-held_on","held_on",1.0,2606
"SPE002424","DAT001968","SPE002424-held_on","held_on",1.0,2607
"SPE002425","DAT001969","SPE002425-held_on","held_on",1.0,2608
"SPE002426","DAT001970","SPE002426-held_on","held_on",1.0,2609
"SPE002427","DAT001971","SPE002427-held_on","held_on",1.0,2610
"SPE002428","DAT001972","SPE002428-held_on","held_on",1.0,2611
"SPE002429","DAT001972","SPE002429-held_on","held_on",1.0,2612
"SPE002430","DAT001973","SPE002430-held_on","held_on",1.0,2613
"SPE002431","SPE002432","SPE002432-delivered","delivered",1.0,2614
"SPE002431","TOP007194","SPE002432-TOP007194-covers","covers",1.0,2614
"SPE002431","TOP007195","SPE002432-TOP007195-covers","covers",1.0,2614
"SPE002431","TOP007196","SPE002432-TOP007196-covers","covers",1.0,2614
"SPE002431","SPE002437","SPE002437-delivered","delivered",1.0,2619
"SPE002431","TOP007208","SPE002437-TOP007208-covers","covers",1.0,2619
"SPE002431","TOP007209","SPE002437-TOP007209-covers","covers",1.0,2619
"SPE002431","TOP007210","SPE002437-TOP007210-covers","covers",1.0,2619
"SPE002431","SPE002448","SPE002448-delivered","delivered",1.0,2631
"SPE002431","TOP007241","SPE002448-TOP007241-covers","covers",1.0,2631
"SPE002431","TOP000037","SPE002448-TOP000037-covers","covers",1.0,2631
"SPE002431","TOP007242","SPE002448-TOP007242-covers","covers",1.0,2631
"SPE002431","SPE002464","SPE002464-delivered","delivered",1.0,2650
"SPE002431","TOP007286","SPE002464-TOP007286-covers","covers",1.0,2650
"SPE002431","TOP007287","SPE002464-TOP007287-covers","covers",1.0,2650
"SPE002431","TOP007288","SPE002464-TOP007288-covers","covers",1.0,2650
"SPE002431","SPE002458","SPE002458-delivered","delivered",1.0,2656
"SPE002431","TOP007304","SPE002458-TOP007304-covers","covers",1.0,2656
"SPE002431","TOP007305","SPE002458-TOP007305-covers","covers",1.0,2656
"SPE002431","TOP007306","SPE002458-TOP007306-covers","covers",1.0,2656
"SPE002431","SPE002476","SPE002476-delivered","delivered",1.0,2665
"SPE002431","TOP007329","SPE002476-TOP007329-covers","covers",1.0,2665
"SPE002431","TOP007330","SPE002476-TOP007330-covers","covers",1.0,2665
"SPE002431","TOP007331","SPE002476-TOP007331-covers","covers",1.0,2665
"SPE002431","SPE002486","SPE002486-delivered","delivered",1.0,2674
"SPE002431","TOP007355","SPE002486-TOP007355-covers","covers",1.0,2674
"SPE002431","TOP007356","SPE002486-TOP007356-covers","covers",1.0,2674
"SPE002431","TOP007357","SPE002486-TOP007357-covers","covers",1.0,2674
"SPE002431","SPE002494","SPE002494-delivered","delivered",1.0,2684
"SPE002431","TOP007383","SPE002494-TOP007383-covers","covers",1.0,2684
"SPE002431","TOP007384","SPE002494-TOP007384-covers","covers",1.0,2684
"SPE002431","TOP007385","SPE002494-TOP007385-covers","covers",1.0,2684
"SPE002431","SPE002498","SPE002498-delivered","delivered",1.0,2689
"SPE002431","TOP007394","SPE002498-TOP007394-covers","covers",1.0,2689
"SPE002431","TOP007395","SPE002498-TOP007395-covers","covers",1.0,2689
"SPE002431","TOP007396","SPE002498-TOP007396-covers","covers",1.0,2689
"SPE002431","SPE002502","SPE002502-delivered","delivered",1.0,2872
"SPE002431","TOP007407","SPE002502-TOP007407-covers","covers",1.0,2694
"SPE002431","TOP007408","SPE002502-TOP007408-covers","covers",1.0,2694
"SPE002431","TOP007409","SPE002502-TOP007409-covers","covers",1.0,2694
"SPE002431","SPE001071","SPE001071-delivered","delivered",1.0,2702
"SPE002431","TOP007430","SPE001071-TOP007430-covers","covers",1.0,2702
"SPE002431","TOP007431","SPE001071-TOP007431-covers","covers",1.0,2702
"SPE002431","TOP007432","SPE001071-TOP007432-covers","covers",1.0,2702
"SPE002431","SPE002510","SPE002510-delivered","delivered",1.0,2703
"SPE002431","TOP007433","SPE002510-TOP007433-covers","covers",1.0,2703
"SPE002431","TOP007434","SPE002510-TOP007434-covers","covers",1.0,2703
"SPE002431","TOP007435","SPE002510-TOP007435-covers","covers",1.0,2703
"SPE002431","SPE002513","SPE002513-delivered","delivered",1.0,2707
"SPE002431","TOP007444","SPE002513-TOP007444-covers","covers",1.0,2707
"SPE002431","TOP007445","SPE002513-TOP007445-covers","covers",1.0,2707
"SPE002431","TOP007446","SPE002513-TOP007446-covers","covers",1.0,2707
"SPE002431","SPE002514","SPE002514-delivered","delivered",1.0,2708
"SPE002431","TOP007447","SPE002514-TOP007447-covers","covers",1.0,2708
"SPE002431","TOP007448","SPE002514-TOP007448-covers","covers",1.0,2708
"SPE002431","TOP007449","SPE002514-TOP007449-covers","covers",1.0,2708
"SPE002431","SPE002515","SPE002515-delivered","delivered",1.0,2709
"SPE002431","TOP007450","SPE002515-TOP007450-covers","covers",1.0,2709
"SPE002431","TOP007451","SPE002515-TOP007451-covers","covers",1.0,2709
"SPE002431","TOP007452","SPE002515-TOP007452-covers","covers",1.0,2709
"SPE002431","SPE002523","SPE002523-delivered","delivered",1.0,2717
"SPE002431","TOP007469","SPE002523-TOP007469-covers","covers",1.0,2717
"SPE002431","TOP007470","SPE002523-TOP007470-covers","covers",1.0,2717
"SPE002431","TOP007471","SPE002523-TOP007471-covers","covers",1.0,2717
"SPE002431","SPE002534","SPE002534-delivered","delivered",1.0,2730
"SPE002431","TOP007505","SPE002534-TOP007505-covers","covers",1.0,2730
"SPE002431","TOP007506","SPE002534-TOP007506-covers","covers",1.0,2730
"SPE002431","TOP007507","SPE002534-TOP007507-covers","covers",1.0,2730
"SPE002431","SPE002548","SPE002548-delivered","delivered",1.0,2746
"SPE002431","TOP007551","SPE002548-TOP007551-covers","covers",1.0,2746
"SPE002431","TOP007552","SPE002548-TOP007552-covers","covers",1.0,2746
"SPE002431","TOP007553","SPE002548-TOP007553-covers","covers",1.0,2746
"SPE002431","SPE002551","SPE002551-delivered","delivered",1.0,2749
"SPE002431","TOP007560","SPE002551-TOP007560-covers","covers",1.0,2749
"SPE002431","TOP007561","SPE002551-TOP007561-covers","covers",1.0,2749
"SPE002431","TOP007562","SPE002551-TOP007562-covers","covers",1.0,2749
"SPE002431","SPE002561","SPE002561-delivered","delivered",1.0,2761
"SPE002431","TOP007592","SPE002561-TOP007592-covers","covers",1.0,2761
"SPE002431","TOP007593","SPE002561-TOP007593-covers","covers",1.0,2761
"SPE002431","TOP001130","SPE002561-TOP001130-covers","covers",1.0,2761
"SPE002431","SPE002563","SPE002563-delivered","delivered",1.0,2763
"SPE002431","TOP007597","SPE002563-TOP007597-covers","covers",1.0,2763
"SPE002431","TOP007598","SPE002563-TOP007598-covers","covers",1.0,2763
"SPE002431","TOP007599","SPE002563-TOP007599-covers","covers",1.0,2763
"SPE002431","SPE002567","SPE002567-delivered","delivered",1.0,2767
"SPE002431","TOP007608","SPE002567-TOP007608-covers","covers",1.0,2767
"SPE002431","TOP007609","SPE002567-TOP007609-covers","covers",1.0,2767
"SPE002431","TOP001228","SPE002567-TOP001228-covers","covers",1.0,2767
"SPE002431","SPE002570","SPE002570-delivered","delivered",1.0,2771
"SPE002431","TOP007617","SPE002570-TOP007617-covers","covers",1.0,2771
"SPE002431","TOP007618","SPE002570-TOP007618-covers","covers",1.0,2771
"SPE002431","TOP007619","SPE002570-TOP007619-covers","covers",1.0,2771
"SPE002431","SPE002572","SPE002572-delivered","delivered",1.0,2773
"SPE002431","TOP007622","SPE002572-TOP007622-covers","covers",1.0,2773
"SPE002431","TOP007623","SPE002572-TOP007623-covers","covers",1.0,2773
"SPE002431","TOP007624","SPE002572-TOP007624-covers","covers",1.0,2773
"SPE002431","SPE002573","SPE002573-delivered","delivered",1.0,2774
"SPE002431","TOP007625","SPE002573-TOP007625-covers","covers",1.0,2774
"SPE002431","TOP007626","SPE002573-TOP007626-covers","covers",1.0,2774
"SPE002431","TOP007626","SPE002672-TOP007626-covers","covers",1.0,2876
"SPE002431","TOP007627","SPE002573-TOP007627-covers","covers",1.0,2774
"SPE002431","SPE002577","SPE002577-delivered","delivered",1.0,2778
"SPE002431","TOP007637","SPE002577-TOP007637-covers","covers",1.0,2778
"SPE002431","TOP007638","SPE002577-TOP007638-covers","covers",1.0,2778
"SPE002431","TOP007639","SPE002577-TOP007639-covers","covers",1.0,2778
"SPE002431","SPE002578","SPE002578-delivered","delivered",1.0,2779
"SPE002431","TOP007640","SPE002578-TOP007640-covers","covers",1.0,2779
"SPE002431","TOP007641","SPE002578-TOP007641-covers","covers",1.0,2779
"SPE002431","TOP007642","SPE002578-TOP007642-covers","covers",1.0,2779
"SPE002431","SPE002581","SPE002581-delivered","delivered",1.0,2782
"SPE002431","TOP007635","SPE002581-TOP007635-covers","covers",1.0,2782
"SPE002431","TOP007649","SPE002581-TOP007649-covers","covers",1.0,2782
"SPE002431","TOP007650","SPE002581-TOP007650-covers","covers",1.0,2782
"SPE002431","SPE002586","SPE002586-delivered","delivered",1.0,2787
"SPE002431","TOP007661","SPE002586-TOP007661-covers","covers",1.0,2787
"SPE002431","TOP007662","SPE002586-TOP007662-covers","covers",1.0,2787
"SPE002431","TOP007663","SPE002586-TOP007663-covers","covers",1.0,2787
"SPE002431","SPE002590","SPE002590-delivered","delivered",1.0,2791
"SPE002431","TOP007673","SPE002590-TOP007673-covers","covers",1.0,2791
"SPE002431","TOP007674","SPE002590-TOP007674-covers","covers",1.0,2791
"SPE002431","TOP004025","SPE002590-TOP004025-covers","covers",1.0,2791
"SPE002431","SPE002597","SPE002597-delivered","delivered",1.0,2799
"SPE002431","TOP007693","SPE002597-TOP007693-covers","covers",1.0,2799
"SPE002431","TOP007694","SPE002597-TOP007694-covers","covers",1.0,2799
"SPE002431","TOP007695","SPE002597-TOP007695-covers","covers",1.0,2799
"SPE002431","SPE002602","SPE002602-delivered","delivered",1.0,2804
"SPE002431","TOP007707","SPE002602-TOP007707-covers","covers",1.0,2804
"SPE002431","TOP007708","SPE002602-TOP007708-covers","covers",1.0,2804
"SPE002431","TOP007709","SPE002602-TOP007709-covers","covers",1.0,2804
"SPE002431","SPE002603","SPE002603-delivered","delivered",1.0,2805
"SPE002431","TOP007710","SPE002603-TOP007710-covers","covers",1.0,2805
"SPE002431","TOP007711","SPE002603-TOP007711-covers","covers",1.0,2805
"SPE002431","TOP007712","SPE002603-TOP007712-covers","covers",1.0,2805
"SPE002431","SPE002610","SPE002610-delivered","delivered",1.0,2812
"SPE002431","TOP007729","SPE002610-TOP007729-covers","covers",1.0,2812
"SPE002431","TOP007730","SPE002610-TOP007730-covers","covers",1.0,2812
"SPE002431","TOP007731","SPE002610-TOP007731-covers","covers",1.0,2812
"SPE002431","SPE002612","SPE002612-delivered","delivered",1.0,2814
"SPE002431","TOP001299","SPE002612-TOP001299-covers","covers",1.0,2814
"SPE002431","TOP007735","SPE002612-TOP007735-covers","covers",1.0,2814
"SPE002431","TOP007736","SPE002612-TOP007736-covers","covers",1.0,2814
"SPE002431","SPE002626","SPE002626-delivered","delivered",1.0,2828
"SPE002431","TOP007770","SPE002626-TOP007770-covers","covers",1.0,2828
"SPE002431","TOP007771","SPE002626-TOP007771-covers","covers",1.0,2828
"SPE002431","TOP007772","SPE002626-TOP007772-covers","covers",1.0,2828
"SPE002431","SPE002627","SPE002627-delivered","delivered",1.0,2829
"SPE002431","TOP007773","SPE002627-TOP007773-covers","covers",1.0,2829
"SPE002431","TOP007774","SPE002627-TOP007774-covers","covers",1.0,2829
"SPE002431","TOP007775","SPE002627-TOP007775-covers","covers",1.0,2829
"SPE002431","SPE002628","SPE002628-delivered","delivered",1.0,2830
"SPE002431","TOP007776","SPE002628-TOP007776-covers","covers",1.0,2830
"SPE002431","TOP005839","SPE002628-TOP005839-covers","covers",1.0,2830
"SPE002431","TOP007777","SPE002628-TOP007777-covers","covers",1.0,2830
"SPE002431","SPE002633","SPE002633-delivered","delivered",1.0,2835
"SPE002431","TOP007788","SPE002633-TOP007788-covers","covers",1.0,2835
"SPE002431","TOP007789","SPE002633-TOP007789-covers","covers",1.0,2835
"SPE002431","TOP007790","SPE002633-TOP007790-covers","covers",1.0,2835
"SPE002431","SPE002638","SPE002638-delivered","delivered",1.0,2841
"SPE002431","TOP007803","SPE002638-TOP007803-covers","covers",1.0,2841
"SPE002431","TOP007806","SPE002638-TOP007806-covers","covers",1.0,2841
"SPE002431","TOP007807","SPE002638-TOP007807-covers","covers",1.0,2841
"SPE002431","SPE002642","SPE002642-delivered","delivered",1.0,2845
"SPE002431","TOP007817","SPE002642-TOP007817-covers","covers",1.0,2845
"SPE002431","TOP004630","SPE002642-TOP004630-covers","covers",1.0,2845
"SPE002431","TOP007818","SPE002642-TOP007818-covers","covers",1.0,2845
"SPE002431","SPE002652","SPE002652-delivered","delivered",1.0,2855
"SPE002431","TOP007844","SPE002652-TOP007844-covers","covers",1.0,2855
"SPE002431","TOP007845","SPE002652-TOP007845-covers","covers",1.0,2855
"SPE002431","TOP007846","SPE002652-TOP007846-covers","covers",1.0,2855
"SPE002431","SPE002662","SPE002662-delivered","delivered",1.0,2865
"SPE002431","TOP007871","SPE002662-TOP007871-covers","covers",1.0,2865
"SPE002431","TOP007872","SPE002662-TOP007872-covers","covers",1.0,2865
"SPE002431","TOP007873","SPE002662-TOP007873-covers","covers",1.0,2865
"SPE002431","SPE002663","SPE002663-delivered","delivered",1.0,2866
"SPE002431","TOP007874","SPE002663-TOP007874-covers","covers",1.0,2866
"SPE002431","TOP007875","SPE002663-TOP007875-covers","covers",1.0,2866
"SPE002431","TOP007876","SPE002663-TOP007876-covers","covers",1.0,2866
"SPE002431","TOP007888","SPE002502-TOP007888-covers","covers",1.0,2872
"SPE002431","TOP007889","SPE002502-TOP007889-covers","covers",1.0,2872
"SPE002431","TOP007890","SPE002502-TOP007890-covers","covers",1.0,2872
"SPE002431","SPE002669","SPE002669-delivered","delivered",1.0,2873
"SPE002431","TOP007891","SPE002669-TOP007891-covers","covers",1.0,2873
"SPE002431","TOP007892","SPE002669-TOP007892-covers","covers",1.0,2873
"SPE002431","TOP005570","SPE002669-TOP005570-covers","covers",1.0,2873
"SPE002431","SPE002672","SPE002672-delivered","delivered",1.0,2876
"SPE002431","TOP007897","SPE002672-TOP007897-covers","covers",1.0,2876
"SPE002431","TOP007898","SPE002672-TOP007898-covers","covers",1.0,2876
"SPE002431","SPE002684","SPE002684-delivered","delivered",1.0,2890
"SPE002431","TOP007930","SPE002684-TOP007930-covers","covers",1.0,2890
"SPE002431","TOP007931","SPE002684-TOP007931-covers","covers",1.0,2890
"SPE002431","TOP007932","SPE002684-TOP007932-covers","covers",1.0,2890
"SPE002431","SPE002691","SPE002691-delivered","delivered",1.0,2899
"SPE002431","TOP007955","SPE002691-TOP007955-covers","covers",1.0,2899
"SPE002431","TOP007956","SPE002691-TOP007956-covers","covers",1.0,2899
"SPE002431","TOP007957","SPE002691-TOP007957-covers","covers",1.0,2899
"SPE002431","SPE002700","SPE002700-delivered","delivered",1.0,2911
"SPE002431","TOP007987","SPE002700-TOP007987-covers","covers",1.0,2911
"SPE002431","TOP007988","SPE002700-TOP007988-covers","covers",1.0,2911
"SPE002431","TOP007989","SPE002700-TOP007989-covers","covers",1.0,2911
"SPE002432","DAT001974","SPE002432-held_on","held_on",1.0,2614
"SPE002433","DAT001975","SPE002433-held_on","held_on",1.0,2615
"SPE002434","DAT001976","SPE002434-held_on","held_on",1.0,2616
"SPE002435","DAT001977","SPE002435-held_on","held_on",1.0,2617
"SPE002436","DAT001977","SPE002436-held_on","held_on",1.0,2618
"SPE002437","DAT001978","SPE002437-held_on","held_on",1.0,2619
"SPE002438","DAT001978","SPE002438-held_on","held_on",1.0,2620
"SPE002439","DAT001979","SPE002439-held_on","held_on",1.0,2622
"SPE002440","DAT001980","SPE002440-held_on","held_on",1.0,2623
"SPE002441","DAT001981","SPE002441-held_on","held_on",1.0,2624
"SPE002442","DAT001982","SPE002442-held_on","held_on",1.0,2625
"SPE002443","DAT001983","SPE002443-held_on","held_on",1.0,2626
"SPE002444","DAT001984","SPE002444-held_on","held_on",1.0,2627
"SPE002445","DAT001984","SPE002445-held_on","held_on",1.0,2628
"SPE002446","DAT001985","SPE002446-held_on","held_on",1.0,2629
"SPE002447","DAT001986","SPE002447-held_on","held_on",1.0,2630
"SPE002447","DAT001992","SPE002447-held_on","held_on",1.0,2636
"SPE002448","DAT001987","SPE002448-held_on","held_on",1.0,2631
"SPE002449","DAT001988","SPE002449-held_on","held_on",1.0,2632
"SPE002450","DAT001989","SPE002450-held_on","held_on",1.0,2633
"SPE002451","DAT001990","SPE002451-held_on","held_on",1.0,2634
"SPE002452","DAT001993","SPE002452-held_on","held_on",1.0,2637
"SPE002453","DAT001994","SPE002453-held_on","held_on",1.0,2638
"SPE002454","DAT001996","SPE002454-held_on","held_on",1.0,2640
"SPE002455","DAT001997","SPE002455-held_on","held_on",1.0,2641
"SPE002456","DAT001998","SPE002456-held_on","held_on",1.0,2642
"SPE002457","DAT001999","SPE002457-held_on","held_on",1.0,2643
"SPE002458","DAT002000","SPE002458-held_on","held_on",1.0,2644
"SPE002458","DAT002008","SPE002458-held_on","held_on",1.0,2656
"SPE002459","DAT002001","SPE002459-held_on","held_on",1.0,2645
"SPE002460","DAT002002","SPE002460-held_on","held_on",1.0,2646
"SPE002461","DAT002003","SPE002461-held_on","held_on",1.0,2647
"SPE002462","DAT002003","SPE002462-held_on","held_on",1.0,2648
"SPE002463","DAT002004","SPE002463-held_on","held_on",1.0,2649
"SPE002464","DAT002005","SPE002464-held_on","held_on",1.0,2650
"SPE002465","DAT002006","SPE002465-held_on","held_on",1.0,2651
"SPE002466","DAT002006","SPE002466-held_on","held_on",1.0,2652
"SPE002466","DAT002014","SPE002466-held_on","held_on",1.0,2662
"SPE002466","DAT002026","SPE002466-held_on","held_on",1.0,2678
"SPE002467","DAT002007","SPE002467-held_on","held_on",1.0,2653
"SPE002468","DAT002007","SPE002468-held_on","held_on",1.0,2654
"SPE002469","DAT002007","SPE002469-held_on","held_on",1.0,2655
"SPE002470","DAT002009","SPE002470-held_on","held_on",1.0,2657
"SPE002471","DAT002010","SPE002471-held_on","held_on",1.0,2658
"SPE002472","DAT002011","SPE002472-held_on","held_on",1.0,2659
"SPE002473","DAT002012","SPE002473-held_on","held_on",1.0,2660
"SPE002474","DAT002013","SPE002474-held_on","held_on",1.0,2661
"SPE002474","DAT002034","SPE002474-held_on","held_on",1.0,2686
"SPE002475","DAT002015","SPE002475-held_on","held_on",1.0,2663
"SPE002476","DAT002017","SPE002476-held_on","held_on",1.0,2665
"SPE002477","DAT002018","SPE002477-held_on","held_on",1.0,2666
"SPE002478","DAT002019","SPE002478-held_on","held_on",1.0,2667
"SPE002479","DAT002019","SPE002479-held_on","held_on",1.0,2668
"SPE002480","DAT002019","SPE002480-held_on","held_on",1.0,2669
"SPE002481","SPE002482","SPE002482-delivered","delivered",1.0,2670
"SPE002481","TOP007343","SPE002482-TOP007343-covers","covers",1.0,2670
"SPE002481","TOP007344","SPE002482-TOP007344-covers","covers",1.0,2670
"SPE002481","TOP007345","SPE002482-TOP007345-covers","covers",1.0,2670
"SPE002482","DAT002019","SPE002482-held_on","held_on",1.0,2670
"SPE002483","DAT002020","SPE002483-held_on","held_on",1.0,2671
"SPE002484","DAT002021","SPE002484-held_on","held_on",1.0,2672
"SPE002484","DAT002040","SPE002484-held_on","held_on",1.0,2693
"SPE002485","DAT002022","SPE002485-held_on","held_on",1.0,2673
"SPE002486","DAT002023","SPE002486-held_on","held_on",1.0,2674
"SPE002487","DAT002023","SPE002487-held_on","held_on",1.0,2675
"SPE002488","DAT002024","SPE002488-held_on","held_on",1.0,2676
"SPE002489","DAT002025","SPE002489-held_on","held_on",1.0,2677
"SPE002490","DAT002027","SPE002490-held_on","held_on",1.0,2679
"SPE002491","DAT002028","SPE002491-held_on","held_on",1.0,2680
"SPE002492","DAT002029","SPE002492-held_on","held_on",1.0,2681
"SPE002493","DAT002030","SPE002493-held_on","held_on",1.0,2682
"SPE002494","DAT002032","SPE002494-held_on","held_on",1.0,2684
"SPE002495","DAT002033","SPE002495-held_on","held_on",1.0,2685
"SPE002496","DAT002035","SPE002496-held_on","held_on",1.0,2687
"SPE002497","DAT002036","SPE002497-held_on","held_on",1.0,2688
"SPE002498","DAT002037","SPE002498-held_on","held_on",1.0,2689
"SPE002499","DAT002038","SPE002499-held_on","held_on",1.0,2690
"SPE002500","DAT002038","SPE002500-held_on","held_on",1.0,2691
"SPE002501","DAT002039","SPE002501-held_on","held_on",1.0,2692
"SPE002502","DAT002041","SPE002502-held_on","held_on",1.0,2694
"SPE002502","DAT002182","SPE002502-held_on","held_on",1.0,2872
"SPE002503","DAT002042","SPE002503-held_on","held_on",1.0,2695
"SPE002504","DAT002043","SPE002504-held_on","held_on",1.0,2696
"SPE002505","DAT002044","SPE002505-held_on","held_on",1.0,2697
"SPE002505","DAT002079","SPE002505-held_on","held_on",1.0,2740
"SPE002505","DAT002087","SPE002505-held_on","held_on",1.0,2750
"SPE002505","DAT002102","SPE002505-held_on","held_on",1.0,2768
"SPE002506","DAT002045","SPE002506-held_on","held_on",1.0,2698
"SPE002507","DAT002046","SPE002507-held_on","held_on",1.0,2699
"SPE002508","DAT002047","SPE002508-held_on","held_on",1.0,2700
"SPE002508","DAT002156","SPE002508-held_on","held_on",1.0,2840
"SPE002509","DAT002048","SPE002509-held_on","held_on",1.0,2701
"SPE002510","DAT002050","SPE002510-held_on","held_on",1.0,2703
"SPE002511","DAT002051","SPE002511-held_on","held_on",1.0,2704
"SPE002512","DAT002052","SPE002512-held_on","held_on",1.0,2705
"SPE002513","DAT002053","SPE002513-held_on","held_on",1.0,2707
"SPE002514","DAT002054","SPE002514-held_on","held_on",1.0,2708
"SPE002515","DAT002055","SPE002515-held_on","held_on",1.0,2709
"SPE002516","DAT002056","SPE002516-held_on","held_on",1.0,2710
"SPE002517","DAT002057","SPE002517-held_on","held_on",1.0,2711
"SPE002518","DAT002058","SPE002518-held_on","held_on",1.0,2712
"SPE002519","DAT002059","SPE002519-held_on","held_on",1.0,2713
"SPE002520","DAT002059","SPE002520-held_on","held_on",1.0,2714
"SPE002521","DAT002060","SPE002521-held_on","held_on",1.0,2715
"SPE002522","DAT002060","SPE002522-held_on","held_on",1.0,2716
"SPE002523","DAT002061","SPE002523-held_on","held_on",1.0,2717
"SPE002524","DAT002063","SPE002524-held_on","held_on",1.0,2719
"SPE002525","DAT002064","SPE002525-held_on","held_on",1.0,2720
"SPE002526","DAT002065","SPE002526-held_on","held_on",1.0,2721
"SPE002527","DAT002065","SPE002527-held_on","held_on",1.0,2722
"SPE002528","DAT002066","SPE002528-held_on","held_on",1.0,2723
"SPE002529","DAT002067","SPE002529-held_on","held_on",1.0,2724
"SPE002530","DAT002068","SPE002530-held_on","held_on",1.0,2725
"SPE002531","DAT002068","SPE002531-held_on","held_on",1.0,2726
"SPE002532","DAT002069","SPE002532-held_on","held_on",1.0,2727
"SPE002533","DAT002070","SPE002533-held_on","held_on",1.0,2728
"SPE002534","DAT002072","SPE002534-held_on","held_on",1.0,2730
"SPE002535","DAT002073","SPE002535-held_on","held_on",1.0,2731
"SPE002536","DAT002073","SPE002536-held_on","held_on",1.0,2732
"SPE002537","DAT002074","SPE002537-held_on","held_on",1.0,2733
"SPE002538","DAT002075","SPE002538-held_on","held_on",1.0,2734
"SPE002539","DAT002076","SPE002539-held_on","held_on",1.0,2735
"SPE002540","DAT002077","SPE002540-held_on","held_on",1.0,2736
"SPE002541","DAT002078","SPE002541-held_on","held_on",1.0,2737
"SPE002542","DAT002079","SPE002542-held_on","held_on",1.0,2738
"SPE002543","DAT002079","SPE002543-held_on","held_on",1.0,2739
"SPE002544","DAT002080","SPE002544-held_on","held_on",1.0,2741
"SPE002545","DAT002081","SPE002545-held_on","held_on",1.0,2743
"SPE002546","DAT002082","SPE002546-held_on","held_on",1.0,2744
"SPE002547","DAT002083","SPE002547-held_on","held_on",1.0,2745
"SPE002548","DAT002084","SPE002548-held_on","held_on",1.0,2746
"SPE002549","DAT002085","SPE002549-held_on","held_on",1.0,2747
"SPE002550","DAT002086","SPE002550-held_on","held_on",1.0,2748
"SPE002551","DAT002086","SPE002551-held_on","held_on",1.0,2749
"SPE002552","DAT002089","SPE002552-held_on","held_on",1.0,2752
"SPE002553","DAT002090","SPE002553-held_on","held_on",1.0,2753
"SPE002554","DAT002091","SPE002554-held_on","held_on",1.0,2754
"SPE002555","DAT002092","SPE002555-held_on","held_on",1.0,2755
"SPE002556","DAT002093","SPE002556-held_on","held_on",1.0,2756
"SPE002557","DAT002094","SPE002557-held_on","held_on",1.0,2757
"SPE002558","DAT002094","SPE002558-held_on","held_on",1.0,2758
"SPE002559","DAT002095","SPE002559-held_on","held_on",1.0,2759
"SPE002560","DAT002095","SPE002560-held_on","held_on",1.0,2760
"SPE002561","DAT002096","SPE002561-held_on","held_on",1.0,2761
"SPE002562","DAT002097","SPE002562-held_on","held_on",1.0,2762
"SPE002563","DAT002098","SPE002563-held_on","held_on",1.0,2763
"SPE002564","DAT002099","SPE002564-held_on","held_on",1.0,2764
"SPE002565","DAT002100","SPE002565-held_on","held_on",1.0,2765
"SPE002566","DAT002101","SPE002566-held_on","held_on",1.0,2766
"SPE002567","DAT002101","SPE002567-held_on","held_on",1.0,2767
"SPE002568","DAT002103","SPE002568-held_on","held_on",1.0,2769
"SPE002569","DAT002103","SPE002569-held_on","held_on",1.0,2770
"SPE002570","DAT002104","SPE002570-held_on","held_on",1.0,2771
"SPE002571","DAT002104","SPE002571-held_on","held_on",1.0,2772
"SPE002572","DAT002105","SPE002572-held_on","held_on",1.0,2773
"SPE002573","DAT002106","SPE002573-held_on","held_on",1.0,2774
"SPE002574","DAT002107","SPE002574-held_on","held_on",1.0,2775
"SPE002575","DAT002108","SPE002575-held_on","held_on",1.0,2776
"SPE002576","DAT002109","SPE002576-held_on","held_on",1.0,2777
"SPE002577","DAT002110","SPE002577-held_on","held_on",1.0,2778
"SPE002578","DAT002111","SPE002578-held_on","held_on",1.0,2779
"SPE002579","DAT002112","SPE002579-held_on","held_on",1.0,2780
"SPE002580","DAT002113","SPE002580-held_on","held_on",1.0,2781
"SPE002581","DAT002114","SPE002581-held_on","held_on",1.0,2782
"SPE002582","DAT002115","SPE002582-held_on","held_on",1.0,2783
"SPE002583","DAT002115","SPE002583-held_on","held_on",1.0,2784
"SPE002584","DAT002115","SPE002584-held_on","held_on",1.0,2785
"SPE002585","DAT002116","SPE002585-held_on","held_on",1.0,2786
"SPE002586","DAT002117","SPE002586-held_on","held_on",1.0,2787
"SPE002587","DAT002118","SPE002587-held_on","held_on",1.0,2788
"SPE002588","DAT002119","SPE002588-held_on","held_on",1.0,2789
"SPE002589","DAT002119","SPE002589-held_on","held_on",1.0,2790
"SPE002590","DAT002119","SPE002590-held_on","held_on",1.0,2791
"SPE002591","DAT002119","SPE002591-held_on","held_on",1.0,2792
"SPE002592","DAT002120","SPE002592-held_on","held_on",1.0,2793
"SPE002592","DAT002121","SPE002592-held_on","held_on",1.0,2794
"SPE002593","DAT002121","SPE002593-held_on","held_on",1.0,2795
"SPE002594","DAT002122","SPE002594-held_on","held_on",1.0,2796
"SPE002595","DAT002123","SPE002595-held_on","held_on",1.0,2797
"SPE002596","DAT002123","SPE002596-held_on","held_on",1.0,2798
"SPE002597","DAT002123","SPE002597-held_on","held_on",1.0,2799
"SPE002598","DAT002124","SPE002598-held_on","held_on",1.0,2800
"SPE002599","DAT002124","SPE002599-held_on","held_on",1.0,2801
"SPE002600","DAT002124","SPE002600-held_on","held_on",1.0,2802
"SPE002601","DAT002125","SPE002601-held_on","held_on",1.0,2803
"SPE002602","DAT002125","SPE002602-held_on","held_on",1.0,2804
"SPE002603","DAT002126","SPE002603-held_on","held_on",1.0,2805
"SPE002604","DAT002126","SPE002604-held_on","held_on",1.0,2806
"SPE002605","DAT002127","SPE002605-held_on","held_on",1.0,2807
"SPE002606","DAT002128","SPE002606-held_on","held_on",1.0,2808
"SPE002607","DAT002129","SPE002607-held_on","held_on",1.0,2809
"SPE002608","DAT002130","SPE002608-held_on","held_on",1.0,2810
"SPE002609","DAT002131","SPE002609-held_on","held_on",1.0,2811
"SPE002610","DAT002132","SPE002610-held_on","held_on",1.0,2812
"SPE002611","DAT002133","SPE002611-held_on","held_on",1.0,2813
"SPE002612","DAT002134","SPE002612-held_on","held_on",1.0,2814
"SPE002613","DAT002135","SPE002613-held_on","held_on",1.0,2815
"SPE002614","DAT002136","SPE002614-held_on","held_on",1.0,2816
"SPE002615","DAT002137","SPE002615-held_on","held_on",1.0,2817
"SPE002616","DAT002137","SPE002616-held_on","held_on",1.0,2818
"SPE002617","DAT002138","SPE002617-held_on","held_on",1.0,2819
"SPE002618","DAT002139","SPE002618-held_on","held_on",1.0,2820
"SPE002619","DAT002140","SPE002619-held_on","held_on",1.0,2821
"SPE002620","DAT002141","SPE002620-held_on","held_on",1.0,2822
"SPE002621","DAT002141","SPE002621-held_on","held_on",1.0,2823
"SPE002622","DAT002142","SPE002622-held_on","held_on",1.0,2824
"SPE002623","DAT002143","SPE002623-held_on","held_on",1.0,2825
"SPE002624","DAT002144","SPE002624-held_on","held_on",1.0,2826
"SPE002625","DAT002145","SPE002625-held_on","held_on",1.0,2827
"SPE002626","DAT002146","SPE002626-held_on","held_on",1.0,2828
"SPE002627","DAT002147","SPE002627-held_on","held_on",1.0,2829
"SPE002628","DAT002148","SPE002628-held_on","held_on",1.0,2830
"SPE002629","DAT002149","SPE002629-held_on","held_on",1.0,2831
"SPE002630","DAT002149","SPE002630-held_on","held_on",1.0,2832
"SPE002631","DAT002150","SPE002631-held_on","held_on",1.0,2833
"SPE002632","DAT002151","SPE002632-held_on","held_on",1.0,2834
"SPE002633","DAT002152","SPE002633-held_on","held_on",1.0,2835
"SPE002634","DAT002153","SPE002634-held_on","held_on",1.0,2836
"SPE002635","DAT002154","SPE002635-held_on","held_on",1.0,2837
"SPE002636","DAT002155","SPE002636-held_on","held_on",1.0,2838
"SPE002637","DAT002156","SPE002637-held_on","held_on",1.0,2839
"SPE002638","DAT002156","SPE002638-held_on","held_on",1.0,2841
"SPE002639","DAT002157","SPE002639-held_on","held_on",1.0,2842
"SPE002640","DAT002157","SPE002640-held_on","held_on",1.0,2843
"SPE002641","DAT002158","SPE002641-held_on","held_on",1.0,2844
"SPE002642","DAT002159","SPE002642-held_on","held_on",1.0,2845
"SPE002643","DAT002160","SPE002643-held_on","held_on",1.0,2846
"SPE002644","DAT002161","SPE002644-held_on","held_on",1.0,2847
"SPE002645","DAT002162","SPE002645-held_on","held_on",1.0,2848
"SPE002646","DAT002163","SPE002646-held_on","held_on",1.0,2849
"SPE002647","DAT002164","SPE002647-held_on","held_on",1.0,2850
"SPE002648","DAT002165","SPE002648-held_on","held_on",1.0,2851
"SPE002649","DAT002166","SPE002649-held_on","held_on",1.0,2852
"SPE002650","DAT002166","SPE002650-held_on","held_on",1.0,2853
"SPE002651","DAT002167","SPE002651-held_on","held_on",1.0,2854
"SPE002652","DAT002168","SPE002652-held_on","held_on",1.0,2855
"SPE002653","DAT002169","SPE002653-held_on","held_on",1.0,2856
"SPE002654","DAT002170","SPE002654-held_on","held_on",1.0,2857
"SPE002655","DAT002171","SPE002655-held_on","held_on",1.0,2858
"SPE002656","DAT002172","SPE002656-held_on","held_on",1.0,2859
"SPE002657","DAT002172","SPE002657-held_on","held_on",1.0,2860
"SPE002658","DAT002172","SPE002658-held_on","held_on",1.0,2861
"SPE002659","DAT002173","SPE002659-held_on","held_on",1.0,2862
"SPE002660","DAT002174","SPE002660-held_on","held_on",1.0,2863
"SPE002661","DAT002174","SPE002661-held_on","held_on",1.0,2864
"SPE002662","DAT002175","SPE002662-held_on","held_on",1.0,2865
"SPE002663","DAT002176","SPE002663-held_on","held_on",1.0,2866
"SPE002664","DAT002177","SPE002664-held_on","held_on",1.0,2867
"SPE002665","DAT002178","SPE002665-held_on","held_on",1.0,2868
"SPE002666","DAT002179","SPE002666-held_on","held_on",1.0,2869
"SPE002667","DAT002180","SPE002667-held_on","held_on",1.0,2870
"SPE002668","DAT002181","SPE002668-held_on","held_on",1.0,2871
"SPE002669","DAT002183","SPE002669-held_on","held_on",1.0,2873
"SPE002670","DAT002184","SPE002670-held_on","held_on",1.0,2874
"SPE002671","DAT002185","SPE002671-held_on","held_on",1.0,2875
"SPE002672","DAT002186","SPE002672-held_on","held_on",1.0,2876
"SPE002673","DAT002187","SPE002673-held_on","held_on",1.0,2877
"SPE002674","DAT002187","SPE002674-held_on","held_on",1.0,2878
"SPE002675","DAT002188","SPE002675-held_on","held_on",1.0,2879
"SPE002676","DAT002189","SPE002676-held_on","held_on",1.0,2880
"SPE002677","DAT002190","SPE002677-held_on","held_on",1.0,2881
"SPE002678","DAT002191","SPE002678-held_on","held_on",1.0,2882
"SPE002679","DAT002192","SPE002679-held_on","held_on",1.0,2884
"SPE002680","DAT002193","SPE002680-held_on","held_on",1.0,2885
"SPE002681","DAT002194","SPE002681-held_on","held_on",1.0,2886
"SPE002682","DAT002195","SPE002682-held_on","held_on",1.0,2887
"SPE002683","DAT002197","SPE002683-held_on","held_on",1.0,2889
"SPE002684","DAT002197","SPE002684-held_on","held_on",1.0,2890
"SPE002685","DAT002198","SPE002685-held_on","held_on",1.0,2891
"SPE002685","DAT002207","SPE002685-held_on","held_on",1.0,2902
"SPE002686","DAT002200","SPE002686-held_on","held_on",1.0,2893
"SPE002687","DAT002200","SPE002687-held_on","held_on",1.0,2894
"SPE002688","DAT002202","SPE002688-held_on","held_on",1.0,2896
"SPE002689","DAT002203","SPE002689-held_on","held_on",1.0,2897
"SPE002690","DAT002204","SPE002690-held_on","held_on",1.0,2898
"SPE002691","DAT002205","SPE002691-held_on","held_on",1.0,2899
"SPE002692","DAT002206","SPE002692-held_on","held_on",1.0,2900
"SPE002693","DAT002206","SPE002693-held_on","held_on",1.0,2901
"SPE002694","DAT002208","SPE002694-held_on","held_on",1.0,2903
"SPE002695","DAT002210","SPE002695-held_on","held_on",1.0,2905
"SPE002696","DAT002211","SPE002696-held_on","held_on",1.0,2906
"SPE002697","DAT002212","SPE002697-held_on","held_on",1.0,2907
"SPE002698","DAT002214","SPE002698-held_on","held_on",1.0,2909
"SPE002699","DAT002215","SPE002699-held_on","held_on",1.0,2910
"SPE002699","DAT002238","SPE002699-held_on","held_on",1.0,2934
"SPE002699","DAT002239","SPE002699-held_on","held_on",1.0,2935
"SPE002700","DAT002216","SPE002700-held_on","held_on",1.0,2911
"SPE002701","DAT002217","SPE002701-held_on","held_on",1.0,2912
"SPE002702","DAT002218","SPE002702-held_on","held_on",1.0,2913
"SPE002703","DAT002219","SPE002703-held_on","held_on",1.0,2914
"SPE002704","DAT002219","SPE002704-held_on","held_on",1.0,2915
"SPE002705","DAT002220","SPE002705-held_on","held_on",1.0,2916
"SPE002706","DAT002221","SPE002706-held_on","held_on",1.0,2917
"SPE002707","DAT002222","SPE002707-held_on","held_on",1.0,2918
"SPE002708","DAT002223","SPE002708-held_on","held_on",1.0,2919
"SPE002709","DAT002224","SPE002709-held_on","held_on",1.0,2920
"SPE002710","DAT002225","SPE002710-held_on","held_on",1.0,2921
"SPE002711","DAT002226","SPE002711-held_on","held_on",1.0,2922
"SPE002712","DAT002227","SPE002712-held_on","held_on",1.0,2923
"SPE002713","DAT002228","SPE002713-held_on","held_on",1.0,2924
"SPE002714","DAT002229","SPE002714-held_on","held_on",1.0,2925
"SPE002715","DAT002230","SPE002715-held_on","held_on",1.0,2926
"SPE002716","DAT002231","SPE002716-held_on","held_on",1.0,2927
"SPE002717","DAT002232","SPE002717-held_on","held_on",1.0,2928
"SPE002718","DAT002233","SPE002718-held_on","held_on",1.0,2929
"SPE002719","DAT002234","SPE002719-held_on","held_on",1.0,2930
"SPE002720","DAT002235","SPE002720-held_on","held_on",1.0,2931
"SPE002721","DAT002236","SPE002721-held_on","held_on",1.0,2932
"SPE002722","DAT002237","SPE002722-held_on","held_on",1.0,2933
"SPE002723","DAT002240","SPE002723-held_on","held_on",1.0,2936
"SPE002724","DAT002241","SPE002724-held_on","held_on",1.0,2937
"SPE002725","DAT002242","SPE002725-held_on","held_on",1.0,2938
"SPE002726","DAT002243","SPE002726-held_on","held_on",1.0,2939
"SPE002727","DAT002244","SPE002727-held_on","held_on",1.0,2940
"SPE002728","DAT002245","SPE002728-held_on","held_on",1.0,2941
"SPE002729","DAT002246","SPE002729-held_on","held_on",1.0,2942
"SPE002730","DAT002247","SPE002730-held_on","held_on",1.0,2943
"SPE002731","SPE002732","SPE002732-delivered","delivered",1.0,2944
"SPE002731","TOP008074","SPE002732-TOP008074-covers","covers",1.0,2944
"SPE002731","TOP008075","SPE002732-TOP008075-covers","covers",1.0,2944
"SPE002731","TOP008076","SPE002732-TOP008076-covers","covers",1.0,2944
"SPE002731","SPE002734","SPE002734-delivered","delivered",1.0,2946
"SPE002731","TOP008080","SPE002734-TOP008080-covers","covers",1.0,2946
"SPE002731","TOP008081","SPE002734-TOP008081-covers","covers",1.0,2946
"SPE002731","TOP008082","SPE002734-TOP008082-covers","covers",1.0,2946
"SPE002731","SPE002735","SPE002735-delivered","delivered",1.0,2947
"SPE002731","TOP008083","SPE002735-TOP008083-covers","covers",1.0,2947
"SPE002731","TOP008084","SPE002735-TOP008084-covers","covers",1.0,2947
"SPE002731","TOP006681","SPE002735-TOP006681-covers","covers",1.0,2947
"SPE002731","SPE002736","SPE002736-delivered","delivered",1.0,2948
"SPE002731","TOP000018","SPE002736-TOP000018-covers","covers",1.0,2948
"SPE002731","TOP008085","SPE002736-TOP008085-covers","covers",1.0,2948
"SPE002731","TOP001081","SPE002736-TOP001081-covers","covers",1.0,2948
"SPE002731","SPE002737","SPE002737-delivered","delivered",1.0,2949
"SPE002731","TOP008086","SPE002737-TOP008086-covers","covers",1.0,2949
"SPE002731","TOP008087","SPE002737-TOP008087-covers","covers",1.0,2949
"SPE002731","TOP008088","SPE002737-TOP008088-covers","covers",1.0,2949
"SPE002731","SPE002738","SPE002738-delivered","delivered",1.0,2950
"SPE002731","TOP008089","SPE002738-TOP008089-covers","covers",1.0,2950
"SPE002731","TOP008090","SPE002738-TOP008090-covers","covers",1.0,2950
"SPE002731","TOP008091","SPE002738-TOP008091-covers","covers",1.0,2950
"SPE002731","SPE002739","SPE002739-delivered","delivered",1.0,2951
"SPE002731","TOP008092","SPE002739-TOP008092-covers","covers",1.0,2951
"SPE002731","TOP008093","SPE002739-TOP008093-covers","covers",1.0,2951
"SPE002731","TOP008094","SPE002739-TOP008094-covers","covers",1.0,2951
"SPE002732","DAT002248","SPE002732-held_on","held_on",1.0,2944
"SPE002733","DAT002248","SPE002733-held_on","held_on",1.0,2945
"SPE002734","DAT002249","SPE002734-held_on","held_on",1.0,2946
"SPE002735","DAT002250","SPE002735-held_on","held_on",1.0,2947
"SPE002736","DAT002251","SPE002736-held_on","held_on",1.0,2948
"SPE002737","DAT002252","SPE002737-held_on","held_on",1.0,2949
"SPE002738","DAT002253","SPE002738-held_on","held_on",1.0,2950
"SPE002739","DAT002254","SPE002739-held_on","held_on",1.0,2951
