s.id,t.id
SPE000002,TOP000003
SPE000002,TOP000002
SPE000002,TOP000001
SPE000004,TOP000006
SPE000004,TOP000005
SPE000004,TOP000004
SPE000006,TOP000008
SPE000006,TOP000007
SPE000006,TOP000009
SPE000007,TOP000012
SPE000007,TOP000010
SPE000007,TOP000011
SPE000008,TOP000013
SPE000008,TOP000014
SPE000008,TOP000015
SPE000010,TOP000017
SPE000010,TOP000018
SPE000010,TOP000016
SPE000011,TOP001636
SPE000011,TOP002277
SPE000011,TOP002276
SPE000011,TOP002278
SPE000011,TOP002017
SPE000011,TOP007109
SPE000011,TOP000383
SPE000011,TOP000382
SPE000011,TOP000381
SPE000011,TOP000020
SPE000011,TOP007110
SPE000011,TOP001635
SPE000011,TOP000021
SPE000011,TOP000019
SPE000011,TOP001634
SPE000013,TOP000023
SPE000013,TOP000022
SPE000013,TOP000024
SPE000014,TOP001249
SPE000014,TOP001651
SPE000014,TOP001794
SPE000014,TOP000830
SPE000014,TOP001118
SPE000014,TOP000722
SPE000014,TOP001752
SPE000014,TOP000025
SPE000014,TOP002493
SPE000014,TOP001505
SPE000014,TOP001979
SPE000014,TOP000723
SPE000014,TOP002709
SPE000014,TOP000721
SPE000014,TOP001649
SPE000014,TOP001981
SPE000014,TOP000323
SPE000014,TOP000008
SPE000014,TOP002106
SPE000014,TOP000177
SPE000014,TOP001248
SPE000014,TOP002849
SPE000014,TOP002302
SPE000014,TOP000324
SPE000014,TOP001383
SPE000014,TOP000571
SPE000014,TOP001650
SPE000014,TOP001384
SPE000014,TOP000026
SPE000014,TOP000831
SPE000014,TOP000581
SPE000014,TOP002711
SPE000014,TOP001119
SPE000014,TOP002851
SPE000014,TOP001980
SPE000014,TOP002710
SPE000014,TOP000027
SPE000014,TOP001382
SPE000014,TOP000580
SPE000014,TOP000176
SPE000014,TOP002303
SPE000014,TOP000322
SPE000014,TOP000948
SPE000014,TOP002107
SPE000014,TOP002105
SPE000014,TOP001506
SPE000014,TOP000445
SPE000014,TOP001247
SPE000014,TOP000832
SPE000014,TOP002304
SPE000014,TOP001117
SPE000014,TOP002850
SPE000014,TOP000947
SPE000014,TOP001504
SPE000014,TOP000946
SPE000014,TOP002494
SPE000014,TOP001793
SPE000014,TOP000444
SPE000014,TOP000443
SPE000016,TOP000030
SPE000016,TOP000029
SPE000016,TOP000028
SPE000017,TOP000018
SPE000017,TOP000032
SPE000017,TOP000031
SPE000018,TOP000033
SPE000018,TOP000034
SPE000018,TOP000035
SPE000019,TOP000206
SPE000019,TOP000594
SPE000019,TOP001146
SPE000019,TOP000537
SPE000019,TOP000205
SPE000019,TOP000788
SPE000019,TOP001148
SPE000019,TOP000491
SPE000019,TOP002233
SPE000019,TOP001919
SPE000019,TOP002786
SPE000019,TOP000351
SPE000019,TOP000490
SPE000019,TOP000892
SPE000019,TOP000122
SPE000019,TOP001874
SPE000019,TOP000890
SPE000019,TOP000598
SPE000019,TOP000852
SPE000019,TOP000669
SPE000019,TOP000668
SPE000019,TOP001076
SPE000019,TOP000253
SPE000019,TOP000740
SPE000019,TOP001012
SPE000019,TOP000595
SPE000019,TOP002231
SPE000019,TOP002788
SPE000019,TOP007443
SPE000019,TOP000120
SPE000019,TOP002327
SPE000019,TOP000038
SPE000019,TOP002441
SPE000019,TOP000742
SPE000019,TOP001873
SPE000019,TOP002232
SPE000019,TOP000596
SPE000019,TOP000251
SPE000019,TOP002440
SPE000019,TOP000853
SPE000019,TOP002631
SPE000019,TOP001260
SPE000019,TOP001147
SPE000019,TOP002036
SPE000019,TOP002038
SPE000019,TOP001197
SPE000019,TOP002005
SPE000019,TOP002037
SPE000019,TOP001075
SPE000019,TOP002007
SPE000019,TOP001013
SPE000019,TOP000536
SPE000019,TOP002158
SPE000019,TOP002159
SPE000019,TOP001074
SPE000019,TOP002630
SPE000019,TOP002632
SPE000019,TOP002730
SPE000019,TOP002583
SPE000019,TOP002006
SPE000019,TOP000741
SPE000019,TOP000252
SPE000019,TOP000891
SPE000019,TOP002328
SPE000019,TOP002787
SPE000019,TOP000790
SPE000019,TOP002326
SPE000019,TOP001021
SPE000019,TOP002729
SPE000019,TOP000037
SPE000019,TOP002582
SPE000019,TOP002442
SPE000019,TOP000789
SPE000019,TOP000204
SPE000019,TOP001872
SPE000019,TOP000851
SPE000019,TOP002581
SPE000019,TOP000670
SPE000019,TOP000036
SPE000019,TOP002728
SPE000019,TOP007442
SPE000019,TOP001918
SPE000019,TOP001917
SPE000019,TOP000121
SPE000019,TOP001196
SPE000019,TOP001261
SPE000019,TOP002157
SPE000019,TOP000353
SPE000019,TOP000535
SPE000019,TOP000352
SPE000019,TOP000489
SPE000019,TOP001259
SPE000019,TOP001195
SPE000020,TOP000040
SPE000020,TOP000041
SPE000020,TOP000039
SPE000021,TOP000042
SPE000021,TOP000043
SPE000021,TOP000044
SPE000022,TOP000046
SPE000022,TOP000045
SPE000022,TOP000047
SPE000023,TOP000050
SPE000023,TOP000048
SPE000023,TOP000049
SPE000024,TOP000052
SPE000024,TOP000053
SPE000024,TOP000051
SPE000025,TOP000055
SPE000025,TOP000056
SPE000025,TOP000054
SPE000026,TOP000057
SPE000026,TOP000059
SPE000026,TOP000058
SPE000027,TOP000060
SPE000027,TOP000062
SPE000027,TOP000061
SPE000028,TOP000064
SPE000028,TOP000063
SPE000028,TOP000065
SPE000029,TOP000024
SPE000029,TOP000067
SPE000029,TOP000066
SPE000030,TOP000070
SPE000030,TOP000068
SPE000030,TOP000069
SPE000031,TOP000073
SPE000031,TOP000072
SPE000031,TOP000071
SPE000032,TOP000075
SPE000032,TOP000076
SPE000032,TOP000074
SPE000033,TOP000079
SPE000033,TOP000077
SPE000033,TOP000078
SPE000034,TOP000080
SPE000034,TOP000082
SPE000034,TOP000081
SPE000035,TOP000084
SPE000035,TOP000083
SPE000035,TOP000085
SPE000036,TOP000087
SPE000036,TOP000086
SPE000036,TOP000088
SPE000037,TOP000091
SPE000037,TOP000090
SPE000037,TOP000089
SPE000038,TOP000093
SPE000038,TOP000092
SPE000038,TOP000094
SPE000039,TOP000097
SPE000039,TOP000095
SPE000039,TOP000096
SPE000040,TOP000099
SPE000040,TOP000098
SPE000040,TOP000008
SPE000041,TOP000102
SPE000041,TOP000101
SPE000041,TOP000100
SPE000042,TOP000103
SPE000042,TOP000105
SPE000042,TOP000104
SPE000044,TOP000107
SPE000044,TOP000008
SPE000044,TOP000106
SPE000045,TOP000108
SPE000045,TOP000109
SPE000045,TOP000110
SPE000046,TOP000112
SPE000046,TOP000113
SPE000046,TOP000111
SPE000047,TOP000115
SPE000047,TOP000135
SPE000047,TOP000114
SPE000047,TOP000116
SPE000048,TOP000118
SPE000048,TOP000119
SPE000048,TOP000117
SPE000049,TOP000123
SPE000049,TOP000125
SPE000049,TOP000124
SPE000050,TOP000127
SPE000050,TOP000128
SPE000050,TOP000126
SPE000051,TOP000067
SPE000051,TOP000024
SPE000051,TOP000066
SPE000052,TOP000131
SPE000052,TOP000130
SPE000052,TOP000129
SPE000053,TOP000134
SPE000053,TOP000133
SPE000053,TOP000132
SPE000054,TOP000137
SPE000054,TOP000138
SPE000054,TOP000136
SPE000055,TOP000141
SPE000055,TOP000140
SPE000055,TOP000139
SPE000056,TOP000143
SPE000056,TOP000142
SPE000056,TOP000144
SPE000057,TOP000018
SPE000057,TOP000146
SPE000057,TOP000145
SPE000058,TOP000148
SPE000058,TOP000147
SPE000058,TOP000149
SPE000059,TOP000151
SPE000059,TOP000152
SPE000059,TOP000150
SPE000060,TOP000018
SPE000060,TOP000153
SPE000060,TOP000154
SPE000061,TOP000156
SPE000061,TOP000157
SPE000061,TOP000155
SPE000062,TOP000158
SPE000062,TOP000159
SPE000062,TOP000160
SPE000063,TOP000161
SPE000063,TOP000287
SPE000063,TOP000163
SPE000063,TOP000672
SPE000063,TOP000673
SPE000063,TOP000286
SPE000063,TOP000671
SPE000063,TOP000162
SPE000063,TOP000285
SPE000064,TOP000164
SPE000064,TOP000165
SPE000064,TOP000166
SPE000065,TOP000169
SPE000065,TOP000167
SPE000065,TOP000168
SPE000066,TOP000170
SPE000066,TOP000172
SPE000066,TOP000171
SPE000067,TOP000175
SPE000067,TOP000173
SPE000067,TOP000174
SPE000068,TOP000179
SPE000068,TOP000180
SPE000068,TOP000178
SPE000069,TOP000182
SPE000069,TOP000453
SPE000069,TOP000181
SPE000069,TOP000018
SPE000069,TOP000076
SPE000069,TOP000024
SPE000070,TOP000153
SPE000070,TOP000183
SPE000070,TOP000018
SPE000070,TOP003522
SPE000070,TOP000016
SPE000070,TOP003521
SPE000070,TOP003523
SPE000071,TOP000184
SPE000071,TOP000185
SPE000071,TOP000186
SPE000072,TOP000188
SPE000072,TOP000187
SPE000072,TOP000189
SPE000073,TOP000191
SPE000073,TOP000192
SPE000073,TOP000190
SPE000074,TOP000195
SPE000074,TOP000193
SPE000074,TOP000194
SPE000075,TOP000197
SPE000075,TOP000196
SPE000075,TOP000198
SPE000076,TOP000008
SPE000076,TOP000199
SPE000076,TOP000200
SPE000077,TOP000201
SPE000077,TOP000202
SPE000077,TOP000203
SPE000078,TOP000208
SPE000078,TOP000209
SPE000078,TOP000207
SPE000079,TOP000018
SPE000079,TOP000210
SPE000080,TOP000213
SPE000080,TOP000212
SPE000080,TOP000211
SPE000081,TOP000215
SPE000081,TOP000214
SPE000081,TOP000216
SPE000082,TOP000217
SPE000082,TOP000076
SPE000082,TOP000018
SPE000083,TOP000220
SPE000083,TOP000219
SPE000083,TOP000218
SPE000084,TOP000223
SPE000084,TOP000222
SPE000084,TOP000221
SPE000085,TOP000225
SPE000085,TOP000224
SPE000085,TOP000226
SPE000086,TOP000478
SPE000086,TOP001292
SPE000086,TOP001013
SPE000086,TOP000229
SPE000086,TOP000480
SPE000086,TOP001012
SPE000086,TOP000762
SPE000086,TOP000763
SPE000086,TOP001291
SPE000086,TOP001293
SPE000086,TOP000479
SPE000086,TOP000228
SPE000086,TOP001014
SPE000086,TOP000764
SPE000086,TOP000227
SPE000087,TOP000230
SPE000087,TOP000232
SPE000087,TOP000231
SPE000088,TOP000235
SPE000088,TOP000234
SPE000088,TOP000233
SPE000089,TOP000519
SPE000089,TOP000236
SPE000089,TOP000520
SPE000089,TOP000237
SPE000089,TOP000521
SPE000089,TOP000238
SPE000090,TOP000296
SPE000090,TOP000018
SPE000090,TOP000976
SPE000090,TOP000243
SPE000090,TOP000076
SPE000090,TOP000244
SPE000090,TOP000197
SPE000090,TOP000242
SPE000091,TOP000241
SPE000091,TOP000268
SPE000091,TOP000240
SPE000091,TOP000239
SPE000091,TOP000269
SPE000092,TOP000245
SPE000092,TOP000247
SPE000092,TOP000246
SPE000093,TOP000250
SPE000093,TOP001817
SPE000093,TOP002055
SPE000093,TOP002143
SPE000093,TOP002144
SPE000093,TOP002053
SPE000093,TOP000858
SPE000093,TOP002142
SPE000093,TOP007914
SPE000093,TOP000859
SPE000093,TOP007915
SPE000093,TOP000248
SPE000093,TOP003261
SPE000093,TOP003259
SPE000093,TOP002054
SPE000093,TOP001815
SPE000093,TOP003260
SPE000093,TOP007889
SPE000093,TOP000249
SPE000093,TOP001816
SPE000093,TOP000860
SPE000094,TOP000255
SPE000094,TOP000254
SPE000094,TOP000024
SPE000095,TOP000256
SPE000095,TOP000258
SPE000095,TOP000257
SPE000096,TOP002964
SPE000096,TOP002963
SPE000096,TOP000261
SPE000096,TOP000260
SPE000096,TOP000259
SPE000096,TOP002962
SPE000097,TOP000292
SPE000097,TOP000293
SPE000097,TOP000263
SPE000097,TOP000262
SPE000097,TOP000294
SPE000097,TOP000264
SPE000098,TOP000265
SPE000098,TOP000266
SPE000098,TOP000267
SPE000099,TOP000272
SPE000099,TOP000270
SPE000099,TOP000271
SPE000100,TOP000273
SPE000100,TOP000274
SPE000100,TOP000275
SPE000101,TOP000276
SPE000101,TOP000277
SPE000101,TOP000278
SPE000102,TOP000280
SPE000102,TOP000281
SPE000102,TOP000279
SPE000103,TOP000284
SPE000103,TOP000282
SPE000103,TOP000283
SPE000104,TOP000197
SPE000104,TOP000288
SPE000104,TOP000262
SPE000105,TOP000291
SPE000105,TOP000289
SPE000105,TOP000290
SPE000106,TOP000297
SPE000106,TOP000296
SPE000106,TOP000295
SPE000107,TOP000300
SPE000107,TOP000299
SPE000107,TOP000298
SPE000108,TOP000301
SPE000108,TOP000302
SPE000108,TOP000303
SPE000109,TOP000304
SPE000109,TOP000306
SPE000109,TOP000305
SPE000110,TOP000307
SPE000110,TOP000076
SPE000110,TOP000357
SPE000110,TOP000308
SPE000110,TOP000394
SPE000110,TOP000309
SPE000111,TOP000310
SPE000111,TOP000311
SPE000111,TOP000312
SPE000112,TOP000314
SPE000112,TOP000313
SPE000112,TOP000315
SPE000113,TOP000307
SPE000113,TOP000309
SPE000113,TOP000308
SPE000113,TOP000402
SPE000113,TOP000401
SPE000114,TOP000316
SPE000114,TOP000318
SPE000114,TOP000317
SPE000115,TOP000433
SPE000115,TOP000435
SPE000115,TOP000320
SPE000115,TOP000319
SPE000115,TOP000321
SPE000115,TOP000434
SPE000116,TOP000076
SPE000116,TOP000326
SPE000116,TOP000325
SPE000117,TOP000327
SPE000117,TOP000024
SPE000117,TOP000328
SPE000118,TOP000534
SPE000118,TOP000115
SPE000118,TOP000153
SPE000118,TOP000154
SPE000119,TOP000330
SPE000119,TOP000329
SPE000119,TOP000331
SPE000120,TOP000332
SPE000120,TOP000834
SPE000120,TOP000076
SPE000120,TOP000115
SPE000120,TOP000833
SPE000120,TOP000835
SPE000121,TOP000335
SPE000121,TOP000334
SPE000121,TOP000333
SPE000122,TOP000337
SPE000122,TOP000336
SPE000122,TOP000338
SPE000123,TOP000339
SPE000123,TOP000340
SPE000123,TOP000341
SPE000124,TOP000343
SPE000124,TOP000342
SPE000124,TOP000344
SPE000125,TOP000345
SPE000125,TOP000347
SPE000125,TOP000346
SPE000126,TOP000350
SPE000126,TOP000348
SPE000126,TOP000349
SPE000127,TOP000356
SPE000127,TOP000355
SPE000127,TOP000354
SPE000128,TOP000359
SPE000128,TOP000358
SPE000128,TOP000360
SPE000129,TOP000361
SPE000129,TOP000362
SPE000129,TOP000363
SPE000130,TOP000364
SPE000130,TOP000366
SPE000130,TOP000365
SPE000131,TOP000375
SPE000131,TOP000367
SPE000131,TOP000376
SPE000131,TOP000018
SPE000131,TOP000368
SPE000131,TOP000377
SPE000132,TOP000369
SPE000132,TOP000371
SPE000132,TOP000370
SPE000133,TOP000373
SPE000133,TOP000374
SPE000133,TOP000372
SPE000134,TOP000018
SPE000134,TOP000296
SPE000134,TOP000076
SPE000135,TOP000380
SPE000135,TOP000379
SPE000135,TOP000378
SPE000136,TOP000386
SPE000136,TOP000385
SPE000136,TOP000384
SPE000137,TOP000210
SPE000137,TOP000154
SPE000137,TOP000115
SPE000137,TOP000387
SPE000137,TOP000076
SPE000137,TOP000018
SPE000137,TOP000466
SPE000137,TOP000699
SPE000138,TOP000389
SPE000138,TOP000388
SPE000138,TOP000390
SPE000139,TOP000391
SPE000139,TOP000393
SPE000139,TOP000392
SPE000140,TOP000395
SPE000140,TOP000397
SPE000140,TOP000396
SPE000141,TOP000400
SPE000141,TOP000399
SPE000141,TOP000398
SPE000142,TOP000403
SPE000142,TOP000404
SPE000142,TOP000405
SPE000143,TOP000406
SPE000143,TOP000408
SPE000143,TOP000407
SPE000144,TOP000411
SPE000144,TOP000409
SPE000144,TOP000410
SPE000145,TOP000413
SPE000145,TOP000412
SPE000145,TOP000414
SPE000146,TOP000417
SPE000146,TOP000416
SPE000146,TOP000415
SPE000147,TOP000419
SPE000147,TOP000076
SPE000147,TOP000418
SPE000148,TOP000420
SPE000148,TOP000422
SPE000148,TOP000421
SPE000149,TOP000485
SPE000149,TOP000424
SPE000149,TOP000425
SPE000149,TOP000484
SPE000149,TOP000486
SPE000149,TOP000423
SPE000150,TOP000427
SPE000150,TOP000426
SPE000150,TOP000066
SPE000151,TOP000024
SPE000151,TOP000428
SPE000151,TOP000429
SPE000152,TOP000430
SPE000152,TOP000431
SPE000152,TOP000432
SPE000153,TOP000436
SPE000153,TOP000076
SPE000153,TOP000018
SPE000154,TOP000437
SPE000154,TOP000439
SPE000154,TOP000438
SPE000155,TOP000442
SPE000155,TOP000441
SPE000155,TOP000440
SPE000156,TOP000018
SPE000156,TOP000076
SPE000156,TOP000446
SPE000157,TOP000448
SPE000157,TOP000447
SPE000157,TOP000449
SPE000158,TOP000450
SPE000158,TOP000452
SPE000158,TOP000451
SPE000159,TOP000454
SPE000159,TOP000455
SPE000159,TOP000456
SPE000160,TOP000457
SPE000160,TOP000458
SPE000160,TOP000459
SPE000161,TOP000461
SPE000161,TOP000460
SPE000161,TOP000462
SPE000162,TOP000465
SPE000162,TOP000463
SPE000162,TOP000464
SPE000163,TOP000469
SPE000163,TOP000468
SPE000163,TOP000467
SPE000164,TOP000115
SPE000164,TOP000471
SPE000164,TOP000470
SPE000165,TOP000473
SPE000165,TOP000474
SPE000165,TOP000472
SPE000166,TOP000018
SPE000166,TOP000076
SPE000166,TOP000475
SPE000167,TOP000076
SPE000167,TOP000477
SPE000167,TOP000476
SPE000168,TOP000482
SPE000168,TOP000481
SPE000168,TOP000483
SPE000169,TOP000487
SPE000169,TOP000488
SPE000169,TOP000018
SPE000170,TOP000492
SPE000170,TOP000024
SPE000170,TOP000493
SPE000171,TOP000496
SPE000171,TOP000494
SPE000171,TOP000495
SPE000172,TOP000499
SPE000172,TOP000497
SPE000172,TOP000498
SPE000173,TOP000500
SPE000173,TOP000502
SPE000173,TOP000501
SPE000174,TOP000503
SPE000174,TOP000504
SPE000174,TOP000505
SPE000175,TOP000507
SPE000175,TOP000508
SPE000175,TOP000506
SPE000176,TOP000510
SPE000176,TOP000509
SPE000176,TOP000511
SPE000177,TOP000512
SPE000177,TOP000724
SPE000177,TOP000115
SPE000177,TOP000154
SPE000178,TOP000515
SPE000178,TOP000514
SPE000178,TOP000513
SPE000179,TOP000518
SPE000179,TOP000517
SPE000179,TOP000516
SPE000180,TOP000524
SPE000180,TOP000523
SPE000180,TOP000522
SPE000181,TOP000527
SPE000181,TOP000526
SPE000181,TOP000525
SPE000182,TOP000530
SPE000182,TOP000529
SPE000182,TOP000528
SPE000183,TOP000533
SPE000183,TOP000531
SPE000183,TOP000532
SPE000184,TOP000115
SPE000184,TOP000539
SPE000184,TOP000538
SPE000184,TOP000018
SPE000185,TOP000541
SPE000185,TOP000540
SPE000185,TOP000542
SPE000186,TOP000543
SPE000186,TOP000545
SPE000186,TOP000544
SPE000187,TOP000547
SPE000187,TOP000546
SPE000187,TOP000018
SPE000188,TOP000548
SPE000188,TOP000024
SPE000188,TOP000549
SPE000189,TOP000552
SPE000189,TOP000550
SPE000189,TOP000551
SPE000190,TOP000553
SPE000190,TOP000555
SPE000190,TOP000554
SPE000191,TOP000556
SPE000191,TOP000557
SPE000191,TOP000558
SPE000192,TOP000559
SPE000192,TOP000803
SPE000192,TOP000727
SPE000192,TOP000560
SPE000192,TOP000726
SPE000192,TOP000561
SPE000192,TOP000725
SPE000192,TOP000804
SPE000192,TOP000805
SPE000193,TOP000562
SPE000193,TOP000563
SPE000193,TOP000564
SPE000194,TOP000115
SPE000194,TOP000018
SPE000194,TOP000565
SPE000195,TOP000567
SPE000195,TOP000568
SPE000195,TOP000566
SPE000196,TOP000153
SPE000196,TOP000570
SPE000196,TOP000569
SPE000197,TOP001825
SPE000197,TOP000572
SPE000197,TOP001823
SPE000197,TOP000573
SPE000197,TOP001824
SPE000197,TOP001752
SPE000197,TOP001750
SPE000197,TOP000571
SPE000197,TOP001751
SPE000198,TOP000575
SPE000198,TOP000574
SPE000198,TOP000576
SPE000199,TOP000577
SPE000199,TOP000578
SPE000199,TOP000579
SPE000200,TOP000636
SPE000200,TOP000582
SPE000200,TOP000637
SPE000200,TOP000584
SPE000200,TOP000638
SPE000200,TOP000583
SPE000201,TOP000587
SPE000201,TOP002597
SPE000201,TOP002738
SPE000201,TOP001599
SPE000201,TOP001086
SPE000201,TOP000585
SPE000201,TOP001719
SPE000201,TOP001598
SPE000201,TOP001720
SPE000201,TOP002737
SPE000201,TOP002598
SPE000201,TOP002739
SPE000201,TOP000062
SPE000201,TOP001085
SPE000201,TOP000586
SPE000201,TOP001317
SPE000201,TOP001319
SPE000201,TOP001597
SPE000201,TOP001087
SPE000201,TOP001721
SPE000201,TOP001318
SPE000202,TOP000588
SPE000202,TOP000589
SPE000202,TOP000590
SPE000203,TOP000593
SPE000203,TOP000592
SPE000203,TOP002714
SPE000203,TOP002715
SPE000203,TOP002716
SPE000203,TOP000591
SPE000204,TOP000203
SPE000204,TOP000597
SPE000204,TOP000076
SPE000205,TOP000600
SPE000205,TOP000598
SPE000205,TOP000599
SPE000206,TOP000601
SPE000206,TOP000602
SPE000206,TOP000603
SPE000207,TOP000606
SPE000207,TOP000604
SPE000207,TOP000605
SPE000208,TOP000115
SPE000208,TOP000539
SPE000208,TOP000018
SPE000210,TOP000607
SPE000210,TOP000609
SPE000210,TOP000608
SPE000211,TOP000611
SPE000211,TOP000612
SPE000211,TOP000610
SPE000212,TOP000613
SPE000212,TOP000614
SPE000212,TOP000585
SPE000213,TOP000615
SPE000213,TOP000617
SPE000213,TOP000616
SPE000214,TOP000620
SPE000214,TOP000619
SPE000214,TOP000618
SPE000215,TOP000621
SPE000215,TOP000623
SPE000215,TOP000622
SPE000216,TOP000625
SPE000216,TOP000626
SPE000216,TOP000624
SPE000217,TOP000627
SPE000217,TOP000629
SPE000217,TOP000628
SPE000218,TOP000632
SPE000218,TOP000631
SPE000218,TOP000630
SPE000219,TOP000633
SPE000219,TOP000634
SPE000219,TOP000635
SPE000220,TOP000639
SPE000220,TOP000641
SPE000220,TOP000640
SPE000221,TOP000643
SPE000221,TOP000642
SPE000221,TOP000644
SPE000222,TOP000645
SPE000222,TOP000647
SPE000222,TOP000646
SPE000223,TOP000648
SPE000223,TOP000649
SPE000223,TOP000650
SPE000224,TOP000653
SPE000224,TOP000651
SPE000224,TOP000652
SPE000225,TOP000656
SPE000225,TOP000654
SPE000225,TOP000655
SPE000226,TOP000153
SPE000226,TOP000657
SPE000226,TOP000658
SPE000227,TOP000661
SPE000227,TOP000660
SPE000227,TOP000659
SPE000228,TOP000662
SPE000228,TOP000663
SPE000228,TOP000664
SPE000229,TOP000666
SPE000229,TOP000665
SPE000229,TOP000667
SPE000230,TOP000674
SPE000230,TOP000676
SPE000230,TOP000675
SPE000231,TOP000677
SPE000231,TOP000076
SPE000231,TOP000678
SPE000232,TOP000668
SPE000232,TOP000680
SPE000232,TOP000679
SPE000233,TOP000682
SPE000233,TOP000681
SPE000233,TOP000683
SPE000234,TOP000685
SPE000234,TOP000686
SPE000234,TOP000684
SPE000235,TOP000687
SPE000235,TOP000689
SPE000235,TOP000688
SPE000236,TOP000692
SPE000236,TOP000690
SPE000236,TOP000691
SPE000237,TOP000018
SPE000237,TOP000693
SPE000237,TOP000153
SPE000238,TOP000695
SPE000238,TOP001641
SPE000238,TOP000696
SPE000238,TOP001642
SPE000238,TOP001640
SPE000238,TOP000694
SPE000239,TOP000714
SPE000239,TOP000698
SPE000239,TOP000697
SPE000239,TOP000539
SPE000239,TOP000115
SPE000240,TOP000701
SPE000240,TOP000700
SPE000240,TOP000702
SPE000241,TOP000076
SPE000241,TOP000703
SPE000241,TOP000453
SPE000241,TOP000018
SPE000241,TOP000743
SPE000242,TOP000706
SPE000242,TOP000704
SPE000242,TOP000705
SPE000243,TOP000708
SPE000243,TOP000709
SPE000243,TOP000707
SPE000244,TOP000712
SPE000244,TOP000711
SPE000244,TOP000710
SPE000245,TOP000713
SPE000245,TOP000197
SPE000245,TOP000539
SPE000245,TOP000153
SPE000246,TOP000717
SPE000246,TOP000716
SPE000246,TOP000715
SPE000247,TOP000720
SPE000247,TOP000718
SPE000247,TOP000719
SPE000248,TOP000076
SPE000248,TOP000728
SPE000248,TOP000729
SPE000249,TOP000731
SPE000249,TOP000730
SPE000249,TOP000732
SPE000250,TOP000300
SPE000250,TOP000733
SPE000250,TOP000115
SPE000251,TOP000734
SPE000251,TOP000735
SPE000251,TOP000736
SPE000252,TOP000737
SPE000252,TOP000739
SPE000252,TOP000738
SPE000253,TOP000744
SPE000253,TOP000745
SPE000253,TOP000746
SPE000254,TOP000747
SPE000254,TOP000748
SPE000254,TOP000749
SPE000255,TOP000751
SPE000255,TOP000750
SPE000255,TOP000752
SPE000256,TOP000754
SPE000256,TOP000753
SPE000256,TOP000755
SPE000257,TOP000756
SPE000257,TOP000018
SPE000257,TOP000076
SPE000258,TOP000757
SPE000258,TOP000758
SPE000258,TOP000759
SPE000259,TOP000761
SPE000259,TOP000140
SPE000259,TOP000760
SPE000260,TOP000767
SPE000260,TOP000765
SPE000260,TOP000766
SPE000261,TOP000769
SPE000261,TOP000770
SPE000261,TOP000768
SPE000262,TOP000771
SPE000262,TOP000772
SPE000262,TOP000299
SPE000263,TOP000018
SPE000263,TOP000774
SPE000263,TOP000773
SPE000264,TOP000776
SPE000264,TOP000777
SPE000264,TOP000775
SPE000265,TOP000779
SPE000265,TOP000778
SPE000265,TOP000780
SPE000266,TOP000782
SPE000266,TOP000076
SPE000266,TOP000781
SPE000267,TOP000783
SPE000267,TOP000784
SPE000267,TOP000785
SPE000268,TOP000076
SPE000268,TOP000115
SPE000268,TOP000018
SPE000269,TOP000877
SPE000269,TOP000786
SPE000269,TOP000857
SPE000269,TOP000539
SPE000269,TOP000787
SPE000270,TOP000791
SPE000270,TOP000793
SPE000270,TOP000792
SPE000271,TOP007502
SPE000271,TOP000796
SPE000271,TOP000794
SPE000271,TOP007503
SPE000271,TOP007504
SPE000271,TOP000795
SPE000272,TOP000797
SPE000272,TOP000798
SPE000272,TOP000799
SPE000273,TOP000802
SPE000273,TOP000800
SPE000273,TOP000801
SPE000274,TOP000808
SPE000274,TOP000806
SPE000274,TOP000807
SPE000275,TOP000809
SPE000275,TOP000018
SPE000275,TOP000810
SPE000276,TOP000811
SPE000276,TOP000813
SPE000276,TOP000812
SPE000277,TOP000018
SPE000277,TOP000539
SPE000277,TOP000153
SPE000278,TOP000816
SPE000278,TOP000814
SPE000278,TOP000815
SPE000279,TOP000819
SPE000279,TOP000817
SPE000279,TOP000818
SPE000280,TOP000822
SPE000280,TOP000821
SPE000280,TOP000820
SPE000281,TOP000824
SPE000281,TOP000825
SPE000281,TOP000823
SPE000282,TOP000827
SPE000282,TOP000826
SPE000282,TOP000828
SPE000283,TOP000829
SPE000283,TOP000153
SPE000283,TOP000018
SPE000284,TOP000836
SPE000284,TOP000838
SPE000284,TOP000837
SPE000285,TOP000840
SPE000285,TOP000841
SPE000285,TOP000839
SPE000286,TOP000844
SPE000286,TOP000843
SPE000286,TOP000842
SPE000287,TOP000846
SPE000287,TOP000845
SPE000287,TOP000847
SPE000288,TOP000850
SPE000288,TOP000848
SPE000288,TOP000849
SPE000289,TOP000856
SPE000289,TOP000855
SPE000289,TOP000854
SPE000290,TOP000861
SPE000290,TOP000863
SPE000290,TOP000862
SPE000291,TOP000864
SPE000291,TOP000347
SPE000291,TOP000865
SPE000292,TOP000852
SPE000292,TOP000867
SPE000292,TOP000866
SPE000293,TOP000869
SPE000293,TOP000870
SPE000293,TOP000868
SPE000294,TOP000661
SPE000294,TOP000871
SPE000294,TOP000872
SPE000295,TOP000873
SPE000295,TOP000874
SPE000295,TOP000875
SPE000296,TOP000482
SPE000296,TOP000876
SPE000296,TOP000018
SPE000297,TOP000878
SPE000297,TOP000879
SPE000297,TOP000880
SPE000298,TOP000881
SPE000298,TOP000882
SPE000298,TOP000883
SPE000299,TOP000886
SPE000299,TOP000885
SPE000299,TOP000884
SPE000300,TOP000887
SPE000300,TOP000888
SPE000300,TOP000889
SPE000301,TOP000893
SPE000301,TOP000895
SPE000301,TOP000894
SPE000302,TOP000897
SPE000302,TOP000898
SPE000302,TOP000896
SPE000303,TOP000901
SPE000303,TOP000899
SPE000303,TOP000900
SPE000304,TOP000903
SPE000304,TOP000902
SPE000304,TOP000904
SPE000305,TOP000115
SPE000305,TOP000905
SPE000305,TOP000018
SPE000306,TOP000908
SPE000306,TOP000906
SPE000306,TOP000907
SPE000307,TOP000911
SPE000307,TOP000909
SPE000307,TOP000910
SPE000308,TOP000829
SPE000308,TOP000018
SPE000308,TOP000657
SPE000309,TOP000912
SPE000309,TOP000914
SPE000309,TOP000913
SPE000310,TOP000153
SPE000310,TOP000915
SPE000310,TOP000916
SPE000311,TOP000919
SPE000311,TOP001444
SPE000311,TOP000918
SPE000311,TOP000917
SPE000311,TOP001442
SPE000311,TOP001443
SPE000312,TOP000920
SPE000312,TOP000922
SPE000312,TOP000921
SPE000313,TOP000923
SPE000313,TOP000925
SPE000313,TOP000924
SPE000314,TOP000928
SPE000314,TOP000926
SPE000314,TOP000927
SPE000315,TOP000879
SPE000315,TOP000930
SPE000315,TOP000929
SPE000316,TOP000932
SPE000316,TOP000931
SPE000316,TOP000933
SPE000317,TOP000936
SPE000317,TOP000935
SPE000317,TOP000934
SPE000318,TOP000938
SPE000318,TOP000939
SPE000318,TOP000937
SPE000319,TOP000941
SPE000319,TOP000942
SPE000319,TOP000940
SPE000320,TOP000945
SPE000320,TOP000943
SPE000320,TOP000944
SPE000321,TOP000076
SPE000321,TOP000477
SPE000321,TOP000949
SPE000322,TOP000951
SPE000322,TOP000950
SPE000322,TOP000952
SPE000323,TOP000955
SPE000323,TOP000953
SPE000323,TOP000954
SPE000324,TOP000956
SPE000324,TOP000958
SPE000324,TOP000957
SPE000325,TOP000960
SPE000325,TOP000959
SPE000325,TOP000961
SPE000326,TOP000963
SPE000326,TOP000819
SPE000326,TOP000962
SPE000327,TOP000964
SPE000327,TOP000965
SPE000327,TOP000966
SPE000328,TOP000969
SPE000328,TOP000968
SPE000328,TOP000967
SPE000329,TOP000972
SPE000329,TOP000970
SPE000329,TOP000971
SPE000330,TOP000973
SPE000330,TOP000974
SPE000330,TOP000975
SPE000331,TOP000977
SPE000331,TOP000979
SPE000331,TOP000978
SPE000332,TOP000982
SPE000332,TOP000981
SPE000332,TOP000980
SPE000333,TOP000983
SPE000333,TOP000984
SPE000333,TOP000985
SPE000334,TOP000988
SPE000334,TOP000987
SPE000334,TOP000986
SPE000335,TOP000989
SPE000335,TOP000990
SPE000335,TOP000991
SPE000336,TOP000992
SPE000336,TOP000993
SPE000336,TOP000994
SPE000337,TOP000997
SPE000337,TOP000995
SPE000337,TOP000996
SPE000338,TOP000998
SPE000338,TOP000999
SPE000338,TOP001000
SPE000339,TOP001001
SPE000339,TOP001003
SPE000339,TOP001002
SPE000340,TOP001004
SPE000340,TOP001006
SPE000340,TOP001005
SPE000341,TOP001008
SPE000341,TOP001009
SPE000341,TOP001007
SPE000342,TOP001010
SPE000342,TOP000453
SPE000342,TOP001011
SPE000343,TOP001017
SPE000343,TOP001016
SPE000343,TOP001015
SPE000344,TOP001018
SPE000344,TOP001019
SPE000344,TOP001020
SPE000345,TOP001024
SPE000345,TOP001023
SPE000345,TOP001022
SPE000346,TOP001026
SPE000346,TOP001025
SPE000346,TOP001027
SPE000347,TOP001029
SPE000347,TOP000247
SPE000347,TOP001028
SPE000348,TOP001030
SPE000348,TOP001031
SPE000348,TOP001032
SPE000349,TOP001034
SPE000349,TOP001035
SPE000349,TOP001033
SPE000350,TOP001037
SPE000350,TOP001036
SPE000350,TOP001038
SPE000351,TOP001039
SPE000351,TOP001041
SPE000351,TOP001040
SPE000352,TOP001043
SPE000352,TOP001044
SPE000352,TOP001042
SPE000353,TOP000018
SPE000353,TOP000453
SPE000353,TOP000116
SPE000353,TOP001052
SPE000353,TOP001045
SPE000354,TOP001047
SPE000354,TOP001046
SPE000354,TOP001048
SPE000355,TOP001049
SPE000355,TOP001051
SPE000355,TOP001050
SPE000356,TOP001053
SPE000356,TOP001055
SPE000356,TOP001174
SPE000356,TOP001172
SPE000356,TOP001054
SPE000356,TOP001173
SPE000357,TOP001058
SPE000357,TOP001056
SPE000357,TOP001057
SPE000358,TOP001059
SPE000358,TOP001061
SPE000358,TOP001060
SPE000359,TOP001063
SPE000359,TOP001064
SPE000359,TOP001062
SPE000360,TOP001065
SPE000360,TOP001066
SPE000360,TOP001067
SPE000361,TOP001070
SPE000361,TOP001069
SPE000361,TOP001068
SPE000362,TOP001073
SPE000362,TOP001071
SPE000362,TOP001072
SPE000363,TOP001077
SPE000363,TOP001078
SPE000363,TOP001079
SPE000364,TOP001081
SPE000364,TOP001080
SPE000364,TOP000343
SPE000365,TOP001084
SPE000365,TOP001082
SPE000365,TOP001083
SPE000366,TOP001090
SPE000366,TOP001089
SPE000366,TOP001088
SPE000367,TOP001093
SPE000367,TOP001091
SPE000367,TOP001092
SPE000368,TOP001096
SPE000368,TOP001095
SPE000368,TOP001094
SPE000369,TOP001097
SPE000369,TOP001098
SPE000369,TOP000374
SPE000370,TOP001099
SPE000370,TOP001100
SPE000370,TOP001101
SPE000371,TOP001102
SPE000371,TOP001104
SPE000371,TOP001103
SPE000372,TOP001106
SPE000372,TOP001105
SPE000372,TOP001107
SPE000373,TOP001108
SPE000373,TOP001110
SPE000373,TOP001109
SPE000374,TOP001111
SPE000374,TOP001113
SPE000374,TOP001112
SPE000375,TOP001116
SPE000375,TOP001114
SPE000375,TOP001115
SPE000376,TOP001120
SPE000376,TOP001122
SPE000376,TOP001121
SPE000377,TOP001124
SPE000377,TOP001123
SPE000377,TOP001125
SPE000378,TOP001127
SPE000378,TOP001128
SPE000378,TOP001126
SPE000379,TOP001129
SPE000379,TOP001130
SPE000379,TOP000115
SPE000380,TOP001133
SPE000380,TOP001132
SPE000380,TOP001131
SPE000381,TOP001136
SPE000381,TOP001135
SPE000381,TOP001134
SPE000382,TOP001137
SPE000382,TOP001139
SPE000382,TOP001138
SPE000383,TOP001142
SPE000383,TOP001141
SPE000383,TOP001140
SPE000384,TOP001144
SPE000384,TOP001143
SPE000384,TOP001145
SPE000385,TOP001150
SPE000385,TOP001149
SPE000385,TOP001151
SPE000386,TOP001152
SPE000386,TOP001154
SPE000386,TOP001153
SPE000387,TOP001157
SPE000387,TOP001156
SPE000387,TOP001155
SPE000388,TOP001158
SPE000388,TOP001159
SPE000388,TOP000076
SPE000389,TOP001162
SPE000389,TOP001160
SPE000389,TOP001161
SPE000390,TOP001163
SPE000390,TOP001164
SPE000390,TOP001165
SPE000391,TOP001167
SPE000391,TOP001168
SPE000391,TOP001166
SPE000392,TOP001169
SPE000392,TOP001171
SPE000392,TOP001170
SPE000393,TOP001176
SPE000393,TOP001175
SPE000393,TOP001177
SPE000394,TOP001180
SPE000394,TOP001178
SPE000394,TOP001179
SPE000395,TOP001183
SPE000395,TOP001181
SPE000395,TOP001182
SPE000396,TOP001184
SPE000396,TOP001185
SPE000396,TOP001186
SPE000397,TOP001188
SPE000397,TOP001189
SPE000397,TOP001187
SPE000398,TOP001192
SPE000398,TOP001190
SPE000398,TOP001191
SPE000399,TOP001194
SPE000399,TOP001316
SPE000399,TOP000018
SPE000399,TOP000517
SPE000399,TOP001193
SPE000400,TOP001198
SPE000400,TOP001200
SPE000400,TOP001199
SPE000401,TOP001202
SPE000401,TOP001201
SPE000401,TOP001203
SPE000402,TOP001206
SPE000402,TOP001205
SPE000402,TOP001204
SPE000403,TOP001208
SPE000403,TOP001209
SPE000403,TOP001207
SPE000404,TOP001210
SPE000404,TOP001212
SPE000404,TOP001211
SPE000405,TOP001213
SPE000405,TOP001215
SPE000405,TOP001214
SPE000406,TOP001216
SPE000406,TOP001218
SPE000406,TOP001217
SPE000407,TOP001219
SPE000407,TOP000782
SPE000407,TOP000076
SPE000408,TOP001221
SPE000408,TOP001220
SPE000408,TOP001222
SPE000409,TOP001223
SPE000409,TOP001224
SPE000409,TOP001225
SPE000410,TOP001228
SPE000410,TOP001226
SPE000410,TOP001227
SPE000411,TOP001230
SPE000411,TOP001229
SPE000411,TOP001231
SPE000412,TOP001234
SPE000412,TOP001233
SPE000412,TOP001232
SPE000413,TOP001236
SPE000413,TOP001235
SPE000413,TOP001237
SPE000414,TOP001240
SPE000414,TOP001238
SPE000414,TOP001239
SPE000415,TOP001243
SPE000415,TOP001242
SPE000415,TOP001241
SPE000416,TOP001244
SPE000416,TOP001245
SPE000416,TOP001246
SPE000417,TOP001251
SPE000417,TOP001250
SPE000417,TOP001252
SPE000418,TOP001255
SPE000418,TOP001254
SPE000418,TOP001253
SPE000419,TOP001257
SPE000419,TOP001258
SPE000419,TOP001256
SPE000420,TOP001263
SPE000420,TOP001262
SPE000420,TOP001264
SPE000421,TOP001265
SPE000421,TOP001267
SPE000421,TOP001266
SPE000422,TOP001269
SPE000422,TOP001270
SPE000422,TOP001268
SPE000423,TOP001273
SPE000423,TOP001271
SPE000423,TOP001272
SPE000424,TOP001274
SPE000424,TOP001275
SPE000424,TOP001276
SPE000425,TOP001277
SPE000425,TOP000076
SPE000425,TOP001278
SPE000426,TOP001280
SPE000426,TOP000153
SPE000426,TOP001279
SPE000427,TOP001281
SPE000427,TOP001282
SPE000427,TOP001261
SPE000428,TOP001283
SPE000428,TOP001284
SPE000428,TOP001285
SPE000429,TOP000076
SPE000429,TOP001287
SPE000429,TOP001286
SPE000430,TOP001290
SPE000430,TOP001289
SPE000430,TOP001288
SPE000431,TOP001294
SPE000431,TOP001295
SPE000431,TOP001296
SPE000432,TOP001298
SPE000432,TOP001293
SPE000432,TOP001297
SPE000433,TOP004327
SPE000433,TOP003374
SPE000433,TOP000585
SPE000433,TOP003550
SPE000433,TOP001549
SPE000433,TOP001405
SPE000433,TOP004236
SPE000433,TOP004358
SPE000433,TOP001488
SPE000433,TOP004165
SPE000433,TOP003549
SPE000433,TOP003373
SPE000433,TOP004029
SPE000433,TOP004306
SPE000433,TOP001299
SPE000433,TOP004031
SPE000433,TOP004729
SPE000433,TOP004166
SPE000433,TOP003505
SPE000433,TOP003504
SPE000433,TOP004086
SPE000433,TOP003728
SPE000433,TOP003503
SPE000433,TOP003730
SPE000433,TOP004308
SPE000433,TOP003729
SPE000433,TOP004359
SPE000433,TOP004307
SPE000433,TOP004325
SPE000433,TOP001300
SPE000433,TOP003678
SPE000433,TOP001301
SPE000433,TOP004087
SPE000433,TOP003481
SPE000433,TOP004372
SPE000433,TOP004167
SPE000433,TOP001588
SPE000433,TOP001548
SPE000433,TOP003548
SPE000433,TOP001489
SPE000433,TOP001404
SPE000433,TOP001635
SPE000433,TOP003375
SPE000433,TOP004326
SPE000433,TOP004030
SPE000433,TOP001345
SPE000433,TOP001487
SPE000433,TOP003679
SPE000433,TOP001587
SPE000433,TOP004533
SPE000433,TOP001547
SPE000433,TOP004730
SPE000433,TOP001403
SPE000433,TOP001686
SPE000433,TOP001344
SPE000433,TOP001586
SPE000433,TOP004728
SPE000433,TOP004234
SPE000433,TOP004373
SPE000433,TOP001687
SPE000433,TOP004532
SPE000433,TOP004374
SPE000433,TOP004531
SPE000433,TOP004235
SPE000433,TOP004357
SPE000434,TOP001304
SPE000434,TOP001303
SPE000434,TOP001302
SPE000435,TOP001915
SPE000435,TOP001306
SPE000435,TOP001914
SPE000435,TOP001305
SPE000435,TOP001916
SPE000435,TOP001307
SPE000436,TOP001309
SPE000436,TOP001308
SPE000436,TOP000115
SPE000437,TOP001311
SPE000437,TOP001310
SPE000437,TOP001312
SPE000438,TOP001313
SPE000438,TOP001315
SPE000438,TOP001314
SPE000439,TOP001320
SPE000439,TOP001321
SPE000439,TOP001322
SPE000440,TOP001325
SPE000440,TOP001323
SPE000440,TOP001324
SPE000441,TOP001327
SPE000441,TOP001328
SPE000441,TOP001326
SPE000442,TOP001329
SPE000442,TOP001330
SPE000442,TOP001331
SPE000443,TOP001333
SPE000443,TOP001332
SPE000443,TOP001334
SPE000444,TOP001335
SPE000444,TOP001337
SPE000444,TOP001336
SPE000445,TOP001338
SPE000445,TOP001340
SPE000445,TOP001339
SPE000446,TOP001342
SPE000446,TOP001341
SPE000446,TOP001343
SPE000447,TOP001348
SPE000447,TOP001346
SPE000447,TOP001347
SPE000448,TOP001349
SPE000448,TOP001350
SPE000448,TOP001351
SPE000449,TOP001354
SPE000449,TOP001353
SPE000449,TOP001352
SPE000450,TOP001356
SPE000450,TOP001420
SPE000450,TOP001355
SPE000450,TOP001419
SPE000450,TOP001418
SPE000450,TOP000018
SPE000451,TOP001357
SPE000451,TOP001358
SPE000451,TOP001359
SPE000453,TOP001362
SPE000453,TOP001361
SPE000453,TOP001360
SPE000454,TOP001363
SPE000454,TOP001365
SPE000454,TOP001364
SPE000455,TOP001368
SPE000455,TOP001366
SPE000455,TOP001367
SPE000456,TOP001370
SPE000456,TOP001369
SPE000456,TOP000061
SPE000457,TOP001373
SPE000457,TOP001371
SPE000457,TOP001372
SPE000458,TOP001374
SPE000458,TOP000262
SPE000458,TOP001375
SPE000459,TOP001377
SPE000459,TOP001376
SPE000459,TOP001378
SPE000460,TOP001381
SPE000460,TOP001380
SPE000460,TOP001379
SPE000461,TOP000076
SPE000461,TOP001386
SPE000461,TOP001385
SPE000462,TOP001388
SPE000462,TOP001389
SPE000462,TOP001387
SPE000463,TOP001391
SPE000463,TOP001390
SPE000463,TOP001392
SPE000464,TOP001394
SPE000464,TOP001393
SPE000464,TOP001395
SPE000465,TOP001397
SPE000465,TOP001396
SPE000465,TOP001398
SPE000466,TOP000153
SPE000466,TOP001399
SPE000466,TOP000115
SPE000467,TOP001401
SPE000467,TOP001402
SPE000467,TOP001400
SPE000468,TOP001408
SPE000468,TOP001407
SPE000468,TOP001406
SPE000469,TOP001409
SPE000469,TOP001410
SPE000469,TOP001411
SPE000470,TOP001414
SPE000470,TOP001413
SPE000470,TOP001412
SPE000471,TOP001415
SPE000471,TOP001416
SPE000471,TOP001417
SPE000472,TOP001421
SPE000472,TOP001423
SPE000472,TOP001422
SPE000473,TOP001426
SPE000473,TOP001424
SPE000473,TOP001425
SPE000474,TOP001428
SPE000474,TOP001427
SPE000474,TOP001429
SPE000475,TOP001432
SPE000475,TOP001431
SPE000475,TOP001430
SPE000476,TOP001435
SPE000476,TOP001433
SPE000476,TOP001434
SPE000477,TOP001436
SPE000477,TOP001437
SPE000477,TOP001438
SPE000478,TOP001439
SPE000478,TOP001440
SPE000478,TOP001441
SPE000479,TOP001447
SPE000479,TOP001446
SPE000479,TOP001445
SPE000480,TOP001449
SPE000480,TOP001448
SPE000480,TOP001450
SPE000481,TOP001453
SPE000481,TOP001452
SPE000481,TOP001451
SPE000482,TOP001465
SPE000482,TOP001455
SPE000482,TOP001463
SPE000482,TOP001464
SPE000482,TOP001454
SPE000482,TOP001456
SPE000483,TOP001459
SPE000483,TOP001458
SPE000483,TOP001457
SPE000484,TOP001460
SPE000484,TOP001462
SPE000484,TOP001461
SPE000485,TOP001468
SPE000485,TOP001466
SPE000485,TOP001467
SPE000486,TOP001469
SPE000486,TOP001470
SPE000486,TOP001471
SPE000487,TOP001472
SPE000487,TOP001474
SPE000487,TOP001473
SPE000488,TOP000018
SPE000488,TOP000076
SPE000488,TOP001158
SPE000489,TOP001476
SPE000489,TOP001475
SPE000489,TOP001477
SPE000490,TOP001478
SPE000490,TOP001480
SPE000490,TOP001479
SPE000491,TOP001482
SPE000491,TOP001483
SPE000491,TOP001481
SPE000492,TOP001485
SPE000492,TOP001486
SPE000492,TOP001484
SPE000493,TOP001491
SPE000493,TOP001492
SPE000493,TOP001490
SPE000494,TOP001495
SPE000494,TOP001494
SPE000494,TOP001493
SPE000495,TOP001497
SPE000495,TOP001496
SPE000495,TOP001498
SPE000496,TOP001500
SPE000496,TOP001077
SPE000496,TOP001499
SPE000497,TOP001502
SPE000497,TOP001501
SPE000497,TOP001503
SPE000498,TOP001255
SPE000498,TOP001507
SPE000498,TOP001508
SPE000499,TOP001509
SPE000499,TOP001511
SPE000499,TOP001510
SPE000500,TOP001514
SPE000500,TOP001512
SPE000500,TOP001513
SPE000501,TOP001517
SPE000501,TOP001516
SPE000501,TOP001515
SPE000502,TOP001518
SPE000502,TOP001519
SPE000502,TOP001520
SPE000503,TOP001521
SPE000503,TOP001522
SPE000503,TOP001523
SPE000504,TOP001524
SPE000504,TOP001526
SPE000504,TOP001525
SPE000505,TOP001095
SPE000505,TOP001527
SPE000505,TOP001528
SPE000506,TOP001530
SPE000506,TOP000138
SPE000506,TOP001529
SPE000507,TOP001532
SPE000507,TOP001077
SPE000507,TOP001531
SPE000508,TOP001534
SPE000508,TOP001533
SPE000508,TOP000504
SPE000509,TOP001535
SPE000509,TOP001536
SPE000509,TOP001537
SPE000510,TOP001539
SPE000510,TOP001538
SPE000510,TOP001540
SPE000511,TOP001543
SPE000511,TOP001542
SPE000511,TOP001878
SPE000511,TOP001879
SPE000511,TOP001880
SPE000511,TOP001541
SPE000512,TOP001546
SPE000512,TOP001545
SPE000512,TOP001544
SPE000513,TOP001552
SPE000513,TOP001550
SPE000513,TOP001551
SPE000514,TOP000018
SPE000514,TOP001553
SPE000514,TOP000076
SPE000515,TOP001554
SPE000515,TOP001555
SPE000515,TOP001556
SPE000516,TOP001558
SPE000516,TOP001557
SPE000516,TOP001559
SPE000517,TOP001562
SPE000517,TOP001560
SPE000517,TOP001561
SPE000518,TOP001564
SPE000518,TOP001563
SPE000518,TOP001565
SPE000519,TOP001568
SPE000519,TOP001566
SPE000519,TOP001567
SPE000520,TOP001569
SPE000520,TOP001570
SPE000520,TOP001571
SPE000522,TOP001573
SPE000522,TOP001572
SPE000522,TOP001574
SPE000523,TOP001575
SPE000523,TOP001913
SPE000523,TOP001911
SPE000523,TOP001637
SPE000523,TOP001747
SPE000523,TOP001912
SPE000523,TOP001576
SPE000523,TOP001130
SPE000523,TOP001748
SPE000523,TOP001639
SPE000523,TOP001749
SPE000523,TOP001638
SPE000524,TOP001577
SPE000524,TOP001579
SPE000524,TOP001578
SPE000525,TOP001581
SPE000525,TOP001580
SPE000525,TOP001582
SPE000526,TOP001584
SPE000526,TOP001583
SPE000526,TOP001585
SPE000527,TOP001591
SPE000527,TOP001590
SPE000527,TOP001589
SPE000528,TOP001593
SPE000528,TOP000299
SPE000528,TOP001592
SPE000529,TOP001594
SPE000529,TOP001596
SPE000529,TOP001595
SPE000530,TOP001600
SPE000530,TOP001601
SPE000530,TOP001602
SPE000531,TOP001605
SPE000531,TOP001603
SPE000531,TOP001604
SPE000532,TOP001606
SPE000532,TOP001607
SPE000532,TOP001608
SPE000533,TOP001611
SPE000533,TOP001610
SPE000533,TOP001609
SPE000534,TOP001614
SPE000534,TOP001613
SPE000534,TOP001612
SPE000535,TOP001617
SPE000535,TOP001615
SPE000535,TOP001616
SPE000536,TOP001619
SPE000536,TOP001620
SPE000536,TOP001618
SPE000537,TOP001622
SPE000537,TOP001621
SPE000537,TOP000197
SPE000538,TOP001623
SPE000538,TOP001624
SPE000538,TOP001625
SPE000539,TOP001627
SPE000539,TOP001628
SPE000539,TOP001626
SPE000540,TOP001629
SPE000540,TOP000115
SPE000540,TOP001630
SPE000541,TOP001631
SPE000541,TOP001633
SPE000541,TOP001632
SPE000543,TOP001645
SPE000543,TOP001643
SPE000543,TOP001644
SPE000545,TOP001646
SPE000545,TOP001647
SPE000545,TOP001648
SPE000546,TOP001654
SPE000546,TOP001652
SPE000546,TOP001653
SPE000547,TOP000153
SPE000547,TOP001655
SPE000547,TOP000523
SPE000548,TOP001656
SPE000548,TOP001658
SPE000548,TOP001657
SPE000549,TOP001659
SPE000549,TOP001660
SPE000549,TOP001661
SPE000550,TOP001664
SPE000550,TOP001663
SPE000550,TOP001662
SPE000551,TOP001666
SPE000551,TOP001667
SPE000551,TOP001665
SPE000552,TOP001669
SPE000552,TOP001668
SPE000552,TOP001670
SPE000553,TOP001672
SPE000553,TOP005990
SPE000553,TOP005989
SPE000553,TOP005988
SPE000553,TOP001673
SPE000553,TOP001671
SPE000554,TOP001675
SPE000554,TOP001676
SPE000554,TOP001674
SPE000555,TOP001677
SPE000555,TOP001679
SPE000555,TOP001678
SPE000555,TOP003188
SPE000555,TOP002422
SPE000555,TOP001032
SPE000555,TOP003187
SPE000555,TOP002421
SPE000555,TOP003186
SPE000556,TOP001681
SPE000556,TOP001680
SPE000556,TOP001682
SPE000557,TOP001683
SPE000557,TOP001685
SPE000557,TOP001684
SPE000558,TOP001688
SPE000558,TOP001689
SPE000558,TOP001301
SPE000559,TOP001692
SPE000559,TOP001691
SPE000559,TOP001690
SPE000560,TOP001694
SPE000560,TOP001693
SPE000560,TOP001695
SPE000561,TOP001698
SPE000561,TOP001697
SPE000561,TOP001696
SPE000562,TOP001699
SPE000562,TOP001700
SPE000562,TOP001701
SPE000563,TOP001702
SPE000563,TOP000076
SPE000563,TOP001703
SPE000564,TOP001705
SPE000564,TOP001704
SPE000564,TOP001706
SPE000565,TOP001707
SPE000565,TOP001708
SPE000565,TOP001709
SPE000566,TOP001712
SPE000566,TOP001711
SPE000566,TOP001710
SPE000567,TOP001715
SPE000567,TOP001713
SPE000567,TOP001714
SPE000568,TOP001718
SPE000568,TOP001716
SPE000568,TOP001717
SPE000569,TOP001724
SPE000569,TOP001722
SPE000569,TOP001723
SPE000570,TOP001727
SPE000570,TOP001725
SPE000570,TOP001726
SPE000571,TOP001904
SPE000571,TOP001902
SPE000571,TOP001730
SPE000571,TOP001728
SPE000571,TOP001729
SPE000571,TOP001903
SPE000572,TOP001731
SPE000572,TOP001733
SPE000572,TOP001732
SPE000573,TOP001734
SPE000573,TOP001735
SPE000573,TOP001736
SPE000574,TOP001737
SPE000574,TOP000116
SPE000574,TOP001738
SPE000575,TOP001741
SPE000575,TOP001740
SPE000575,TOP001739
SPE000576,TOP001743
SPE000576,TOP001742
SPE000576,TOP000037
SPE000577,TOP001744
SPE000577,TOP001746
SPE000577,TOP001745
SPE000578,TOP001753
SPE000578,TOP001570
SPE000578,TOP001754
SPE000579,TOP001755
SPE000579,TOP001756
SPE000579,TOP001757
SPE000580,TOP001758
SPE000580,TOP001760
SPE000580,TOP001759
SPE000581,TOP001763
SPE000581,TOP001761
SPE000581,TOP001762
SPE000582,TOP001764
SPE000582,TOP001766
SPE000582,TOP001765
SPE000583,TOP001767
SPE000583,TOP001768
SPE000583,TOP001769
SPE000585,TOP001772
SPE000585,TOP001770
SPE000585,TOP001771
SPE000586,TOP001773
SPE000586,TOP001752
SPE000586,TOP001774
SPE000587,TOP001776
SPE000587,TOP001775
SPE000587,TOP001777
SPE000588,TOP001778
SPE000588,TOP001779
SPE000588,TOP001780
SPE000589,TOP003448
SPE000589,TOP003447
SPE000589,TOP003446
SPE000589,TOP001782
SPE000589,TOP001781
SPE000589,TOP001783
SPE000590,TOP001784
SPE000590,TOP001785
SPE000590,TOP001786
SPE000591,TOP001788
SPE000591,TOP001787
SPE000591,TOP001789
SPE000592,TOP001792
SPE000592,TOP001791
SPE000592,TOP001790
SPE000593,TOP001797
SPE000593,TOP001796
SPE000593,TOP001795
SPE000594,TOP001799
SPE000594,TOP001798
SPE000594,TOP000347
SPE000595,TOP001800
SPE000595,TOP001801
SPE000595,TOP001802
SPE000596,TOP001805
SPE000596,TOP001804
SPE000596,TOP001803
SPE000597,TOP001808
SPE000597,TOP001807
SPE000597,TOP001806
SPE000598,TOP001810
SPE000598,TOP001809
SPE000598,TOP001811
SPE000599,TOP001814
SPE000599,TOP001813
SPE000599,TOP001812
SPE000600,TOP000661
SPE000600,TOP001819
SPE000600,TOP001818
SPE000601,TOP001820
SPE000601,TOP001822
SPE000601,TOP001821
SPE000602,TOP001828
SPE000602,TOP001827
SPE000602,TOP001826
SPE000603,TOP001830
SPE000603,TOP001831
SPE000603,TOP001829
SPE000604,TOP001570
SPE000604,TOP001832
SPE000604,TOP001833
SPE000605,TOP001836
SPE000605,TOP001834
SPE000605,TOP001835
SPE000606,TOP001837
SPE000606,TOP001838
SPE000606,TOP001839
SPE000607,TOP001840
SPE000607,TOP001841
SPE000607,TOP001842
SPE000608,TOP001845
SPE000608,TOP001843
SPE000608,TOP001844
SPE000609,TOP001848
SPE000609,TOP001847
SPE000609,TOP001846
SPE000610,TOP001850
SPE000610,TOP001849
SPE000610,TOP001851
SPE000611,TOP001852
SPE000611,TOP001854
SPE000611,TOP001853
SPE000612,TOP001855
SPE000612,TOP001856
SPE000612,TOP001857
SPE000613,TOP001860
SPE000613,TOP001858
SPE000613,TOP001859
SPE000614,TOP001862
SPE000614,TOP001861
SPE000614,TOP001863
SPE000615,TOP001866
SPE000615,TOP001865
SPE000615,TOP001864
SPE000616,TOP001867
SPE000616,TOP000856
SPE000616,TOP001868
SPE000617,TOP001869
SPE000617,TOP001870
SPE000617,TOP001871
SPE000618,TOP001875
SPE000618,TOP001876
SPE000618,TOP001877
SPE000619,TOP001882
SPE000619,TOP001881
SPE000619,TOP001883
SPE000620,TOP001884
SPE000620,TOP001885
SPE000620,TOP001886
SPE000621,TOP001887
SPE000621,TOP001889
SPE000621,TOP001888
SPE000622,TOP001890
SPE000622,TOP001892
SPE000622,TOP001891
SPE000623,TOP001895
SPE000623,TOP001894
SPE000623,TOP001893
SPE000624,TOP001897
SPE000624,TOP001898
SPE000624,TOP001896
SPE000625,TOP001901
SPE000625,TOP001899
SPE000625,TOP001900
SPE000626,TOP001905
SPE000626,TOP001907
SPE000626,TOP001906
SPE000627,TOP001910
SPE000627,TOP001909
SPE000627,TOP001908
SPE000628,TOP001922
SPE000628,TOP001921
SPE000628,TOP001920
SPE000629,TOP001923
SPE000629,TOP001925
SPE000629,TOP001947
SPE000629,TOP001948
SPE000629,TOP001924
SPE000630,TOP001926
SPE000630,TOP001928
SPE000630,TOP001927
SPE000631,TOP001931
SPE000631,TOP001930
SPE000631,TOP001929
SPE000632,TOP001933
SPE000632,TOP001932
SPE000632,TOP001934
SPE000633,TOP001935
SPE000633,TOP001937
SPE000633,TOP001936
SPE000634,TOP001938
SPE000634,TOP001939
SPE000634,TOP001940
SPE000635,TOP001943
SPE000635,TOP001941
SPE000635,TOP001942
SPE000636,TOP001944
SPE000636,TOP001945
SPE000636,TOP001946
SPE000637,TOP001951
SPE000637,TOP001950
SPE000637,TOP001949
SPE000638,TOP001953
SPE000638,TOP001954
SPE000638,TOP001952
SPE000639,TOP001955
SPE000639,TOP001957
SPE000639,TOP001956
SPE000640,TOP001958
SPE000640,TOP001959
SPE000640,TOP001960
SPE000641,TOP001961
SPE000641,TOP001962
SPE000641,TOP001963
SPE000642,TOP001964
SPE000642,TOP001965
SPE000642,TOP001966
SPE000643,TOP001969
SPE000643,TOP001967
SPE000643,TOP001968
SPE000644,TOP001972
SPE000644,TOP001970
SPE000644,TOP001971
SPE000645,TOP001973
SPE000645,TOP001974
SPE000645,TOP001975
SPE000646,TOP001976
SPE000646,TOP001977
SPE000646,TOP001978
SPE000647,TOP001982
SPE000647,TOP001983
SPE000647,TOP001984
SPE000648,TOP001985
SPE000648,TOP001986
SPE000648,TOP001987
SPE000649,TOP001988
SPE000649,TOP001990
SPE000649,TOP001989
SPE000650,TOP001993
SPE000650,TOP001992
SPE000650,TOP001991
SPE000651,TOP001994
SPE000651,TOP001996
SPE000651,TOP001995
SPE000652,TOP001999
SPE000652,TOP001997
SPE000652,TOP001998
SPE000653,TOP001570
SPE000653,TOP002001
SPE000653,TOP002000
SPE000654,TOP002003
SPE000654,TOP002004
SPE000654,TOP002002
SPE000655,TOP002010
SPE000655,TOP002009
SPE000655,TOP002008
SPE000656,TOP002012
SPE000656,TOP002013
SPE000656,TOP002011
SPE000657,TOP002014
SPE000657,TOP002016
SPE000657,TOP002015
SPE000658,TOP002081
SPE000658,TOP002118
SPE000658,TOP001977
SPE000658,TOP003226
SPE000658,TOP002194
SPE000658,TOP003224
SPE000658,TOP002083
SPE000658,TOP002082
SPE000658,TOP002117
SPE000658,TOP000153
SPE000658,TOP002017
SPE000658,TOP003225
SPE000658,TOP001848
SPE000658,TOP002119
SPE000658,TOP002193
SPE000659,TOP002019
SPE000659,TOP000115
SPE000659,TOP002018
SPE000660,TOP002020
SPE000660,TOP002021
SPE000660,TOP002022
SPE000661,TOP002024
SPE000661,TOP002025
SPE000661,TOP002023
SPE000662,TOP002022
SPE000662,TOP002026
SPE000662,TOP002027
SPE000663,TOP002029
SPE000663,TOP002030
SPE000663,TOP002028
SPE000664,TOP002031
SPE000664,TOP001986
SPE000664,TOP002032
SPE000665,TOP000018
SPE000665,TOP000703
SPE000665,TOP001848
SPE000666,TOP002033
SPE000666,TOP002034
SPE000666,TOP002035
SPE000667,TOP002041
SPE000667,TOP002040
SPE000667,TOP002039
SPE000668,TOP002044
SPE000668,TOP002043
SPE000668,TOP002042
SPE000669,TOP000076
SPE000669,TOP002045
SPE000669,TOP000477
SPE000670,TOP000477
SPE000670,TOP000076
SPE000670,TOP002045
SPE000671,TOP002046
SPE000671,TOP002047
SPE000671,TOP001985
SPE000672,TOP001985
SPE000672,TOP002048
SPE000672,TOP002049
SPE000673,TOP002052
SPE000673,TOP002050
SPE000673,TOP002051
SPE000674,TOP002056
SPE000674,TOP002057
SPE000674,TOP000153
SPE000675,TOP002059
SPE000675,TOP002058
SPE000675,TOP002060
SPE000676,TOP002061
SPE000676,TOP002062
SPE000676,TOP001486
SPE000677,TOP002063
SPE000677,TOP002064
SPE000677,TOP002065
SPE000678,TOP002067
SPE000678,TOP002068
SPE000678,TOP002066
SPE000679,TOP002069
SPE000679,TOP002070
SPE000679,TOP002071
SPE000681,TOP002073
SPE000681,TOP002074
SPE000681,TOP002072
SPE000682,TOP002076
SPE000682,TOP002075
SPE000682,TOP002077
SPE000683,TOP002079
SPE000683,TOP002080
SPE000683,TOP002078
SPE000684,TOP002085
SPE000684,TOP002086
SPE000684,TOP002084
SPE000685,TOP002088
SPE000685,TOP002089
SPE000685,TOP002087
SPE000686,TOP002091
SPE000686,TOP002092
SPE000686,TOP002090
SPE000687,TOP002093
SPE000687,TOP002095
SPE000687,TOP002094
SPE000688,TOP002096
SPE000688,TOP002098
SPE000688,TOP002097
SPE000689,TOP002099
SPE000689,TOP002081
SPE000689,TOP002100
SPE000690,TOP002101
SPE000690,TOP000076
SPE000690,TOP001194
SPE000691,TOP002102
SPE000691,TOP002104
SPE000691,TOP002103
SPE000692,TOP002109
SPE000692,TOP002110
SPE000692,TOP002108
SPE000693,TOP002112
SPE000693,TOP002111
SPE000693,TOP002113
SPE000694,TOP002114
SPE000694,TOP002116
SPE000694,TOP002115
SPE000695,TOP002120
SPE000695,TOP002122
SPE000695,TOP002121
SPE000696,TOP002123
SPE000696,TOP002125
SPE000696,TOP002124
SPE000697,TOP002128
SPE000697,TOP002127
SPE000697,TOP002126
SPE000698,TOP002131
SPE000698,TOP002129
SPE000698,TOP002130
SPE000699,TOP002132
SPE000699,TOP002133
SPE000699,TOP002134
SPE000700,TOP002137
SPE000700,TOP002136
SPE000700,TOP002135
SPE000701,TOP002138
SPE000701,TOP002140
SPE000701,TOP002139
SPE000702,TOP002099
SPE000702,TOP002141
SPE000702,TOP002100
SPE000703,TOP002147
SPE000703,TOP002145
SPE000703,TOP002146
SPE000704,TOP002150
SPE000704,TOP002148
SPE000704,TOP002149
SPE000705,TOP002152
SPE000705,TOP002153
SPE000705,TOP002151
SPE000706,TOP002155
SPE000706,TOP002154
SPE000706,TOP002156
SPE000707,TOP002161
SPE000707,TOP002162
SPE000707,TOP002160
SPE000708,TOP002165
SPE000708,TOP002163
SPE000708,TOP002164
SPE000709,TOP002166
SPE000709,TOP002167
SPE000709,TOP002168
SPE000710,TOP002170
SPE000710,TOP002171
SPE000710,TOP002169
SPE000711,TOP002174
SPE000711,TOP002172
SPE000711,TOP002173
SPE000712,TOP002175
SPE000712,TOP001848
SPE000712,TOP000018
SPE000713,TOP002176
SPE000713,TOP002178
SPE000713,TOP002177
SPE000714,TOP002181
SPE000714,TOP002180
SPE000714,TOP002179
SPE000715,TOP002184
SPE000715,TOP002182
SPE000715,TOP002183
SPE000716,TOP002186
SPE000716,TOP002187
SPE000716,TOP002185
SPE000717,TOP002188
SPE000717,TOP002189
SPE000717,TOP000805
SPE000718,TOP002191
SPE000718,TOP002192
SPE000718,TOP002190
SPE000719,TOP002197
SPE000719,TOP002196
SPE000719,TOP002195
SPE000720,TOP002200
SPE000720,TOP002198
SPE000720,TOP002199
SPE000721,TOP002201
SPE000721,TOP002202
SPE000721,TOP002203
SPE000722,TOP002205
SPE000722,TOP002206
SPE000722,TOP002204
SPE000723,TOP002207
SPE000723,TOP002209
SPE000723,TOP002208
SPE000724,TOP002210
SPE000724,TOP002211
SPE000724,TOP002212
SPE000725,TOP002213
SPE000725,TOP002215
SPE000725,TOP002214
SPE000726,TOP002217
SPE000726,TOP002216
SPE000726,TOP002218
SPE000727,TOP002219
SPE000727,TOP002220
SPE000727,TOP002221
SPE000728,TOP002223
SPE000728,TOP002224
SPE000728,TOP002222
SPE000729,TOP002225
SPE000729,TOP002226
SPE000729,TOP002227
SPE000730,TOP002201
SPE000730,TOP002228
SPE000730,TOP002229
SPE000731,TOP001848
SPE000731,TOP002230
SPE000731,TOP000264
SPE000732,TOP002235
SPE000732,TOP002234
SPE000732,TOP002236
SPE000733,TOP002239
SPE000733,TOP002237
SPE000733,TOP002238
SPE000734,TOP002242
SPE000734,TOP002240
SPE000734,TOP002241
SPE000735,TOP002243
SPE000735,TOP002244
SPE000735,TOP002245
SPE000736,TOP002247
SPE000736,TOP002246
SPE000736,TOP002248
SPE000737,TOP002249
SPE000737,TOP002250
SPE000737,TOP002251
SPE000738,TOP002252
SPE000738,TOP002253
SPE000738,TOP002254
SPE000739,TOP002255
SPE000739,TOP002257
SPE000739,TOP002256
SPE000740,TOP002258
SPE000740,TOP002259
SPE000740,TOP002260
SPE000741,TOP002261
SPE000741,TOP002263
SPE000741,TOP002262
SPE000742,TOP002266
SPE000742,TOP002265
SPE000742,TOP002264
SPE000743,TOP002267
SPE000743,TOP002269
SPE000743,TOP002268
SPE000744,TOP002272
SPE000744,TOP002270
SPE000744,TOP002271
SPE000745,TOP002273
SPE000745,TOP002274
SPE000745,TOP002275
SPE000746,TOP002280
SPE000746,TOP002279
SPE000746,TOP002281
SPE000747,TOP002282
SPE000747,TOP002284
SPE000747,TOP002283
SPE000748,TOP002287
SPE000748,TOP002286
SPE000748,TOP002285
SPE000749,TOP000805
SPE000749,TOP002288
SPE000749,TOP002289
SPE000750,TOP002290
SPE000750,TOP002291
SPE000750,TOP002292
SPE000751,TOP002294
SPE000751,TOP002295
SPE000751,TOP002293
SPE000752,TOP002296
SPE000752,TOP002297
SPE000752,TOP002298
SPE000753,TOP002299
SPE000753,TOP002301
SPE000753,TOP002300
SPE000754,TOP002306
SPE000754,TOP002305
SPE000754,TOP002307
SPE000755,TOP002310
SPE000755,TOP002308
SPE000755,TOP002309
SPE000756,TOP002311
SPE000756,TOP002242
SPE000756,TOP002312
SPE000757,TOP002314
SPE000757,TOP002321
SPE000757,TOP001228
SPE000757,TOP002313
SPE000757,TOP002233
SPE000758,TOP002316
SPE000758,TOP002315
SPE000758,TOP002317
SPE000759,TOP002319
SPE000759,TOP002320
SPE000759,TOP002318
SPE000760,TOP002324
SPE000760,TOP002323
SPE000760,TOP002322
SPE000761,TOP002325
SPE000761,TOP001767
SPE000761,TOP001848
SPE000762,TOP002331
SPE000762,TOP002329
SPE000762,TOP002330
SPE000763,TOP002334
SPE000763,TOP002333
SPE000763,TOP002332
SPE000764,TOP002336
SPE000764,TOP002337
SPE000764,TOP002335
SPE000765,TOP002339
SPE000765,TOP002338
SPE000765,TOP002340
SPE000766,TOP002343
SPE000766,TOP002341
SPE000766,TOP002342
SPE000767,TOP002346
SPE000767,TOP002344
SPE000767,TOP002345
SPE000768,TOP002349
SPE000768,TOP002348
SPE000768,TOP002347
SPE000769,TOP002350
SPE000769,TOP002352
SPE000769,TOP002351
SPE000770,TOP002354
SPE000770,TOP002355
SPE000770,TOP002353
SPE000771,TOP002357
SPE000771,TOP002358
SPE000771,TOP002356
SPE000772,TOP002361
SPE000772,TOP002360
SPE000772,TOP002359
SPE000773,TOP002364
SPE000773,TOP002363
SPE000773,TOP002362
SPE000774,TOP002367
SPE000774,TOP002365
SPE000774,TOP002366
SPE000775,TOP002369
SPE000775,TOP002368
SPE000775,TOP002370
SPE000776,TOP002372
SPE000776,TOP002371
SPE000776,TOP002373
SPE000777,TOP002376
SPE000777,TOP002375
SPE000777,TOP002374
SPE000778,TOP002377
SPE000778,TOP002378
SPE000778,TOP002379
SPE000779,TOP002382
SPE000779,TOP002381
SPE000779,TOP002380
SPE000780,TOP002383
SPE000780,TOP002384
SPE000780,TOP002385
SPE000781,TOP002387
SPE000781,TOP002388
SPE000781,TOP002386
SPE000782,TOP002390
SPE000782,TOP002389
SPE000782,TOP002391
SPE000783,TOP002392
SPE000783,TOP002393
SPE000783,TOP002394
SPE000784,TOP002395
SPE000784,TOP002396
SPE000784,TOP001968
SPE000785,TOP002398
SPE000785,TOP002399
SPE000785,TOP002397
SPE000786,TOP002401
SPE000786,TOP001696
SPE000786,TOP002400
SPE000787,TOP002404
SPE000787,TOP002402
SPE000787,TOP002403
SPE000788,TOP002405
SPE000788,TOP002407
SPE000788,TOP002406
SPE000789,TOP002410
SPE000789,TOP002409
SPE000789,TOP002408
SPE000790,TOP002412
SPE000790,TOP002413
SPE000790,TOP002411
SPE000791,TOP002415
SPE000791,TOP002414
SPE000791,TOP000477
SPE000792,TOP002416
SPE000792,TOP002418
SPE000792,TOP002417
SPE000793,TOP002419
SPE000793,TOP002103
SPE000793,TOP002420
SPE000794,TOP002424
SPE000794,TOP002423
SPE000794,TOP002425
SPE000795,TOP002428
SPE000795,TOP002427
SPE000795,TOP002426
SPE000796,TOP002429
SPE000796,TOP000076
SPE000796,TOP002430
SPE000797,TOP002432
SPE000797,TOP002431
SPE000797,TOP002433
SPE000798,TOP002436
SPE000798,TOP002435
SPE000798,TOP002434
SPE000799,TOP002437
SPE000799,TOP002438
SPE000799,TOP002439
SPE000800,TOP002444
SPE000800,TOP002445
SPE000800,TOP002443
SPE000801,TOP002448
SPE000801,TOP002447
SPE000801,TOP002446
SPE000802,TOP002450
SPE000802,TOP002451
SPE000802,TOP002449
SPE000803,TOP002454
SPE000803,TOP002453
SPE000803,TOP002452
SPE000804,TOP002455
SPE000804,TOP002456
SPE000804,TOP002457
SPE000805,TOP002459
SPE000805,TOP001586
SPE000805,TOP002458
SPE000806,TOP001505
SPE000806,TOP002461
SPE000806,TOP002460
SPE000807,TOP002464
SPE000807,TOP002463
SPE000807,TOP002462
SPE000808,TOP002465
SPE000808,TOP002467
SPE000808,TOP002466
SPE000809,TOP002469
SPE000809,TOP002468
SPE000809,TOP002470
SPE000810,TOP001848
SPE000810,TOP000018
SPE000810,TOP002325
SPE000811,TOP001883
SPE000811,TOP002472
SPE000811,TOP002471
SPE000812,TOP002474
SPE000812,TOP002265
SPE000812,TOP002473
SPE000813,TOP002477
SPE000813,TOP002475
SPE000813,TOP002476
SPE000814,TOP002478
SPE000814,TOP002479
SPE000814,TOP002480
SPE000815,TOP002481
SPE000815,TOP002483
SPE000815,TOP002482
SPE000816,TOP002486
SPE000816,TOP002485
SPE000816,TOP002484
SPE000817,TOP002489
SPE000817,TOP002488
SPE000817,TOP002487
SPE000818,TOP002492
SPE000818,TOP002491
SPE000818,TOP002490
SPE000819,TOP002495
SPE000819,TOP002496
SPE000819,TOP000076
SPE000820,TOP002497
SPE000820,TOP002498
SPE000820,TOP000713
SPE000821,TOP002500
SPE000821,TOP002501
SPE000821,TOP002499
SPE000822,TOP002502
SPE000822,TOP002504
SPE000822,TOP002503
SPE000823,TOP002505
SPE000823,TOP002507
SPE000823,TOP002506
SPE000824,TOP002509
SPE000824,TOP002510
SPE000824,TOP002508
SPE000825,TOP002512
SPE000825,TOP002511
SPE000825,TOP002513
SPE000826,TOP002514
SPE000826,TOP002523
SPE000826,TOP002364
SPE000826,TOP002516
SPE000826,TOP002515
SPE000826,TOP000477
SPE000827,TOP002518
SPE000827,TOP002519
SPE000827,TOP002517
SPE000828,TOP002520
SPE000828,TOP002522
SPE000828,TOP002521
SPE000829,TOP002524
SPE000829,TOP002508
SPE000829,TOP002509
SPE000830,TOP002525
SPE000830,TOP001570
SPE000830,TOP002526
SPE000831,TOP002527
SPE000831,TOP002528
SPE000831,TOP002529
SPE000832,TOP002530
SPE000832,TOP002531
SPE000832,TOP002532
SPE000833,TOP002534
SPE000833,TOP002533
SPE000833,TOP002535
SPE000834,TOP002536
SPE000834,TOP002537
SPE000834,TOP002538
SPE000835,TOP002539
SPE000835,TOP002540
SPE000835,TOP002541
SPE000836,TOP002542
SPE000836,TOP002543
SPE000836,TOP002544
SPE000837,TOP002547
SPE000837,TOP002546
SPE000837,TOP002545
SPE000838,TOP002549
SPE000838,TOP002550
SPE000838,TOP002548
SPE000839,TOP000076
SPE000839,TOP002551
SPE000839,TOP002552
SPE000840,TOP002554
SPE000840,TOP002555
SPE000840,TOP002553
SPE000841,TOP002556
SPE000841,TOP002557
SPE000841,TOP002558
SPE000842,TOP002560
SPE000842,TOP002561
SPE000842,TOP002559
SPE000843,TOP002562
SPE000843,TOP002563
SPE000843,TOP002564
SPE000844,TOP002566
SPE000844,TOP002565
SPE000844,TOP002567
SPE000845,TOP002569
SPE000845,TOP002570
SPE000845,TOP002568
SPE000846,TOP002571
SPE000846,TOP002572
SPE000846,TOP002364
SPE000847,TOP001770
SPE000847,TOP002573
SPE000847,TOP002574
SPE000848,TOP002576
SPE000848,TOP002575
SPE000848,TOP002577
SPE000849,TOP002578
SPE000849,TOP002579
SPE000849,TOP002580
SPE000850,TOP002586
SPE000850,TOP002584
SPE000850,TOP002585
SPE000851,TOP002588
SPE000851,TOP002587
SPE000851,TOP002589
SPE000852,TOP002005
SPE000852,TOP003309
SPE000852,TOP002590
SPE000852,TOP003310
SPE000852,TOP003308
SPE000852,TOP001546
SPE000853,TOP002592
SPE000853,TOP002593
SPE000853,TOP002591
SPE000854,TOP002595
SPE000854,TOP002596
SPE000854,TOP002594
SPE000855,TOP002599
SPE000855,TOP002600
SPE000855,TOP002601
SPE000856,TOP002603
SPE000856,TOP002604
SPE000856,TOP002602
SPE000857,TOP002605
SPE000857,TOP002606
SPE000857,TOP002607
SPE000858,TOP002608
SPE000858,TOP002610
SPE000858,TOP002609
SPE000859,TOP002612
SPE000859,TOP002611
SPE000859,TOP002613
SPE000860,TOP002616
SPE000860,TOP002615
SPE000860,TOP002614
SPE000861,TOP001927
SPE000861,TOP000076
SPE000861,TOP002617
SPE000862,TOP002620
SPE000862,TOP002619
SPE000862,TOP002618
SPE000863,TOP002621
SPE000863,TOP002622
SPE000863,TOP002623
SPE000864,TOP002624
SPE000864,TOP002626
SPE000864,TOP002625
SPE000865,TOP002629
SPE000865,TOP002627
SPE000865,TOP002628
SPE000866,TOP002635
SPE000866,TOP002634
SPE000866,TOP002633
SPE000867,TOP002637
SPE000867,TOP002638
SPE000867,TOP002636
SPE000868,TOP002641
SPE000868,TOP002639
SPE000868,TOP002640
SPE000869,TOP002642
SPE000869,TOP002643
SPE000869,TOP002644
SPE000870,TOP002645
SPE000870,TOP002691
SPE000870,TOP002689
SPE000870,TOP002647
SPE000870,TOP002646
SPE000870,TOP002690
SPE000871,TOP002650
SPE000871,TOP002649
SPE000871,TOP002648
SPE000872,TOP002652
SPE000872,TOP002651
SPE000872,TOP002653
SPE000873,TOP002656
SPE000873,TOP002654
SPE000873,TOP002655
SPE000874,TOP002658
SPE000874,TOP002659
SPE000874,TOP002657
SPE000875,TOP002662
SPE000875,TOP002661
SPE000875,TOP002660
SPE000876,TOP002663
SPE000876,TOP002665
SPE000876,TOP002664
SPE000877,TOP002668
SPE000877,TOP002666
SPE000877,TOP002667
SPE000878,TOP002670
SPE000878,TOP002671
SPE000878,TOP002669
SPE000879,TOP002672
SPE000879,TOP002674
SPE000879,TOP002556
SPE000879,TOP002673
SPE000880,TOP002676
SPE000880,TOP002675
SPE000880,TOP002677
SPE000881,TOP002680
SPE000881,TOP002679
SPE000881,TOP002678
SPE000882,TOP002681
SPE000882,TOP002683
SPE000882,TOP002682
SPE000883,TOP002685
SPE000883,TOP002686
SPE000883,TOP002684
SPE000884,TOP000076
SPE000884,TOP002688
SPE000884,TOP002687
SPE000885,TOP002692
SPE000885,TOP002693
SPE000885,TOP002694
SPE000886,TOP002696
SPE000886,TOP002695
SPE000886,TOP002697
SPE000887,TOP002698
SPE000887,TOP002700
SPE000887,TOP002699
SPE000888,TOP002703
SPE000888,TOP002701
SPE000888,TOP002702
SPE000889,TOP002704
SPE000889,TOP002705
SPE000889,TOP002706
SPE000890,TOP002708
SPE000890,TOP001797
SPE000890,TOP002707
SPE000891,TOP002712
SPE000891,TOP002646
SPE000891,TOP002713
SPE000892,TOP002718
SPE000892,TOP002719
SPE000892,TOP002717
SPE000893,TOP002371
SPE000893,TOP002721
SPE000893,TOP002720
SPE000894,TOP002723
SPE000894,TOP002722
SPE000894,TOP002724
SPE000895,TOP002725
SPE000895,TOP002727
SPE000895,TOP002726
SPE000896,TOP002733
SPE000896,TOP002731
SPE000896,TOP002732
SPE000897,TOP002734
SPE000897,TOP002736
SPE000897,TOP002735
SPE000898,TOP002740
SPE000898,TOP002742
SPE000898,TOP002741
SPE000899,TOP002745
SPE000899,TOP002743
SPE000899,TOP002744
SPE000900,TOP002746
SPE000900,TOP002748
SPE000900,TOP002747
SPE000901,TOP002750
SPE000901,TOP002751
SPE000901,TOP002749
SPE000902,TOP002753
SPE000902,TOP002752
SPE000902,TOP002754
SPE000903,TOP002755
SPE000903,TOP002756
SPE000903,TOP002757
SPE000904,TOP002758
SPE000904,TOP002760
SPE000904,TOP002759
SPE000905,TOP002761
SPE000905,TOP002763
SPE000905,TOP002762
SPE000906,TOP002764
SPE000906,TOP002765
SPE000906,TOP002766
SPE000907,TOP002767
SPE000907,TOP002768
SPE000907,TOP000207
SPE000908,TOP002325
SPE000908,TOP002460
SPE000908,TOP002769
SPE000909,TOP001328
SPE000909,TOP002770
SPE000909,TOP002771
SPE000910,TOP002772
SPE000910,TOP002773
SPE000910,TOP002774
SPE000911,TOP002775
SPE000911,TOP002776
SPE000911,TOP002777
SPE000912,TOP002778
SPE000912,TOP002780
SPE000912,TOP002779
SPE000913,TOP002782
SPE000913,TOP002781
SPE000913,TOP002783
SPE000914,TOP002785
SPE000914,TOP001625
SPE000914,TOP002784
SPE000915,TOP002789
SPE000915,TOP002790
SPE000915,TOP002791
SPE000916,TOP002793
SPE000916,TOP002794
SPE000916,TOP002792
SPE000917,TOP002795
SPE000917,TOP002797
SPE000917,TOP002796
SPE000918,TOP002798
SPE000918,TOP002799
SPE000918,TOP002800
SPE000919,TOP002802
SPE000919,TOP002801
SPE000919,TOP002803
SPE000920,TOP002805
SPE000920,TOP002804
SPE000920,TOP002806
SPE000921,TOP002807
SPE000921,TOP002809
SPE000921,TOP002808
SPE000922,TOP002812
SPE000922,TOP002811
SPE000922,TOP002810
SPE000923,TOP002815
SPE000923,TOP002814
SPE000923,TOP002813
SPE000924,TOP002817
SPE000924,TOP002816
SPE000924,TOP002818
SPE000925,TOP002820
SPE000925,TOP002821
SPE000925,TOP002819
SPE000926,TOP002823
SPE000926,TOP002822
SPE000926,TOP002824
SPE000927,TOP000076
SPE000927,TOP002826
SPE000927,TOP002825
SPE000928,TOP002325
SPE000928,TOP002056
SPE000928,TOP002827
SPE000929,TOP002829
SPE000929,TOP002828
SPE000929,TOP002830
SPE000930,TOP002833
SPE000930,TOP002831
SPE000930,TOP002832
SPE000931,TOP002835
SPE000931,TOP002836
SPE000931,TOP002834
SPE000932,TOP002839
SPE000932,TOP002837
SPE000932,TOP002838
SPE000933,TOP002842
SPE000933,TOP002840
SPE000933,TOP002841
SPE000934,TOP002844
SPE000934,TOP002843
SPE000934,TOP002845
SPE000935,TOP002846
SPE000935,TOP002848
SPE000935,TOP002847
SPE000936,TOP002769
SPE000936,TOP002325
SPE000936,TOP001848
SPE000937,TOP002852
SPE000937,TOP002853
SPE000937,TOP002854
SPE000938,TOP002855
SPE000938,TOP002856
SPE000938,TOP002857
SPE000939,TOP002859
SPE000939,TOP002860
SPE000939,TOP002858
SPE000940,TOP002861
SPE000940,TOP002862
SPE000940,TOP002863
SPE000941,TOP002865
SPE000941,TOP002864
SPE000941,TOP000269
SPE000942,TOP002868
SPE000942,TOP002866
SPE000942,TOP002867
SPE000943,TOP002870
SPE000943,TOP002869
SPE000943,TOP002871
SPE000944,TOP002873
SPE000944,TOP002874
SPE000944,TOP002872
SPE000945,TOP002875
SPE000945,TOP002876
SPE000945,TOP002877
SPE000946,TOP002879
SPE000946,TOP002878
SPE000946,TOP001783
SPE000947,TOP002881
SPE000947,TOP002882
SPE000947,TOP002880
SPE000948,TOP002884
SPE000948,TOP002883
SPE000948,TOP002885
SPE000949,TOP002887
SPE000949,TOP002888
SPE000949,TOP002886
SPE000950,TOP002889
SPE000950,TOP000269
SPE000950,TOP001077
SPE000951,TOP003116
SPE000951,TOP002890
SPE000951,TOP003115
SPE000951,TOP002891
SPE000951,TOP002982
SPE000951,TOP002892
SPE000951,TOP002984
SPE000951,TOP002983
SPE000951,TOP003117
SPE000952,TOP002894
SPE000952,TOP002895
SPE000952,TOP002893
SPE000953,TOP002897
SPE000953,TOP002896
SPE000953,TOP002898
SPE000954,TOP002900
SPE000954,TOP002899
SPE000954,TOP002901
SPE000955,TOP002902
SPE000955,TOP001783
SPE000955,TOP002903
SPE000956,TOP002906
SPE000956,TOP002905
SPE000956,TOP002904
SPE000957,TOP002909
SPE000957,TOP002908
SPE000957,TOP002907
SPE000958,TOP002912
SPE000958,TOP002910
SPE000958,TOP002911
SPE000959,TOP002914
SPE000959,TOP002913
SPE000959,TOP002915
SPE000960,TOP002917
SPE000960,TOP002918
SPE000960,TOP002916
SPE000961,TOP002920
SPE000961,TOP002919
SPE000961,TOP002921
SPE000962,TOP002922
SPE000962,TOP002924
SPE000962,TOP002923
SPE000963,TOP002927
SPE000963,TOP002926
SPE000963,TOP002925
SPE000964,TOP002929
SPE000964,TOP002928
SPE000964,TOP002930
SPE000965,TOP002933
SPE000965,TOP002931
SPE000965,TOP002932
SPE000966,TOP002935
SPE000966,TOP002936
SPE000966,TOP002934
SPE000967,TOP002939
SPE000967,TOP002938
SPE000967,TOP002937
SPE000968,TOP002942
SPE000968,TOP002941
SPE000968,TOP002940
SPE000969,TOP002325
SPE000969,TOP002943
SPE000969,TOP002944
SPE000970,TOP002946
SPE000970,TOP002945
SPE000970,TOP002947
SPE000971,TOP002949
SPE000971,TOP002950
SPE000971,TOP002948
SPE000972,TOP002951
SPE000972,TOP002953
SPE000972,TOP002952
SPE000973,TOP002955
SPE000973,TOP002956
SPE000973,TOP002954
SPE000974,TOP002959
SPE000974,TOP002958
SPE000974,TOP002957
SPE000975,TOP002960
SPE000975,TOP002961
SPE000975,TOP000299
SPE000976,TOP002966
SPE000976,TOP002965
SPE000976,TOP002967
SPE000977,TOP002968
SPE000977,TOP001820
SPE000977,TOP002969
SPE000978,TOP002971
SPE000978,TOP002972
SPE000978,TOP002970
SPE000979,TOP002974
SPE000979,TOP002975
SPE000979,TOP002973
SPE000980,TOP002976
SPE000980,TOP002978
SPE000980,TOP002977
SPE000981,TOP002980
SPE000981,TOP002981
SPE000981,TOP002979
SPE000982,TOP002985
SPE000982,TOP002987
SPE000982,TOP002986
SPE000983,TOP002990
SPE000983,TOP002988
SPE000983,TOP002989
SPE000984,TOP002325
SPE000984,TOP002992
SPE000984,TOP002991
SPE000985,TOP002993
SPE000985,TOP002995
SPE000985,TOP002994
SPE000986,TOP002996
SPE000986,TOP002998
SPE000986,TOP002997
SPE000987,TOP002999
SPE000987,TOP003000
SPE000987,TOP000598
SPE000988,TOP003003
SPE000988,TOP003001
SPE000988,TOP003002
SPE000989,TOP003005
SPE000989,TOP003004
SPE000989,TOP003006
SPE000990,TOP003009
SPE000990,TOP003008
SPE000990,TOP003007
SPE000991,TOP003011
SPE000991,TOP003010
SPE000991,TOP003012
SPE000992,TOP003014
SPE000992,TOP003013
SPE000992,TOP003015
SPE000993,TOP003016
SPE000993,TOP003018
SPE000993,TOP003017
SPE000994,TOP003019
SPE000994,TOP002976
SPE000994,TOP003020
SPE000995,TOP002056
SPE000995,TOP003021
SPE000995,TOP002325
SPE000996,TOP003022
SPE000996,TOP003024
SPE000996,TOP003023
SPE000997,TOP003027
SPE000997,TOP003026
SPE000997,TOP003025
SPE000998,TOP003029
SPE000998,TOP001077
SPE000998,TOP003028
SPE000999,TOP003031
SPE000999,TOP003032
SPE000999,TOP003030
SPE001000,TOP003033
SPE001000,TOP003035
SPE001000,TOP003034
SPE001001,TOP003037
SPE001001,TOP003036
SPE001001,TOP001077
SPE001002,TOP003039
SPE001002,TOP003038
SPE001002,TOP003040
SPE001003,TOP002457
SPE001003,TOP003641
SPE001003,TOP003473
SPE001003,TOP003163
SPE001003,TOP003472
SPE001003,TOP003640
SPE001003,TOP003642
SPE001003,TOP003165
SPE001003,TOP003041
SPE001003,TOP003042
SPE001003,TOP003471
SPE001003,TOP003164
SPE001004,TOP003045
SPE001004,TOP003044
SPE001004,TOP003043
SPE001005,TOP003048
SPE001005,TOP003046
SPE001005,TOP003047
SPE001006,TOP003051
SPE001006,TOP003049
SPE001006,TOP003050
SPE001007,TOP003054
SPE001007,TOP003052
SPE001007,TOP003053
SPE001008,TOP003055
SPE001008,TOP002325
SPE001008,TOP000076
SPE001009,TOP003058
SPE001009,TOP003057
SPE001009,TOP003056
SPE001010,TOP003060
SPE001010,TOP003059
SPE001010,TOP003061
SPE001011,TOP003062
SPE001011,TOP003064
SPE001011,TOP003063
SPE001012,TOP003066
SPE001012,TOP003067
SPE001012,TOP003065
SPE001013,TOP003070
SPE001013,TOP003068
SPE001013,TOP003069
SPE001014,TOP003073
SPE001014,TOP003072
SPE001014,TOP003071
SPE001015,TOP003074
SPE001015,TOP000496
SPE001015,TOP003075
SPE001016,TOP003077
SPE001016,TOP003076
SPE001016,TOP000496
SPE001017,TOP002022
SPE001017,TOP003078
SPE001017,TOP003079
SPE001018,TOP003082
SPE001018,TOP003080
SPE001018,TOP003081
SPE001019,TOP003084
SPE001019,TOP003085
SPE001019,TOP003083
SPE001020,TOP003087
SPE001020,TOP003088
SPE001020,TOP003086
SPE001021,TOP003090
SPE001021,TOP003089
SPE001021,TOP000772
SPE001022,TOP003093
SPE001022,TOP003091
SPE001022,TOP003092
SPE001023,TOP003096
SPE001023,TOP003094
SPE001023,TOP003095
SPE001024,TOP003098
SPE001024,TOP003097
SPE001024,TOP003099
SPE001025,TOP003100
SPE001025,TOP003102
SPE001025,TOP003101
SPE001026,TOP003104
SPE001026,TOP003105
SPE001026,TOP003103
SPE001027,TOP003108
SPE001027,TOP003106
SPE001027,TOP003107
SPE001028,TOP003110
SPE001028,TOP003109
SPE001028,TOP003111
SPE001029,TOP003114
SPE001029,TOP003113
SPE001029,TOP003112
SPE001030,TOP003118
SPE001030,TOP003120
SPE001030,TOP003119
SPE001031,TOP003121
SPE001031,TOP003123
SPE001031,TOP003122
SPE001032,TOP003125
SPE001032,TOP003124
SPE001032,TOP003126
SPE001033,TOP003127
SPE001033,TOP003128
SPE001033,TOP003129
SPE001034,TOP003132
SPE001034,TOP003130
SPE001034,TOP003131
SPE001035,TOP003135
SPE001035,TOP003133
SPE001035,TOP003134
SPE001036,TOP003137
SPE001036,TOP003136
SPE001036,TOP003138
SPE001037,TOP003140
SPE001037,TOP003108
SPE001037,TOP003139
SPE001038,TOP003143
SPE001038,TOP003142
SPE001038,TOP003141
SPE001039,TOP003146
SPE001039,TOP003145
SPE001039,TOP003144
SPE001040,TOP003147
SPE001040,TOP003128
SPE001040,TOP003148
SPE001041,TOP003150
SPE001041,TOP003151
SPE001041,TOP003149
SPE001042,TOP003152
SPE001042,TOP003153
SPE001042,TOP003154
SPE001043,TOP003157
SPE001043,TOP003156
SPE001043,TOP003155
SPE001044,TOP003159
SPE001044,TOP003160
SPE001044,TOP003158
SPE001045,TOP003162
SPE001045,TOP003161
SPE001045,TOP001822
SPE001046,TOP003167
SPE001046,TOP003168
SPE001046,TOP003166
SPE001047,TOP003169
SPE001047,TOP003170
SPE001047,TOP003171
SPE001048,TOP003173
SPE001048,TOP003172
SPE001048,TOP003174
SPE001049,TOP003176
SPE001049,TOP003175
SPE001049,TOP003177
SPE001050,TOP003178
SPE001050,TOP002056
SPE001050,TOP003179
SPE001051,TOP003180
SPE001051,TOP003182
SPE001051,TOP003181
SPE001052,TOP003184
SPE001052,TOP003185
SPE001052,TOP003183
SPE001053,TOP003191
SPE001053,TOP003190
SPE001053,TOP003189
SPE001054,TOP003193
SPE001054,TOP003192
SPE001054,TOP002056
SPE001055,TOP003194
SPE001055,TOP003195
SPE001055,TOP003196
SPE001056,TOP003199
SPE001056,TOP003198
SPE001056,TOP003197
SPE001057,TOP002203
SPE001057,TOP003201
SPE001057,TOP003200
SPE001058,TOP003204
SPE001058,TOP003202
SPE001058,TOP003203
SPE001059,TOP000076
SPE001059,TOP003206
SPE001059,TOP003205
SPE001060,TOP003209
SPE001060,TOP003208
SPE001060,TOP003207
SPE001061,TOP003210
SPE001061,TOP002994
SPE001061,TOP003211
SPE001062,TOP003214
SPE001062,TOP003213
SPE001062,TOP003212
SPE001063,TOP003217
SPE001063,TOP003216
SPE001063,TOP003215
SPE001064,TOP003218
SPE001064,TOP003219
SPE001064,TOP003220
SPE001065,TOP003222
SPE001065,TOP003223
SPE001065,TOP003221
SPE001066,TOP003229
SPE001066,TOP003228
SPE001066,TOP003227
SPE001067,TOP003232
SPE001067,TOP003231
SPE001067,TOP003230
SPE001068,TOP003235
SPE001068,TOP003233
SPE001068,TOP003234
SPE001069,TOP003238
SPE001069,TOP003237
SPE001069,TOP003236
SPE001070,TOP003239
SPE001070,TOP003241
SPE001070,TOP003240
SPE001071,TOP003242
SPE001071,TOP007430
SPE001071,TOP003243
SPE001071,TOP007431
SPE001071,TOP003244
SPE001071,TOP007432
SPE001072,TOP003246
SPE001072,TOP003245
SPE001072,TOP003247
SPE001073,TOP003250
SPE001073,TOP003248
SPE001073,TOP003249
SPE001074,TOP003253
SPE001074,TOP003252
SPE001074,TOP003251
SPE001075,TOP003256
SPE001075,TOP003255
SPE001075,TOP003254
SPE001076,TOP003257
SPE001076,TOP002103
SPE001076,TOP003258
SPE001077,TOP003264
SPE001077,TOP003262
SPE001077,TOP003263
SPE001078,TOP003267
SPE001078,TOP003266
SPE001078,TOP003265
SPE001079,TOP003269
SPE001079,TOP003270
SPE001079,TOP003268
SPE001080,TOP003272
SPE001080,TOP003273
SPE001080,TOP003271
SPE001080,TOP003337
SPE001080,TOP003339
SPE001080,TOP003338
SPE001081,TOP003274
SPE001081,TOP003275
SPE001081,TOP003276
SPE001082,TOP003279
SPE001082,TOP003277
SPE001082,TOP003278
SPE001083,TOP003281
SPE001083,TOP003280
SPE001083,TOP003213
SPE001084,TOP003282
SPE001084,TOP003283
SPE001084,TOP003284
SPE001085,TOP003285
SPE001085,TOP003287
SPE001085,TOP003286
SPE001086,TOP003289
SPE001086,TOP003290
SPE001086,TOP003288
SPE001087,TOP003292
SPE001087,TOP003291
SPE001087,TOP000153
SPE001088,TOP003295
SPE001088,TOP003293
SPE001088,TOP003294
SPE001089,TOP003298
SPE001089,TOP003297
SPE001089,TOP003296
SPE001090,TOP003300
SPE001090,TOP003301
SPE001090,TOP003299
SPE001091,TOP003303
SPE001091,TOP003304
SPE001091,TOP003302
SPE001092,TOP003307
SPE001092,TOP003305
SPE001092,TOP003306
SPE001093,TOP003313
SPE001093,TOP003311
SPE001093,TOP003312
SPE001094,TOP003271
SPE001094,TOP003315
SPE001094,TOP003314
SPE001095,TOP003318
SPE001095,TOP003316
SPE001095,TOP003317
SPE001096,TOP003320
SPE001096,TOP003321
SPE001096,TOP003319
SPE001097,TOP003324
SPE001097,TOP003323
SPE001097,TOP003322
SPE001098,TOP003326
SPE001098,TOP003325
SPE001098,TOP003327
SPE001099,TOP003329
SPE001099,TOP003330
SPE001099,TOP003328
SPE001100,TOP003332
SPE001100,TOP003331
SPE001100,TOP003333
SPE001101,TOP003336
SPE001101,TOP003334
SPE001101,TOP003335
SPE001102,TOP003341
SPE001102,TOP003340
SPE001102,TOP003342
SPE001103,TOP003344
SPE001103,TOP003343
SPE001103,TOP003345
SPE001104,TOP003347
SPE001104,TOP003346
SPE001104,TOP003348
SPE001105,TOP003350
SPE001105,TOP003351
SPE001105,TOP003349
SPE001106,TOP003353
SPE001106,TOP003352
SPE001106,TOP003354
SPE001107,TOP003357
SPE001107,TOP003356
SPE001107,TOP003355
SPE001108,TOP003359
SPE001108,TOP003358
SPE001108,TOP003360
SPE001109,TOP003362
SPE001109,TOP003363
SPE001109,TOP003361
SPE001110,TOP003364
SPE001110,TOP003365
SPE001110,TOP003366
SPE001111,TOP003367
SPE001111,TOP003368
SPE001111,TOP003369
SPE001112,TOP003371
SPE001112,TOP003370
SPE001112,TOP003372
SPE001113,TOP003378
SPE001113,TOP003377
SPE001113,TOP003376
SPE001114,TOP003379
SPE001114,TOP003381
SPE001114,TOP003380
SPE001115,TOP003383
SPE001115,TOP003384
SPE001115,TOP003382
SPE001116,TOP003386
SPE001116,TOP003385
SPE001116,TOP003387
SPE001117,TOP003388
SPE001117,TOP003390
SPE001117,TOP003389
SPE001118,TOP003392
SPE001118,TOP000496
SPE001118,TOP003391
SPE001119,TOP003393
SPE001119,TOP003395
SPE001119,TOP003394
SPE001120,TOP003397
SPE001120,TOP003396
SPE001120,TOP003398
SPE001121,TOP003400
SPE001121,TOP003399
SPE001121,TOP003401
SPE001122,TOP003402
SPE001122,TOP003404
SPE001122,TOP003403
SPE001123,TOP003406
SPE001123,TOP003407
SPE001123,TOP003405
SPE001124,TOP003410
SPE001124,TOP003408
SPE001124,TOP003409
SPE001125,TOP003411
SPE001125,TOP003413
SPE001125,TOP003412
SPE001126,TOP003416
SPE001126,TOP003414
SPE001126,TOP003415
SPE001127,TOP003417
SPE001127,TOP003419
SPE001127,TOP003418
SPE001128,TOP003420
SPE001128,TOP003421
SPE001128,TOP003422
SPE001129,TOP003424
SPE001129,TOP003423
SPE001129,TOP003425
SPE001130,TOP003426
SPE001130,TOP002149
SPE001130,TOP003427
SPE001131,TOP003430
SPE001131,TOP003428
SPE001131,TOP003429
SPE001132,TOP003432
SPE001132,TOP003433
SPE001132,TOP003431
SPE001133,TOP003435
SPE001133,TOP003434
SPE001133,TOP003436
SPE001134,TOP003438
SPE001134,TOP003437
SPE001134,TOP003439
SPE001135,TOP003440
SPE001135,TOP003441
SPE001135,TOP003442
SPE001136,TOP003444
SPE001136,TOP003443
SPE001136,TOP003445
SPE001137,TOP003451
SPE001137,TOP003449
SPE001137,TOP003450
SPE001138,TOP003452
SPE001138,TOP002914
SPE001138,TOP003453
SPE001139,TOP003455
SPE001139,TOP003454
SPE001139,TOP003456
SPE001140,TOP003459
SPE001140,TOP003457
SPE001140,TOP003458
SPE001141,TOP003462
SPE001141,TOP003460
SPE001141,TOP003461
SPE001142,TOP003465
SPE001142,TOP003464
SPE001142,TOP003463
SPE001143,TOP003467
SPE001143,TOP002412
SPE001143,TOP003466
SPE001144,TOP003469
SPE001144,TOP003470
SPE001144,TOP003468
SPE001145,TOP003474
SPE001145,TOP003476
SPE001145,TOP003475
SPE001146,TOP003477
SPE001146,TOP003479
SPE001146,TOP003478
SPE001147,TOP003480
SPE001147,TOP003481
SPE001147,TOP003482
SPE001148,TOP003485
SPE001148,TOP003483
SPE001148,TOP003484
SPE001149,TOP003486
SPE001149,TOP003487
SPE001149,TOP001286
SPE001150,TOP003488
SPE001150,TOP003490
SPE001150,TOP003489
SPE001151,TOP003493
SPE001151,TOP003491
SPE001151,TOP003492
SPE001152,TOP003494
SPE001152,TOP003496
SPE001152,TOP003495
SPE001153,TOP003498
SPE001153,TOP003497
SPE001153,TOP003499
SPE001154,TOP003500
SPE001154,TOP003502
SPE001154,TOP003501
SPE001155,TOP003508
SPE001155,TOP003506
SPE001155,TOP003507
SPE001156,TOP003509
SPE001156,TOP003511
SPE001156,TOP003510
SPE001157,TOP003513
SPE001157,TOP003514
SPE001157,TOP003512
SPE001158,TOP003516
SPE001158,TOP003515
SPE001158,TOP003517
SPE001159,TOP003519
SPE001159,TOP003518
SPE001159,TOP003520
SPE001160,TOP003524
SPE001160,TOP003525
SPE001160,TOP003526
SPE001161,TOP003528
SPE001161,TOP003529
SPE001161,TOP003527
SPE001162,TOP003532
SPE001162,TOP003530
SPE001162,TOP003531
SPE001163,TOP003534
SPE001163,TOP003533
SPE001163,TOP003535
SPE001164,TOP003536
SPE001164,TOP003538
SPE001164,TOP003537
SPE001165,TOP003540
SPE001165,TOP003541
SPE001165,TOP003539
SPE001166,TOP003542
SPE001166,TOP003544
SPE001166,TOP003543
SPE001167,TOP003546
SPE001167,TOP003547
SPE001167,TOP003545
SPE001168,TOP003553
SPE001168,TOP003552
SPE001168,TOP003551
SPE001170,TOP003554
SPE001170,TOP003556
SPE001170,TOP003555
SPE001171,TOP003558
SPE001171,TOP003559
SPE001171,TOP003557
SPE001172,TOP003561
SPE001172,TOP003562
SPE001172,TOP003560
SPE001173,TOP003563
SPE001173,TOP003564
SPE001173,TOP003565
SPE001174,TOP003568
SPE001174,TOP003567
SPE001174,TOP003566
SPE001175,TOP003571
SPE001175,TOP003569
SPE001175,TOP003570
SPE001176,TOP003572
SPE001176,TOP003573
SPE001176,TOP003462
SPE001177,TOP003575
SPE001177,TOP003576
SPE001177,TOP003574
SPE001178,TOP003577
SPE001178,TOP003579
SPE001178,TOP003578
SPE001179,TOP003582
SPE001179,TOP003581
SPE001179,TOP003580
SPE001180,TOP003584
SPE001180,TOP003583
SPE001180,TOP003585
SPE001181,TOP003586
SPE001181,TOP003587
SPE001181,TOP000076
SPE001182,TOP003588
SPE001182,TOP003589
SPE001182,TOP001228
SPE001183,TOP003592
SPE001183,TOP003591
SPE001183,TOP003590
SPE001184,TOP003594
SPE001184,TOP003593
SPE001184,TOP003595
SPE001185,TOP003596
SPE001185,TOP003597
SPE001185,TOP002371
SPE001186,TOP003599
SPE001186,TOP003600
SPE001186,TOP003598
SPE001187,TOP003603
SPE001187,TOP003601
SPE001187,TOP003602
SPE001188,TOP003606
SPE001188,TOP003604
SPE001188,TOP003605
SPE001189,TOP003607
SPE001189,TOP000115
SPE001189,TOP003608
SPE001190,TOP003610
SPE001190,TOP003611
SPE001190,TOP003609
SPE001191,TOP003613
SPE001191,TOP003614
SPE001191,TOP003612
SPE001192,TOP003615
SPE001192,TOP003617
SPE001192,TOP003616
SPE001193,TOP003620
SPE001193,TOP003618
SPE001193,TOP003619
SPE001194,TOP003110
SPE001194,TOP003622
SPE001194,TOP003621
SPE001195,TOP003624
SPE001195,TOP003625
SPE001195,TOP003623
SPE001196,TOP003612
SPE001196,TOP003627
SPE001196,TOP003626
SPE001197,TOP003630
SPE001197,TOP003628
SPE001197,TOP003629
SPE001198,TOP003632
SPE001198,TOP003631
SPE001198,TOP003633
SPE001199,TOP003634
SPE001199,TOP003635
SPE001199,TOP003636
SPE001200,TOP003637
SPE001200,TOP003639
SPE001200,TOP003638
SPE001201,TOP003645
SPE001201,TOP003643
SPE001201,TOP003644
SPE001202,TOP003646
SPE001202,TOP003647
SPE001202,TOP003648
SPE001203,TOP003649
SPE001203,TOP003651
SPE001203,TOP003650
SPE001204,TOP003653
SPE001204,TOP003654
SPE001204,TOP003652
SPE001205,TOP003655
SPE001205,TOP003656
SPE001205,TOP003657
SPE001206,TOP004058
SPE001206,TOP003659
SPE001206,TOP004060
SPE001206,TOP003660
SPE001206,TOP003658
SPE001206,TOP004059
SPE001207,TOP003661
SPE001207,TOP003662
SPE001207,TOP001718
SPE001208,TOP003665
SPE001208,TOP003664
SPE001208,TOP003663
SPE001209,TOP003668
SPE001209,TOP003667
SPE001209,TOP003666
SPE001210,TOP003669
SPE001210,TOP003670
SPE001210,TOP003671
SPE001211,TOP003672
SPE001211,TOP003673
SPE001211,TOP003674
SPE001212,TOP003677
SPE001212,TOP003675
SPE001212,TOP003676
SPE001213,TOP003681
SPE001213,TOP003680
SPE001213,TOP003682
SPE001214,TOP003683
SPE001214,TOP003684
SPE001214,TOP002371
SPE001215,TOP003687
SPE001215,TOP003686
SPE001215,TOP003685
SPE001216,TOP003688
SPE001216,TOP003690
SPE001216,TOP003689
SPE001217,TOP003693
SPE001217,TOP003692
SPE001217,TOP003691
SPE001218,TOP000548
SPE001218,TOP003694
SPE001218,TOP003695
SPE001219,TOP003697
SPE001219,TOP003696
SPE001219,TOP002371
SPE001220,TOP003699
SPE001220,TOP003700
SPE001220,TOP003698
SPE001221,TOP003703
SPE001221,TOP003702
SPE001221,TOP003701
SPE001222,TOP003706
SPE001222,TOP003705
SPE001222,TOP003704
SPE001223,TOP003708
SPE001223,TOP003709
SPE001223,TOP003707
SPE001224,TOP003712
SPE001224,TOP003711
SPE001224,TOP003710
SPE001225,TOP003715
SPE001225,TOP003713
SPE001225,TOP003714
SPE001226,TOP003717
SPE001226,TOP003716
SPE001226,TOP003718
SPE001227,TOP003720
SPE001227,TOP003719
SPE001227,TOP003721
SPE001228,TOP003722
SPE001228,TOP003723
SPE001228,TOP003724
SPE001229,TOP003726
SPE001229,TOP003727
SPE001229,TOP003725
SPE001230,TOP003732
SPE001230,TOP003731
SPE001230,TOP003733
SPE001231,TOP003735
SPE001231,TOP003734
SPE001231,TOP003736
SPE001232,TOP003737
SPE001232,TOP003738
SPE001232,TOP003739
SPE001233,TOP003740
SPE001233,TOP003741
SPE001233,TOP003742
SPE001234,TOP003743
SPE001234,TOP003744
SPE001234,TOP003745
SPE001235,TOP003748
SPE001235,TOP003747
SPE001235,TOP003746
SPE001236,TOP003751
SPE001236,TOP003750
SPE001236,TOP003749
SPE001237,TOP003753
SPE001237,TOP003754
SPE001237,TOP003752
SPE001238,TOP003756
SPE001238,TOP003755
SPE001238,TOP003757
SPE001239,TOP003758
SPE001239,TOP003759
SPE001239,TOP003760
SPE001240,TOP003763
SPE001240,TOP003762
SPE001240,TOP003761
SPE001241,TOP003765
SPE001241,TOP003764
SPE001241,TOP003766
SPE001242,TOP003767
SPE001242,TOP003768
SPE001242,TOP003769
SPE001243,TOP003772
SPE001243,TOP003771
SPE001243,TOP003770
SPE001244,TOP002158
SPE001244,TOP003774
SPE001244,TOP003773
SPE001245,TOP003777
SPE001245,TOP003776
SPE001245,TOP003775
SPE001246,TOP003780
SPE001246,TOP003779
SPE001246,TOP003778
SPE001247,TOP003783
SPE001247,TOP003782
SPE001247,TOP003781
SPE001248,TOP003786
SPE001248,TOP003784
SPE001248,TOP003785
SPE001249,TOP003787
SPE001249,TOP003789
SPE001249,TOP003788
SPE001250,TOP003790
SPE001250,TOP003791
SPE001250,TOP003792
SPE001251,TOP003793
SPE001251,TOP003795
SPE001251,TOP003794
SPE001252,TOP003798
SPE001252,TOP003797
SPE001252,TOP003796
SPE001253,TOP003799
SPE001253,TOP003801
SPE001253,TOP003800
SPE001254,TOP003803
SPE001254,TOP003802
SPE001254,TOP003804
SPE001255,TOP003807
SPE001255,TOP003806
SPE001255,TOP003805
SPE001256,TOP003809
SPE001256,TOP003810
SPE001256,TOP003808
SPE001257,TOP003812
SPE001257,TOP003811
SPE001257,TOP003813
SPE001258,TOP003814
SPE001258,TOP003816
SPE001258,TOP003815
SPE001259,TOP003819
SPE001259,TOP003817
SPE001259,TOP003818
SPE001260,TOP003820
SPE001260,TOP003822
SPE001260,TOP003821
SPE001261,TOP000153
SPE001261,TOP003823
SPE001261,TOP000288
SPE001262,TOP003826
SPE001262,TOP003824
SPE001262,TOP003825
SPE001263,TOP003829
SPE001263,TOP003828
SPE001263,TOP003827
SPE001264,TOP003831
SPE001264,TOP003830
SPE001264,TOP003832
SPE001265,TOP003833
SPE001265,TOP003835
SPE001265,TOP003834
SPE001266,TOP003838
SPE001266,TOP003836
SPE001266,TOP003837
SPE001267,TOP003839
SPE001267,TOP003840
SPE001267,TOP003841
SPE001268,TOP003842
SPE001268,TOP003843
SPE001268,TOP003844
SPE001269,TOP003847
SPE001269,TOP003845
SPE001269,TOP003846
SPE001270,TOP003849
SPE001270,TOP003850
SPE001270,TOP003848
SPE001271,TOP003851
SPE001271,TOP003853
SPE001271,TOP003852
SPE001272,TOP003856
SPE001272,TOP003855
SPE001272,TOP003854
SPE001273,TOP003859
SPE001273,TOP003858
SPE001273,TOP003857
SPE001274,TOP000076
SPE001274,TOP003860
SPE001274,TOP003861
SPE001275,TOP003862
SPE001275,TOP003864
SPE001275,TOP003863
SPE001276,TOP003867
SPE001276,TOP003866
SPE001276,TOP003865
SPE001277,TOP003868
SPE001277,TOP003866
SPE001277,TOP003869
SPE001278,TOP003870
SPE001278,TOP003871
SPE001278,TOP003872
SPE001279,TOP003873
SPE001279,TOP003874
SPE001279,TOP003875
SPE001280,TOP003877
SPE001280,TOP003876
SPE001280,TOP003292
SPE001281,TOP003880
SPE001281,TOP003878
SPE001281,TOP003879
SPE001282,TOP003301
SPE001282,TOP003881
SPE001282,TOP003882
SPE001283,TOP003884
SPE001283,TOP003885
SPE001283,TOP003883
SPE001284,TOP003888
SPE001284,TOP003886
SPE001284,TOP003887
SPE001285,TOP003889
SPE001285,TOP003891
SPE001285,TOP003890
SPE001286,TOP003892
SPE001286,TOP003893
SPE001286,TOP003894
SPE001287,TOP003897
SPE001287,TOP003896
SPE001287,TOP003895
SPE001288,TOP003900
SPE001288,TOP003899
SPE001288,TOP003898
SPE001289,TOP003901
SPE001289,TOP003902
SPE001289,TOP003903
SPE001290,TOP003946
SPE001290,TOP003729
SPE001290,TOP001493
SPE001290,TOP003904
SPE001290,TOP003906
SPE001290,TOP003905
SPE001291,TOP003907
SPE001291,TOP003909
SPE001291,TOP003908
SPE001292,TOP003912
SPE001292,TOP003910
SPE001292,TOP003911
SPE001293,TOP003914
SPE001293,TOP003915
SPE001293,TOP003913
SPE001294,TOP003918
SPE001294,TOP003916
SPE001294,TOP003917
SPE001295,TOP003920
SPE001295,TOP003921
SPE001295,TOP003919
SPE001296,TOP003922
SPE001296,TOP003918
SPE001296,TOP001811
SPE001297,TOP003924
SPE001297,TOP003923
SPE001297,TOP001077
SPE001298,TOP003925
SPE001298,TOP003927
SPE001298,TOP003926
SPE001299,TOP003928
SPE001299,TOP003930
SPE001299,TOP003929
SPE001300,TOP003931
SPE001300,TOP003933
SPE001300,TOP003932
SPE001301,TOP003934
SPE001301,TOP002056
SPE001301,TOP000453
SPE001302,TOP003935
SPE001302,TOP003936
SPE001302,TOP003937
SPE001303,TOP001417
SPE001303,TOP003939
SPE001303,TOP003938
SPE001304,TOP003940
SPE001304,TOP003942
SPE001304,TOP003941
SPE001305,TOP003945
SPE001305,TOP003943
SPE001305,TOP003944
SPE001306,TOP003949
SPE001306,TOP003948
SPE001306,TOP003947
SPE001307,TOP003952
SPE001307,TOP003950
SPE001307,TOP003951
SPE001308,TOP003953
SPE001308,TOP003954
SPE001308,TOP003955
SPE001309,TOP003956
SPE001309,TOP003958
SPE001309,TOP003957
SPE001310,TOP003960
SPE001310,TOP003961
SPE001310,TOP003959
SPE001311,TOP003962
SPE001311,TOP003963
SPE001311,TOP003346
SPE001312,TOP003965
SPE001312,TOP001783
SPE001312,TOP003964
SPE001313,TOP003967
SPE001313,TOP003968
SPE001313,TOP003966
SPE001314,TOP003971
SPE001314,TOP003970
SPE001314,TOP003969
SPE001315,TOP003972
SPE001315,TOP003973
SPE001315,TOP003974
SPE001316,TOP003975
SPE001316,TOP003976
SPE001316,TOP003977
SPE001317,TOP003978
SPE001317,TOP003980
SPE001317,TOP003979
SPE001318,TOP003981
SPE001318,TOP003982
SPE001318,TOP003983
SPE001319,TOP003986
SPE001319,TOP003984
SPE001319,TOP003985
SPE001320,TOP003989
SPE001320,TOP003987
SPE001320,TOP003988
SPE001321,TOP003991
SPE001321,TOP003992
SPE001321,TOP003990
SPE001322,TOP003994
SPE001322,TOP003995
SPE001322,TOP003993
SPE001323,TOP003998
SPE001323,TOP003996
SPE001323,TOP003997
SPE001324,TOP004001
SPE001324,TOP004000
SPE001324,TOP003999
SPE001325,TOP004003
SPE001325,TOP004004
SPE001325,TOP004002
SPE001326,TOP000635
SPE001326,TOP004005
SPE001326,TOP000775
SPE001327,TOP004007
SPE001327,TOP004006
SPE001327,TOP004008
SPE001328,TOP004010
SPE001328,TOP004009
SPE001328,TOP004011
SPE001329,TOP001125
SPE001329,TOP004012
SPE001329,TOP004013
SPE001330,TOP004014
SPE001330,TOP004016
SPE001330,TOP004015
SPE001331,TOP004019
SPE001331,TOP004017
SPE001331,TOP004018
SPE001332,TOP002371
SPE001332,TOP000326
SPE001332,TOP000076
SPE001333,TOP004021
SPE001333,TOP004022
SPE001333,TOP004020
SPE001334,TOP004023
SPE001334,TOP004024
SPE001334,TOP004025
SPE001335,TOP004027
SPE001335,TOP004026
SPE001335,TOP004028
SPE001336,TOP004033
SPE001336,TOP004034
SPE001336,TOP004032
SPE001337,TOP004035
SPE001337,TOP004037
SPE001337,TOP004036
SPE001338,TOP001493
SPE001338,TOP004039
SPE001338,TOP004038
SPE001339,TOP004040
SPE001339,TOP004041
SPE001339,TOP004042
SPE001340,TOP004043
SPE001340,TOP004044
SPE001340,TOP004045
SPE001341,TOP004048
SPE001341,TOP004046
SPE001341,TOP004047
SPE001342,TOP004051
SPE001342,TOP004049
SPE001342,TOP004050
SPE001343,TOP004052
SPE001343,TOP004053
SPE001343,TOP004054
SPE001344,TOP004055
SPE001344,TOP004057
SPE001344,TOP004056
SPE001345,TOP004062
SPE001345,TOP004061
SPE001345,TOP004063
SPE001346,TOP004066
SPE001346,TOP004065
SPE001346,TOP004064
SPE001347,TOP004069
SPE001347,TOP004067
SPE001347,TOP004068
SPE001348,TOP004070
SPE001348,TOP004072
SPE001348,TOP004071
SPE001349,TOP004073
SPE001349,TOP004075
SPE001349,TOP004074
SPE001350,TOP004077
SPE001350,TOP004078
SPE001350,TOP004076
SPE001351,TOP003876
SPE001351,TOP004079
SPE001351,TOP002056
SPE001352,TOP004082
SPE001352,TOP004080
SPE001352,TOP004081
SPE001353,TOP004085
SPE001353,TOP004084
SPE001353,TOP004083
SPE001354,TOP004088
SPE001354,TOP004090
SPE001354,TOP004089
SPE001355,TOP004092
SPE001355,TOP004091
SPE001355,TOP004093
SPE001356,TOP004094
SPE001356,TOP004096
SPE001356,TOP004095
SPE001357,TOP004099
SPE001357,TOP004098
SPE001357,TOP004097
SPE001358,TOP004101
SPE001358,TOP004102
SPE001358,TOP004100
SPE001359,TOP004105
SPE001359,TOP004103
SPE001359,TOP004104
SPE001360,TOP004107
SPE001360,TOP004108
SPE001360,TOP004106
SPE001361,TOP004111
SPE001361,TOP004109
SPE001361,TOP004110
SPE001362,TOP004113
SPE001362,TOP004112
SPE001362,TOP004114
SPE001363,TOP004115
SPE001363,TOP004116
SPE001363,TOP001041
SPE001364,TOP004119
SPE001364,TOP004117
SPE001364,TOP004118
SPE001365,TOP004122
SPE001365,TOP004121
SPE001365,TOP004120
SPE001366,TOP004124
SPE001366,TOP004125
SPE001366,TOP004123
SPE001367,TOP004127
SPE001367,TOP004126
SPE001367,TOP004128
SPE001368,TOP004130
SPE001368,TOP004131
SPE001368,TOP004129
SPE001369,TOP004134
SPE001369,TOP004132
SPE001369,TOP004133
SPE001370,TOP004135
SPE001370,TOP004137
SPE001370,TOP004136
SPE001372,TOP004140
SPE001372,TOP004138
SPE001372,TOP004139
SPE001373,TOP004143
SPE001373,TOP004142
SPE001373,TOP004141
SPE001374,TOP004144
SPE001374,TOP000772
SPE001374,TOP004145
SPE001375,TOP004147
SPE001375,TOP004148
SPE001375,TOP004146
SPE001376,TOP004150
SPE001376,TOP004149
SPE001376,TOP004151
SPE001377,TOP004152
SPE001377,TOP004154
SPE001377,TOP004157
SPE001377,TOP004155
SPE001377,TOP004153
SPE001377,TOP004156
SPE001378,TOP004158
SPE001378,TOP004159
SPE001378,TOP004160
SPE001379,TOP001493
SPE001379,TOP004161
SPE001379,TOP002496
SPE001380,TOP004162
SPE001380,TOP004163
SPE001380,TOP004164
SPE001381,TOP004168
SPE001381,TOP004170
SPE001381,TOP004169
SPE001382,TOP004172
SPE001382,TOP004171
SPE001382,TOP004173
SPE001383,TOP004174
SPE001383,TOP004176
SPE001383,TOP004175
SPE001384,TOP004179
SPE001384,TOP004177
SPE001384,TOP004178
SPE001385,TOP004181
SPE001385,TOP004180
SPE001385,TOP003027
SPE001386,TOP004183
SPE001386,TOP004184
SPE001386,TOP004182
SPE001387,TOP004185
SPE001387,TOP004186
SPE001387,TOP004187
SPE001388,TOP004189
SPE001388,TOP004190
SPE001388,TOP004188
SPE001389,TOP004193
SPE001389,TOP004191
SPE001389,TOP004192
SPE001390,TOP004194
SPE001390,TOP004195
SPE001390,TOP003876
SPE001391,TOP004198
SPE001391,TOP004197
SPE001391,TOP004196
SPE001392,TOP004199
SPE001392,TOP004201
SPE001392,TOP004200
SPE001393,TOP004204
SPE001393,TOP007936
SPE001393,TOP007938
SPE001393,TOP007937
SPE001393,TOP004203
SPE001393,TOP004202
SPE001394,TOP004205
SPE001394,TOP004207
SPE001394,TOP004206
SPE001395,TOP004209
SPE001395,TOP004210
SPE001395,TOP004208
SPE001396,TOP004211
SPE001396,TOP004213
SPE001396,TOP004212
SPE001397,TOP004214
SPE001397,TOP004215
SPE001397,TOP004216
SPE001398,TOP004219
SPE001398,TOP004217
SPE001398,TOP004218
SPE001399,TOP004209
SPE001399,TOP004220
SPE001399,TOP004221
SPE001400,TOP004224
SPE001400,TOP004223
SPE001400,TOP004222
SPE001401,TOP004226
SPE001401,TOP004225
SPE001401,TOP004227
SPE001402,TOP004229
SPE001402,TOP004228
SPE001402,TOP004230
SPE001403,TOP004231
SPE001403,TOP004233
SPE001403,TOP004232
SPE001405,TOP004237
SPE001405,TOP004238
SPE001405,TOP004239
SPE001406,TOP004240
SPE001406,TOP004241
SPE001406,TOP004242
SPE001407,TOP004245
SPE001407,TOP004243
SPE001407,TOP004244
SPE001408,TOP004248
SPE001408,TOP004246
SPE001408,TOP004247
SPE001410,TOP004251
SPE001410,TOP004249
SPE001410,TOP004250
SPE001411,TOP004252
SPE001411,TOP004253
SPE001411,TOP004254
SPE001412,TOP004256
SPE001412,TOP004257
SPE001412,TOP004255
SPE001413,TOP003547
SPE001413,TOP004258
SPE001413,TOP004259
SPE001414,TOP004262
SPE001414,TOP004260
SPE001414,TOP004261
SPE001415,TOP004263
SPE001415,TOP004264
SPE001415,TOP004265
SPE001416,TOP004266
SPE001416,TOP004268
SPE001416,TOP004267
SPE001417,TOP004270
SPE001417,TOP004269
SPE001417,TOP004253
SPE001418,TOP004271
SPE001418,TOP004272
SPE001418,TOP004273
SPE001419,TOP004276
SPE001419,TOP004275
SPE001419,TOP004274
SPE001420,TOP000775
SPE001420,TOP004277
SPE001420,TOP004278
SPE001421,TOP004280
SPE001421,TOP004281
SPE001421,TOP004781
SPE001421,TOP004783
SPE001421,TOP004279
SPE001421,TOP004782
SPE001422,TOP004284
SPE001422,TOP004282
SPE001422,TOP004283
SPE001423,TOP004285
SPE001423,TOP004286
SPE001423,TOP000229
SPE001424,TOP004289
SPE001424,TOP004287
SPE001424,TOP004288
SPE001425,TOP004292
SPE001425,TOP004290
SPE001425,TOP004291
SPE001427,TOP004295
SPE001427,TOP004293
SPE001427,TOP004294
SPE001428,TOP004296
SPE001428,TOP004297
SPE001428,TOP000300
SPE001429,TOP004298
SPE001429,TOP000202
SPE001429,TOP004299
SPE001430,TOP004301
SPE001430,TOP004302
SPE001430,TOP004300
SPE001431,TOP004303
SPE001431,TOP004305
SPE001431,TOP004304
SPE001432,TOP004311
SPE001432,TOP004310
SPE001432,TOP004309
SPE001433,TOP004312
SPE001433,TOP004313
SPE001433,TOP004314
SPE001434,TOP004316
SPE001434,TOP003767
SPE001434,TOP004315
SPE001435,TOP004318
SPE001435,TOP004317
SPE001435,TOP004319
SPE001436,TOP000775
SPE001436,TOP004320
SPE001436,TOP004321
SPE001437,TOP004322
SPE001437,TOP004324
SPE001437,TOP004323
SPE001438,TOP004330
SPE001438,TOP004329
SPE001438,TOP004328
SPE001439,TOP004331
SPE001439,TOP003748
SPE001439,TOP004332
SPE001440,TOP004333
SPE001440,TOP004334
SPE001440,TOP003547
SPE001441,TOP004336
SPE001441,TOP004335
SPE001441,TOP002412
SPE001442,TOP004337
SPE001442,TOP004338
SPE001442,TOP004339
SPE001443,TOP004342
SPE001443,TOP004341
SPE001443,TOP004340
SPE001444,TOP004283
SPE001444,TOP004344
SPE001444,TOP004343
SPE001445,TOP004345
SPE001445,TOP004346
SPE001445,TOP004347
SPE001446,TOP004349
SPE001446,TOP004348
SPE001446,TOP004350
SPE001447,TOP004352
SPE001447,TOP004353
SPE001447,TOP004351
SPE001448,TOP004356
SPE001448,TOP004354
SPE001448,TOP004355
SPE001449,TOP004360
SPE001449,TOP004362
SPE001449,TOP004361
SPE001450,TOP004365
SPE001450,TOP004363
SPE001450,TOP004364
SPE001451,TOP004368
SPE001451,TOP004366
SPE001451,TOP004367
SPE001452,TOP004369
SPE001452,TOP004370
SPE001452,TOP004371
SPE001453,TOP002391
SPE001453,TOP004375
SPE001453,TOP004376
SPE001454,TOP004379
SPE001454,TOP004378
SPE001454,TOP004377
SPE001455,TOP004382
SPE001455,TOP004380
SPE001455,TOP004381
SPE001456,TOP004383
SPE001456,TOP004384
SPE001456,TOP004385
SPE001457,TOP004386
SPE001457,TOP004387
SPE001457,TOP004388
SPE001458,TOP004391
SPE001458,TOP004389
SPE001458,TOP004390
SPE001459,TOP004393
SPE001459,TOP004392
SPE001459,TOP004394
SPE001460,TOP004395
SPE001460,TOP004397
SPE001460,TOP004396
SPE001461,TOP004398
SPE001461,TOP004400
SPE001461,TOP004399
SPE001462,TOP000076
SPE001462,TOP004401
SPE001462,TOP004402
SPE001463,TOP004403
SPE001463,TOP004404
SPE001463,TOP004405
SPE001464,TOP004408
SPE001464,TOP004406
SPE001464,TOP004407
SPE001465,TOP004325
SPE001465,TOP004410
SPE001465,TOP004409
SPE001466,TOP004412
SPE001466,TOP004413
SPE001466,TOP004411
SPE001467,TOP001077
SPE001467,TOP004414
SPE001467,TOP004415
SPE001468,TOP004418
SPE001468,TOP004416
SPE001468,TOP004417
SPE001469,TOP004420
SPE001469,TOP004419
SPE001469,TOP004310
SPE001470,TOP004421
SPE001470,TOP004422
SPE001470,TOP004408
SPE001471,TOP004425
SPE001471,TOP004423
SPE001471,TOP004424
SPE001472,TOP004427
SPE001472,TOP004428
SPE001472,TOP004426
SPE001473,TOP004430
SPE001473,TOP004431
SPE001473,TOP004429
SPE001474,TOP004434
SPE001474,TOP004432
SPE001474,TOP004433
SPE001475,TOP004436
SPE001475,TOP004435
SPE001475,TOP004437
SPE001476,TOP004439
SPE001476,TOP003205
SPE001476,TOP004438
SPE001477,TOP005264
SPE001477,TOP005266
SPE001477,TOP005265
SPE001477,TOP004440
SPE001477,TOP004442
SPE001477,TOP004441
SPE001478,TOP004444
SPE001478,TOP004443
SPE001478,TOP004445
SPE001480,TOP004446
SPE001480,TOP004447
SPE001480,TOP004448
SPE001481,TOP004451
SPE001481,TOP004449
SPE001481,TOP004450
SPE001482,TOP004453
SPE001482,TOP004454
SPE001482,TOP004452
SPE001483,TOP004456
SPE001483,TOP004455
SPE001483,TOP004457
SPE001484,TOP000895
SPE001484,TOP000496
SPE001484,TOP004458
SPE001485,TOP004460
SPE001485,TOP001417
SPE001485,TOP004459
SPE001486,TOP004462
SPE001486,TOP004461
SPE001486,TOP000357
SPE001487,TOP004464
SPE001487,TOP004465
SPE001487,TOP004463
SPE001488,TOP004468
SPE001488,TOP004467
SPE001488,TOP004466
SPE001489,TOP004469
SPE001489,TOP004471
SPE001489,TOP004470
SPE001490,TOP004474
SPE001490,TOP004473
SPE001490,TOP004472
SPE001491,TOP004477
SPE001491,TOP004475
SPE001491,TOP004476
SPE001492,TOP004478
SPE001492,TOP004479
SPE001492,TOP004480
SPE001493,TOP004483
SPE001493,TOP004482
SPE001493,TOP004481
SPE001494,TOP004484
SPE001494,TOP004485
SPE001494,TOP004486
SPE001495,TOP004489
SPE001495,TOP004488
SPE001495,TOP004487
SPE001496,TOP004490
SPE001496,TOP004492
SPE001496,TOP004491
SPE001497,TOP004494
SPE001497,TOP004493
SPE001497,TOP004177
SPE001498,TOP004496
SPE001498,TOP004497
SPE001498,TOP004495
SPE001499,TOP004499
SPE001499,TOP004498
SPE001499,TOP004500
SPE001500,TOP004501
SPE001500,TOP004502
SPE001500,TOP004503
SPE001501,TOP004505
SPE001501,TOP004504
SPE001501,TOP004506
SPE001502,TOP004509
SPE001502,TOP004507
SPE001502,TOP004508
SPE001503,TOP004510
SPE001503,TOP004511
SPE001503,TOP004512
SPE001504,TOP004513
SPE001504,TOP004515
SPE001504,TOP004514
SPE001505,TOP004517
SPE001505,TOP004516
SPE001505,TOP004518
SPE001506,TOP004519
SPE001506,TOP004521
SPE001506,TOP004520
SPE001507,TOP004522
SPE001507,TOP004523
SPE001507,TOP004524
SPE001508,TOP004525
SPE001508,TOP004527
SPE001508,TOP004526
SPE001509,TOP004529
SPE001509,TOP004530
SPE001509,TOP004528
SPE001510,TOP004534
SPE001510,TOP004535
SPE001510,TOP004536
SPE001511,TOP004537
SPE001511,TOP004539
SPE001511,TOP004538
SPE001512,TOP004541
SPE001512,TOP004542
SPE001512,TOP004540
SPE001513,TOP004543
SPE001513,TOP004544
SPE001513,TOP004545
SPE001514,TOP004547
SPE001514,TOP004546
SPE001514,TOP004548
SPE001515,TOP004551
SPE001515,TOP004550
SPE001515,TOP004549
SPE001516,TOP004552
SPE001516,TOP004554
SPE001516,TOP004553
SPE001517,TOP004557
SPE001517,TOP004555
SPE001517,TOP004556
SPE001518,TOP004558
SPE001518,TOP004560
SPE001518,TOP004559
SPE001519,TOP003876
SPE001519,TOP001286
SPE001519,TOP001553
SPE001520,TOP004561
SPE001520,TOP004562
SPE001520,TOP004563
SPE001521,TOP004566
SPE001521,TOP004564
SPE001521,TOP004565
SPE001522,TOP004569
SPE001522,TOP004568
SPE001522,TOP004567
SPE001523,TOP004572
SPE001523,TOP004571
SPE001523,TOP004570
SPE001524,TOP004574
SPE001524,TOP004573
SPE001524,TOP004575
SPE001525,TOP004577
SPE001525,TOP004578
SPE001525,TOP004576
SPE001526,TOP004580
SPE001526,TOP004579
SPE001526,TOP004581
SPE001527,TOP003213
SPE001527,TOP003876
SPE001527,TOP004582
SPE001528,TOP004583
SPE001528,TOP004584
SPE001528,TOP004585
SPE001529,TOP004586
SPE001529,TOP004587
SPE001529,TOP004588
SPE001530,TOP004591
SPE001530,TOP004590
SPE001530,TOP004589
SPE001531,TOP004592
SPE001531,TOP004593
SPE001531,TOP004437
SPE001532,TOP004595
SPE001532,TOP004596
SPE001532,TOP004594
SPE001533,TOP004599
SPE001533,TOP004598
SPE001533,TOP004597
SPE001534,TOP004600
SPE001534,TOP004601
SPE001534,TOP004602
SPE001535,TOP004603
SPE001535,TOP004604
SPE001535,TOP004605
SPE001536,TOP004606
SPE001536,TOP004608
SPE001536,TOP004607
SPE001537,TOP004611
SPE001537,TOP004610
SPE001537,TOP004609
SPE001538,TOP004614
SPE001538,TOP004612
SPE001538,TOP004613
SPE001539,TOP004617
SPE001539,TOP004616
SPE001539,TOP004615
SPE001540,TOP004620
SPE001540,TOP004619
SPE001540,TOP004618
SPE001541,TOP004621
SPE001541,TOP004623
SPE001541,TOP004622
SPE001542,TOP004533
SPE001542,TOP004624
SPE001542,TOP004625
SPE001543,TOP004628
SPE001543,TOP004626
SPE001543,TOP004627
SPE001544,TOP004631
SPE001544,TOP004630
SPE001544,TOP004629
SPE001545,TOP004633
SPE001545,TOP004632
SPE001545,TOP004634
SPE001546,TOP004635
SPE001546,TOP004636
SPE001546,TOP002371
SPE001547,TOP004638
SPE001547,TOP004639
SPE001547,TOP004637
SPE001548,TOP004609
SPE001548,TOP004640
SPE001548,TOP000997
SPE001549,TOP004642
SPE001549,TOP004643
SPE001549,TOP004641
SPE001550,TOP004645
SPE001550,TOP004646
SPE001550,TOP004644
SPE001551,TOP004648
SPE001551,TOP004647
SPE001551,TOP000860
SPE001552,TOP004649
SPE001552,TOP004651
SPE001552,TOP004650
SPE001553,TOP004652
SPE001553,TOP004653
SPE001553,TOP004654
SPE001554,TOP004656
SPE001554,TOP004655
SPE001554,TOP004657
SPE001555,TOP004622
SPE001555,TOP004621
SPE001555,TOP004658
SPE001556,TOP004659
SPE001556,TOP004661
SPE001556,TOP004660
SPE001557,TOP004663
SPE001557,TOP004664
SPE001557,TOP004662
SPE001558,TOP004665
SPE001558,TOP004667
SPE001558,TOP004666
SPE001559,TOP004669
SPE001559,TOP004670
SPE001559,TOP004668
SPE001560,TOP004672
SPE001560,TOP004673
SPE001560,TOP004671
SPE001561,TOP004674
SPE001561,TOP004609
SPE001561,TOP004675
SPE001562,TOP004678
SPE001562,TOP004677
SPE001562,TOP004676
SPE001563,TOP004681
SPE001563,TOP004680
SPE001563,TOP004679
SPE001564,TOP004684
SPE001564,TOP004683
SPE001564,TOP004682
SPE001565,TOP004687
SPE001565,TOP004685
SPE001565,TOP004686
SPE001566,TOP004689
SPE001566,TOP004690
SPE001566,TOP004688
SPE001567,TOP004693
SPE001567,TOP004692
SPE001567,TOP004691
SPE001568,TOP004695
SPE001568,TOP004694
SPE001568,TOP004696
SPE001569,TOP004698
SPE001569,TOP004697
SPE001569,TOP004699
SPE001570,TOP004702
SPE001570,TOP004700
SPE001570,TOP004701
SPE001571,TOP004705
SPE001571,TOP004703
SPE001571,TOP004704
SPE001572,TOP004707
SPE001572,TOP004708
SPE001572,TOP004706
SPE001573,TOP004711
SPE001573,TOP004709
SPE001573,TOP004710
SPE001574,TOP002022
SPE001574,TOP004713
SPE001574,TOP004712
SPE001575,TOP001130
SPE001575,TOP004714
SPE001575,TOP004715
SPE001576,TOP004718
SPE001576,TOP004716
SPE001576,TOP004717
SPE001577,TOP004720
SPE001577,TOP004721
SPE001577,TOP004719
SPE001578,TOP004724
SPE001578,TOP004722
SPE001578,TOP004723
SPE001579,TOP000269
SPE001579,TOP004725
SPE001579,TOP004979
SPE001579,TOP004980
SPE001579,TOP004727
SPE001579,TOP004726
SPE001580,TOP004733
SPE001580,TOP004732
SPE001580,TOP004731
SPE001581,TOP004734
SPE001581,TOP004735
SPE001581,TOP004736
SPE001582,TOP004739
SPE001582,TOP004737
SPE001582,TOP004738
SPE001583,TOP004740
SPE001583,TOP004741
SPE001583,TOP004742
SPE001584,TOP004745
SPE001584,TOP004744
SPE001584,TOP004743
SPE001585,TOP004747
SPE001585,TOP004746
SPE001585,TOP004748
SPE001586,TOP004750
SPE001586,TOP004749
SPE001586,TOP004751
SPE001587,TOP004754
SPE001587,TOP004752
SPE001587,TOP004753
SPE001588,TOP004756
SPE001588,TOP004755
SPE001588,TOP004757
SPE001589,TOP004760
SPE001589,TOP004759
SPE001589,TOP004758
SPE001590,TOP004761
SPE001590,TOP004762
SPE001590,TOP004763
SPE001591,TOP004766
SPE001591,TOP004765
SPE001591,TOP004764
SPE001592,TOP004769
SPE001592,TOP004768
SPE001592,TOP004767
SPE001593,TOP004770
SPE001593,TOP004772
SPE001593,TOP004771
SPE001594,TOP004774
SPE001594,TOP004773
SPE001594,TOP004775
SPE001595,TOP000153
SPE001595,TOP003213
SPE001595,TOP003876
SPE001596,TOP004776
SPE001596,TOP004777
SPE001596,TOP001436
SPE001597,TOP004778
SPE001597,TOP004780
SPE001597,TOP004779
SPE001598,TOP005659
SPE001598,TOP005623
SPE001598,TOP004786
SPE001598,TOP005074
SPE001598,TOP005907
SPE001598,TOP005839
SPE001598,TOP004785
SPE001598,TOP005335
SPE001598,TOP005504
SPE001598,TOP005296
SPE001598,TOP005838
SPE001598,TOP004993
SPE001598,TOP004914
SPE001598,TOP005505
SPE001598,TOP005908
SPE001598,TOP005297
SPE001598,TOP005334
SPE001598,TOP005790
SPE001598,TOP005701
SPE001598,TOP005073
SPE001598,TOP005791
SPE001598,TOP005072
SPE001598,TOP004994
SPE001598,TOP005451
SPE001598,TOP005840
SPE001598,TOP004995
SPE001598,TOP005506
SPE001598,TOP005792
SPE001598,TOP004915
SPE001598,TOP005449
SPE001598,TOP002005
SPE001598,TOP004784
SPE001598,TOP005336
SPE001598,TOP005450
SPE001598,TOP005298
SPE001598,TOP004250
SPE001598,TOP005906
SPE001599,TOP004787
SPE001599,TOP004788
SPE001599,TOP004789
SPE001600,TOP004791
SPE001600,TOP004792
SPE001600,TOP004790
SPE001601,TOP004795
SPE001601,TOP004794
SPE001601,TOP004793
SPE001602,TOP004798
SPE001602,TOP004796
SPE001602,TOP004797
SPE001603,TOP002981
SPE001603,TOP004800
SPE001603,TOP004799
SPE001604,TOP004803
SPE001604,TOP004801
SPE001604,TOP004802
SPE001605,TOP004806
SPE001605,TOP004804
SPE001605,TOP004805
SPE001606,TOP004809
SPE001606,TOP004808
SPE001606,TOP004807
SPE001607,TOP004810
SPE001607,TOP004812
SPE001607,TOP004811
SPE001608,TOP004814
SPE001608,TOP004815
SPE001608,TOP004813
SPE001609,TOP004818
SPE001609,TOP004817
SPE001609,TOP004816
SPE001610,TOP004820
SPE001610,TOP004819
SPE001610,TOP004821
SPE001612,TOP004823
SPE001612,TOP004822
SPE001612,TOP001797
SPE001613,TOP000496
SPE001613,TOP004824
SPE001613,TOP004268
SPE001614,TOP004826
SPE001614,TOP004827
SPE001614,TOP004825
SPE001615,TOP004830
SPE001615,TOP004828
SPE001615,TOP004829
SPE001616,TOP004831
SPE001616,TOP004833
SPE001616,TOP004832
SPE001617,TOP004835
SPE001617,TOP004834
SPE001617,TOP004836
SPE001618,TOP004839
SPE001618,TOP004837
SPE001618,TOP004838
SPE001619,TOP004841
SPE001619,TOP004842
SPE001619,TOP004840
SPE001620,TOP004843
SPE001620,TOP004844
SPE001620,TOP004845
SPE001621,TOP004847
SPE001621,TOP004846
SPE001621,TOP004848
SPE001622,TOP004849
SPE001622,TOP004851
SPE001622,TOP004850
SPE001623,TOP004852
SPE001623,TOP004854
SPE001623,TOP004853
SPE001624,TOP004855
SPE001624,TOP004856
SPE001624,TOP004857
SPE001625,TOP004858
SPE001625,TOP004860
SPE001625,TOP004859
SPE001626,TOP004862
SPE001626,TOP004863
SPE001626,TOP004861
SPE001627,TOP004865
SPE001627,TOP004864
SPE001627,TOP004866
SPE001628,TOP004868
SPE001628,TOP004869
SPE001628,TOP004867
SPE001629,TOP004871
SPE001629,TOP004872
SPE001629,TOP004870
SPE001630,TOP004873
SPE001630,TOP004875
SPE001630,TOP004874
SPE001631,TOP004876
SPE001631,TOP004877
SPE001631,TOP004878
SPE001632,TOP004881
SPE001632,TOP004880
SPE001632,TOP004879
SPE001633,TOP004883
SPE001633,TOP004882
SPE001633,TOP000076
SPE001634,TOP004886
SPE001634,TOP004885
SPE001634,TOP004884
SPE001635,TOP004888
SPE001635,TOP004887
SPE001635,TOP004889
SPE001636,TOP004891
SPE001636,TOP004892
SPE001636,TOP004890
SPE001637,TOP004895
SPE001637,TOP004894
SPE001637,TOP004893
SPE001638,TOP004897
SPE001638,TOP004898
SPE001638,TOP004896
SPE001639,TOP004901
SPE001639,TOP004900
SPE001639,TOP004899
SPE001640,TOP004904
SPE001640,TOP004903
SPE001640,TOP004902
SPE001641,TOP004907
SPE001641,TOP004905
SPE001641,TOP004906
SPE001642,TOP004909
SPE001642,TOP004910
SPE001642,TOP004908
SPE001643,TOP004912
SPE001643,TOP004913
SPE001643,TOP004911
SPE001644,TOP004918
SPE001644,TOP004916
SPE001644,TOP004917
SPE001645,TOP004921
SPE001645,TOP004920
SPE001645,TOP004919
SPE001646,TOP004923
SPE001646,TOP004922
SPE001646,TOP004924
SPE001647,TOP004916
SPE001647,TOP004925
SPE001647,TOP004926
SPE001648,TOP004927
SPE001648,TOP004928
SPE001648,TOP004929
SPE001649,TOP004932
SPE001649,TOP004930
SPE001649,TOP004931
SPE001650,TOP004935
SPE001650,TOP004934
SPE001650,TOP004933
SPE001651,TOP004938
SPE001651,TOP004937
SPE001651,TOP004936
SPE001652,TOP004940
SPE001652,TOP004939
SPE001652,TOP004941
SPE001653,TOP004942
SPE001653,TOP004943
SPE001653,TOP004944
SPE001654,TOP004945
SPE001654,TOP004363
SPE001654,TOP004364
SPE001655,TOP004946
SPE001655,TOP004948
SPE001655,TOP004947
SPE001656,TOP004949
SPE001656,TOP004951
SPE001656,TOP004950
SPE001657,TOP004953
SPE001657,TOP004952
SPE001657,TOP004954
SPE001658,TOP004956
SPE001658,TOP004955
SPE001658,TOP004957
SPE001659,TOP004960
SPE001659,TOP004958
SPE001659,TOP004959
SPE001660,TOP004962
SPE001660,TOP004961
SPE001660,TOP004963
SPE001661,TOP004966
SPE001661,TOP004964
SPE001661,TOP004965
SPE001661,TOP005070
SPE001661,TOP005069
SPE001661,TOP005071
SPE001662,TOP004968
SPE001662,TOP004357
SPE001662,TOP004967
SPE001663,TOP004970
SPE001663,TOP004969
SPE001663,TOP004971
SPE001664,TOP004972
SPE001664,TOP001768
SPE001664,TOP004973
SPE001665,TOP000357
SPE001665,TOP004974
SPE001665,TOP004975
SPE001666,TOP004977
SPE001666,TOP004976
SPE001666,TOP004978
SPE001667,TOP004982
SPE001667,TOP004983
SPE001667,TOP004981
SPE001668,TOP004985
SPE001668,TOP004986
SPE001668,TOP004984
SPE001669,TOP004989
SPE001669,TOP004987
SPE001669,TOP004988
SPE001670,TOP004991
SPE001670,TOP004992
SPE001670,TOP004990
SPE001671,TOP004998
SPE001671,TOP004996
SPE001671,TOP004997
SPE001672,TOP004935
SPE001672,TOP005000
SPE001672,TOP004999
SPE001673,TOP005003
SPE001673,TOP005001
SPE001673,TOP005002
SPE001674,TOP005005
SPE001674,TOP005004
SPE001674,TOP005006
SPE001675,TOP005009
SPE001675,TOP005007
SPE001675,TOP005008
SPE001676,TOP005012
SPE001676,TOP005011
SPE001676,TOP005010
SPE001677,TOP004810
SPE001677,TOP005013
SPE001677,TOP005014
SPE001678,TOP005545
SPE001678,TOP005017
SPE001678,TOP005546
SPE001678,TOP005016
SPE001678,TOP005544
SPE001678,TOP005015
SPE001679,TOP000775
SPE001679,TOP005019
SPE001679,TOP005018
SPE001680,TOP005021
SPE001680,TOP005020
SPE001680,TOP005022
SPE001681,TOP005024
SPE001681,TOP005025
SPE001681,TOP005023
SPE001682,TOP005028
SPE001682,TOP005026
SPE001682,TOP005027
SPE001683,TOP005031
SPE001683,TOP005029
SPE001683,TOP005030
SPE001684,TOP003369
SPE001684,TOP005032
SPE001684,TOP005033
SPE001685,TOP005034
SPE001685,TOP005035
SPE001685,TOP005036
SPE001686,TOP005038
SPE001686,TOP005039
SPE001686,TOP005037
SPE001687,TOP005042
SPE001687,TOP005040
SPE001687,TOP005041
SPE001688,TOP005045
SPE001688,TOP005044
SPE001688,TOP005043
SPE001689,TOP005046
SPE001689,TOP004494
SPE001689,TOP005047
SPE001690,TOP005050
SPE001690,TOP005048
SPE001690,TOP005049
SPE001691,TOP005053
SPE001691,TOP005052
SPE001691,TOP005051
SPE001692,TOP005054
SPE001692,TOP005055
SPE001692,TOP005056
SPE001693,TOP005058
SPE001693,TOP005057
SPE001693,TOP005059
SPE001694,TOP005062
SPE001694,TOP005060
SPE001694,TOP005061
SPE001695,TOP005064
SPE001695,TOP005065
SPE001695,TOP005063
SPE001696,TOP005068
SPE001696,TOP005067
SPE001696,TOP005066
SPE001697,TOP005077
SPE001697,TOP005076
SPE001697,TOP005075
SPE001698,TOP005078
SPE001698,TOP005079
SPE001698,TOP005080
SPE001699,TOP004899
SPE001699,TOP005081
SPE001699,TOP005082
SPE001700,TOP005084
SPE001700,TOP005083
SPE001700,TOP005085
SPE001701,TOP005087
SPE001701,TOP005088
SPE001701,TOP005086
SPE001702,TOP005091
SPE001702,TOP005090
SPE001702,TOP005089
SPE001703,TOP005092
SPE001703,TOP005094
SPE001703,TOP005093
SPE001704,TOP005095
SPE001704,TOP005097
SPE001704,TOP005096
SPE001705,TOP005099
SPE001705,TOP005100
SPE001705,TOP005098
SPE001706,TOP001493
SPE001706,TOP005101
SPE001706,TOP005102
SPE001707,TOP005104
SPE001707,TOP005103
SPE001707,TOP005105
SPE001708,TOP005108
SPE001708,TOP005107
SPE001708,TOP005106
SPE001709,TOP005110
SPE001709,TOP005109
SPE001709,TOP005111
SPE001710,TOP005114
SPE001710,TOP005113
SPE001710,TOP005112
SPE001711,TOP005116
SPE001711,TOP005115
SPE001711,TOP000140
SPE001712,TOP000496
SPE001712,TOP005118
SPE001712,TOP005117
SPE001713,TOP005120
SPE001713,TOP005119
SPE001713,TOP005121
SPE001714,TOP005122
SPE001714,TOP005123
SPE001714,TOP005124
SPE001715,TOP005127
SPE001715,TOP005126
SPE001715,TOP005125
SPE001716,TOP005128
SPE001716,TOP005129
SPE001716,TOP005130
SPE001717,TOP005132
SPE001717,TOP005131
SPE001717,TOP005133
SPE001718,TOP005134
SPE001718,TOP005136
SPE001718,TOP005135
SPE001719,TOP005138
SPE001719,TOP005137
SPE001719,TOP005139
SPE001720,TOP005140
SPE001720,TOP005141
SPE001720,TOP005142
SPE001721,TOP005144
SPE001721,TOP005143
SPE001721,TOP005145
SPE001722,TOP005146
SPE001722,TOP005147
SPE001722,TOP005148
SPE001723,TOP005150
SPE001723,TOP005149
SPE001723,TOP005151
SPE001724,TOP005153
SPE001724,TOP005154
SPE001724,TOP005152
SPE001725,TOP005155
SPE001725,TOP005157
SPE001725,TOP005156
SPE001726,TOP005160
SPE001726,TOP005159
SPE001726,TOP005158
SPE001727,TOP005163
SPE001727,TOP005162
SPE001727,TOP005161
SPE001728,TOP005166
SPE001728,TOP005164
SPE001728,TOP005165
SPE001729,TOP005169
SPE001729,TOP005167
SPE001729,TOP005168
SPE001730,TOP005172
SPE001730,TOP005171
SPE001730,TOP005170
SPE001731,TOP005174
SPE001731,TOP005173
SPE001731,TOP005175
SPE001732,TOP005177
SPE001732,TOP005178
SPE001732,TOP005176
SPE001733,TOP005179
SPE001733,TOP005180
SPE001733,TOP005181
SPE001734,TOP005183
SPE001734,TOP005182
SPE001734,TOP005184
SPE001735,TOP005186
SPE001735,TOP005185
SPE001735,TOP005162
SPE001736,TOP005189
SPE001736,TOP005187
SPE001736,TOP005188
SPE001737,TOP005191
SPE001737,TOP005190
SPE001737,TOP005192
SPE001738,TOP005193
SPE001738,TOP005194
SPE001738,TOP004209
SPE001739,TOP005196
SPE001739,TOP005195
SPE001739,TOP005197
SPE001740,TOP005199
SPE001740,TOP005198
SPE001740,TOP005200
SPE001741,TOP005203
SPE001741,TOP005201
SPE001741,TOP005202
SPE001742,TOP005205
SPE001742,TOP005206
SPE001742,TOP005204
SPE001743,TOP005209
SPE001743,TOP005208
SPE001743,TOP005207
SPE001744,TOP005211
SPE001744,TOP005212
SPE001744,TOP005210
SPE001745,TOP005215
SPE001745,TOP005214
SPE001745,TOP005213
SPE001746,TOP005216
SPE001746,TOP005186
SPE001746,TOP005217
SPE001747,TOP005218
SPE001747,TOP005219
SPE001747,TOP005220
SPE001748,TOP005221
SPE001748,TOP005223
SPE001748,TOP005222
SPE001749,TOP005225
SPE001749,TOP005224
SPE001749,TOP002371
SPE001750,TOP005227
SPE001750,TOP005226
SPE001750,TOP005228
SPE001751,TOP005229
SPE001751,TOP005230
SPE001751,TOP005231
SPE001752,TOP005233
SPE001752,TOP005232
SPE001752,TOP005234
SPE001753,TOP005237
SPE001753,TOP005236
SPE001753,TOP005235
SPE001754,TOP005239
SPE001754,TOP005238
SPE001754,TOP005240
SPE001755,TOP005243
SPE001755,TOP005241
SPE001755,TOP005242
SPE001756,TOP005246
SPE001756,TOP005244
SPE001756,TOP005245
SPE001757,TOP005248
SPE001757,TOP005249
SPE001757,TOP005247
SPE001758,TOP005251
SPE001758,TOP005252
SPE001758,TOP005250
SPE001759,TOP005253
SPE001759,TOP005255
SPE001759,TOP005254
SPE001760,TOP005258
SPE001760,TOP005256
SPE001760,TOP005257
SPE001761,TOP005260
SPE001761,TOP004214
SPE001761,TOP005259
SPE001762,TOP005263
SPE001762,TOP005262
SPE001762,TOP005261
SPE001763,TOP005269
SPE001763,TOP005268
SPE001763,TOP005267
SPE001764,TOP005270
SPE001764,TOP005271
SPE001764,TOP005272
SPE001765,TOP005274
SPE001765,TOP005273
SPE001765,TOP005275
SPE001766,TOP005276
SPE001766,TOP005277
SPE001766,TOP005278
SPE001767,TOP005281
SPE001767,TOP005279
SPE001767,TOP005280
SPE001768,TOP005282
SPE001768,TOP005283
SPE001768,TOP005284
SPE001769,TOP005287
SPE001769,TOP005285
SPE001769,TOP005286
SPE001770,TOP005289
SPE001770,TOP005290
SPE001770,TOP005288
SPE001771,TOP005229
SPE001771,TOP005292
SPE001771,TOP005291
SPE001772,TOP005294
SPE001772,TOP005295
SPE001772,TOP005293
SPE001773,TOP005301
SPE001773,TOP005300
SPE001773,TOP005299
SPE001774,TOP005303
SPE001774,TOP005304
SPE001774,TOP005302
SPE001775,TOP005305
SPE001775,TOP005306
SPE001775,TOP005307
SPE001776,TOP005310
SPE001776,TOP005309
SPE001776,TOP005308
SPE001777,TOP005312
SPE001777,TOP005311
SPE001777,TOP005313
SPE001778,TOP005316
SPE001778,TOP005314
SPE001778,TOP005315
SPE001779,TOP005318
SPE001779,TOP005319
SPE001779,TOP005317
SPE001780,TOP005321
SPE001780,TOP004977
SPE001780,TOP005320
SPE001781,TOP006348
SPE001781,TOP006414
SPE001781,TOP005322
SPE001781,TOP005323
SPE001781,TOP006346
SPE001781,TOP006415
SPE001781,TOP005324
SPE001781,TOP006413
SPE001781,TOP006347
SPE001782,TOP005327
SPE001782,TOP005325
SPE001782,TOP005326
SPE001783,TOP005330
SPE001783,TOP005329
SPE001783,TOP005328
SPE001784,TOP005333
SPE001784,TOP005332
SPE001784,TOP005331
SPE001785,TOP005337
SPE001785,TOP005338
SPE001785,TOP005339
SPE001786,TOP005342
SPE001786,TOP005341
SPE001786,TOP005340
SPE001787,TOP005344
SPE001787,TOP005345
SPE001787,TOP005343
SPE001788,TOP005348
SPE001788,TOP005346
SPE001788,TOP005347
SPE001789,TOP005349
SPE001789,TOP005350
SPE001789,TOP005351
SPE001790,TOP005352
SPE001790,TOP005353
SPE001790,TOP005354
SPE001791,TOP005145
SPE001791,TOP005355
SPE001791,TOP002833
SPE001792,TOP005358
SPE001792,TOP005357
SPE001792,TOP005356
SPE001793,TOP005360
SPE001793,TOP005359
SPE001793,TOP005361
SPE001794,TOP005364
SPE001794,TOP005363
SPE001794,TOP005362
SPE001795,TOP005366
SPE001795,TOP005365
SPE001795,TOP005367
SPE001796,TOP005369
SPE001796,TOP005368
SPE001796,TOP005370
SPE001797,TOP005371
SPE001797,TOP005373
SPE001797,TOP005372
SPE001798,TOP005374
SPE001798,TOP005376
SPE001798,TOP005375
SPE001799,TOP005377
SPE001799,TOP005378
SPE001799,TOP005379
SPE001800,TOP005382
SPE001800,TOP005380
SPE001800,TOP005381
SPE001801,TOP005383
SPE001801,TOP005385
SPE001801,TOP005384
SPE001802,TOP005386
SPE001802,TOP005387
SPE001802,TOP005388
SPE001803,TOP005389
SPE001803,TOP005391
SPE001803,TOP005390
SPE001804,TOP005393
SPE001804,TOP005394
SPE001804,TOP005392
SPE001805,TOP005397
SPE001805,TOP005396
SPE001805,TOP005395
SPE001806,TOP005399
SPE001806,TOP005398
SPE001806,TOP005400
SPE001807,TOP000076
SPE001807,TOP005402
SPE001807,TOP005401
SPE001808,TOP005404
SPE001808,TOP005405
SPE001808,TOP005403
SPE001809,TOP005406
SPE001809,TOP005408
SPE001809,TOP005407
SPE001810,TOP005409
SPE001810,TOP005411
SPE001810,TOP005410
SPE001811,TOP005413
SPE001811,TOP005414
SPE001811,TOP005412
SPE001812,TOP001822
SPE001812,TOP005415
SPE001812,TOP000299
SPE001813,TOP005417
SPE001813,TOP005416
SPE001813,TOP005418
SPE001814,TOP005420
SPE001814,TOP005421
SPE001814,TOP005419
SPE001815,TOP005424
SPE001815,TOP005423
SPE001815,TOP005422
SPE001816,TOP005426
SPE001816,TOP005427
SPE001816,TOP005425
SPE001817,TOP005428
SPE001817,TOP005430
SPE001817,TOP005429
SPE001818,TOP005433
SPE001818,TOP005432
SPE001818,TOP005431
SPE001819,TOP005436
SPE001819,TOP005434
SPE001819,TOP005435
SPE001820,TOP005438
SPE001820,TOP005437
SPE001820,TOP005439
SPE001821,TOP005441
SPE001821,TOP005442
SPE001821,TOP005440
SPE001822,TOP005445
SPE001822,TOP005443
SPE001822,TOP005444
SPE001823,TOP005447
SPE001823,TOP005446
SPE001823,TOP005448
SPE001824,TOP005454
SPE001824,TOP005452
SPE001824,TOP005453
SPE001825,TOP005455
SPE001825,TOP005456
SPE001825,TOP005457
SPE001826,TOP005458
SPE001826,TOP005459
SPE001826,TOP005460
SPE001827,TOP005462
SPE001827,TOP005463
SPE001827,TOP005461
SPE001828,TOP005465
SPE001828,TOP002325
SPE001828,TOP005464
SPE001829,TOP000598
SPE001829,TOP005408
SPE001829,TOP005466
SPE001830,TOP000776
SPE001830,TOP005468
SPE001830,TOP005467
SPE001831,TOP005469
SPE001831,TOP005471
SPE001831,TOP005470
SPE001832,TOP005474
SPE001832,TOP005472
SPE001832,TOP005473
SPE001833,TOP005476
SPE001833,TOP005477
SPE001833,TOP005475
SPE001834,TOP005480
SPE001834,TOP005479
SPE001834,TOP005478
SPE001835,TOP005482
SPE001835,TOP005483
SPE001835,TOP005481
SPE001836,TOP005486
SPE001836,TOP005484
SPE001836,TOP005485
SPE001837,TOP005487
SPE001837,TOP005488
SPE001837,TOP004209
SPE001838,TOP005490
SPE001838,TOP005491
SPE001838,TOP005489
SPE001839,TOP005493
SPE001839,TOP005494
SPE001839,TOP005492
SPE001840,TOP005497
SPE001840,TOP005496
SPE001840,TOP005495
SPE001841,TOP005500
SPE001841,TOP005499
SPE001841,TOP005498
SPE001842,TOP005503
SPE001842,TOP005502
SPE001842,TOP005501
SPE001843,TOP005507
SPE001843,TOP005509
SPE001843,TOP005508
SPE001844,TOP005511
SPE001844,TOP005510
SPE001844,TOP005512
SPE001845,TOP005513
SPE001845,TOP005514
SPE001845,TOP005515
SPE001846,TOP005517
SPE001846,TOP005516
SPE001846,TOP001495
SPE001847,TOP005519
SPE001847,TOP005520
SPE001847,TOP005518
SPE001848,TOP005523
SPE001848,TOP005521
SPE001848,TOP005522
SPE001849,TOP005525
SPE001849,TOP005526
SPE001849,TOP005524
SPE001850,TOP005528
SPE001850,TOP005527
SPE001850,TOP005529
SPE001851,TOP005530
SPE001851,TOP005531
SPE001851,TOP005532
SPE001852,TOP005533
SPE001852,TOP005535
SPE001852,TOP005534
SPE001853,TOP005537
SPE001853,TOP005538
SPE001853,TOP005536
SPE001854,TOP005540
SPE001854,TOP005539
SPE001854,TOP005541
SPE001855,TOP005543
SPE001855,TOP004838
SPE001855,TOP005542
SPE001856,TOP005548
SPE001856,TOP005547
SPE001856,TOP005549
SPE001857,TOP005551
SPE001857,TOP005550
SPE001857,TOP005552
SPE001858,TOP004209
SPE001858,TOP005554
SPE001858,TOP005553
SPE001859,TOP005556
SPE001859,TOP005557
SPE001859,TOP005555
SPE001860,TOP005558
SPE001860,TOP000076
SPE001860,TOP005559
SPE001861,TOP005561
SPE001861,TOP003161
SPE001861,TOP005560
SPE001862,TOP005564
SPE001862,TOP005562
SPE001862,TOP005563
SPE001863,TOP005565
SPE001863,TOP005566
SPE001863,TOP003547
SPE001864,TOP001084
SPE001864,TOP005568
SPE001864,TOP005567
SPE001865,TOP002371
SPE001865,TOP005569
SPE001865,TOP005570
SPE001866,TOP005573
SPE001866,TOP005571
SPE001866,TOP005572
SPE001867,TOP005575
SPE001867,TOP005574
SPE001867,TOP005557
SPE001868,TOP005577
SPE001868,TOP005576
SPE001868,TOP005578
SPE001869,TOP005579
SPE001869,TOP005580
SPE001869,TOP005581
SPE001870,TOP002179
SPE001870,TOP005582
SPE001870,TOP005583
SPE001871,TOP005585
SPE001871,TOP005586
SPE001871,TOP005584
SPE001872,TOP005588
SPE001872,TOP005587
SPE001872,TOP005589
SPE001873,TOP005591
SPE001873,TOP005590
SPE001873,TOP005592
SPE001874,TOP005594
SPE001874,TOP005593
SPE001874,TOP005595
SPE001875,TOP005597
SPE001875,TOP005596
SPE001875,TOP005598
SPE001876,TOP005601
SPE001876,TOP005600
SPE001876,TOP005599
SPE001877,TOP005602
SPE001877,TOP005603
SPE001877,TOP004002
SPE001878,TOP005606
SPE001878,TOP005604
SPE001878,TOP005605
SPE001879,TOP005231
SPE001879,TOP004175
SPE001879,TOP005607
SPE001880,TOP005608
SPE001880,TOP004809
SPE001880,TOP004533
SPE001881,TOP005609
SPE001881,TOP005610
SPE001881,TOP005611
SPE001882,TOP005612
SPE001882,TOP005613
SPE001882,TOP005614
SPE001883,TOP005616
SPE001883,TOP005617
SPE001883,TOP005615
SPE001884,TOP005231
SPE001884,TOP005618
SPE001884,TOP005619
SPE001885,TOP005620
SPE001885,TOP005622
SPE001885,TOP005621
SPE001886,TOP005433
SPE001886,TOP005625
SPE001886,TOP005624
SPE001887,TOP005627
SPE001887,TOP005628
SPE001887,TOP005626
SPE001888,TOP005631
SPE001888,TOP005629
SPE001888,TOP005630
SPE001889,TOP005632
SPE001889,TOP005633
SPE001889,TOP005634
SPE001890,TOP005636
SPE001890,TOP005635
SPE001890,TOP005637
SPE001891,TOP005640
SPE001891,TOP005639
SPE001891,TOP005638
SPE001892,TOP005641
SPE001892,TOP005643
SPE001892,TOP005642
SPE001893,TOP005645
SPE001893,TOP005646
SPE001893,TOP005644
SPE001894,TOP005647
SPE001894,TOP005648
SPE001894,TOP005649
SPE001895,TOP005651
SPE001895,TOP005652
SPE001895,TOP005650
SPE001896,TOP005655
SPE001896,TOP005654
SPE001896,TOP005653
SPE001897,TOP005657
SPE001897,TOP000496
SPE001897,TOP005656
SPE001898,TOP005658
SPE001898,TOP005659
SPE001898,TOP001081
SPE001899,TOP005662
SPE001899,TOP005660
SPE001899,TOP005661
SPE001900,TOP005664
SPE001900,TOP005663
SPE001900,TOP005665
SPE001901,TOP005667
SPE001901,TOP005668
SPE001901,TOP005666
SPE001902,TOP005670
SPE001902,TOP005669
SPE001902,TOP005671
SPE001903,TOP005672
SPE001903,TOP005673
SPE001903,TOP005674
SPE001904,TOP005675
SPE001904,TOP005676
SPE001904,TOP002422
SPE001905,TOP005678
SPE001905,TOP005677
SPE001905,TOP005679
SPE001906,TOP005680
SPE001906,TOP005682
SPE001906,TOP005681
SPE001907,TOP005683
SPE001907,TOP005684
SPE001907,TOP005685
SPE001908,TOP005688
SPE001908,TOP005686
SPE001908,TOP005687
SPE001909,TOP005690
SPE001909,TOP005691
SPE001909,TOP005689
SPE001910,TOP005692
SPE001910,TOP000269
SPE001910,TOP005693
SPE001911,TOP005695
SPE001911,TOP001768
SPE001911,TOP005694
SPE001912,TOP005696
SPE001912,TOP005697
SPE001912,TOP005687
SPE001913,TOP005699
SPE001913,TOP005700
SPE001913,TOP005698
SPE001914,TOP005701
SPE001914,TOP005702
SPE001914,TOP005659
SPE001915,TOP005705
SPE001915,TOP005703
SPE001915,TOP005704
SPE001916,TOP005708
SPE001916,TOP005706
SPE001916,TOP005707
SPE001917,TOP000076
SPE001917,TOP005709
SPE001917,TOP005710
SPE001918,TOP005711
SPE001918,TOP005712
SPE001918,TOP005713
SPE001919,TOP005806
SPE001919,TOP005805
SPE001919,TOP005715
SPE001919,TOP005714
SPE001919,TOP005716
SPE001919,TOP005807
SPE001920,TOP005717
SPE001920,TOP005718
SPE001920,TOP005719
SPE001921,TOP003276
SPE001921,TOP005721
SPE001921,TOP005720
SPE001922,TOP005722
SPE001922,TOP004530
SPE001922,TOP005723
SPE001923,TOP005726
SPE001923,TOP005724
SPE001923,TOP005725
SPE001924,TOP005729
SPE001924,TOP005728
SPE001924,TOP005727
SPE001925,TOP005730
SPE001925,TOP005732
SPE001925,TOP005731
SPE001926,TOP005734
SPE001926,TOP005735
SPE001926,TOP005733
SPE001927,TOP005737
SPE001927,TOP005738
SPE001927,TOP005736
SPE001928,TOP005739
SPE001928,TOP005741
SPE001928,TOP005740
SPE001929,TOP005744
SPE001929,TOP005742
SPE001929,TOP005743
SPE001930,TOP005745
SPE001930,TOP005747
SPE001930,TOP005746
SPE001931,TOP005748
SPE001931,TOP005749
SPE001931,TOP005750
SPE001932,TOP005753
SPE001932,TOP005752
SPE001932,TOP005751
SPE001933,TOP005755
SPE001933,TOP005754
SPE001933,TOP003547
SPE001934,TOP005757
SPE001934,TOP005758
SPE001934,TOP005756
SPE001935,TOP005761
SPE001935,TOP005759
SPE001935,TOP005760
SPE001936,TOP005762
SPE001936,TOP003161
SPE001936,TOP001084
SPE001937,TOP005765
SPE001937,TOP005764
SPE001937,TOP005763
SPE001938,TOP005766
SPE001938,TOP005768
SPE001938,TOP005767
SPE001939,TOP005771
SPE001939,TOP005770
SPE001939,TOP005769
SPE001940,TOP005774
SPE001940,TOP005773
SPE001940,TOP005772
SPE001941,TOP005775
SPE001941,TOP005776
SPE001941,TOP005777
SPE001942,TOP005780
SPE001942,TOP005778
SPE001942,TOP005779
SPE001943,TOP005781
SPE001943,TOP005782
SPE001943,TOP005783
SPE001944,TOP005785
SPE001944,TOP005784
SPE001944,TOP005786
SPE001945,TOP005788
SPE001945,TOP005789
SPE001945,TOP005787
SPE001946,TOP005795
SPE001946,TOP005793
SPE001946,TOP005794
SPE001947,TOP005797
SPE001947,TOP005796
SPE001947,TOP005798
SPE001948,TOP005800
SPE001948,TOP005801
SPE001948,TOP005799
SPE001949,TOP005803
SPE001949,TOP005802
SPE001949,TOP005804
SPE001950,TOP005809
SPE001950,TOP005806
SPE001950,TOP005808
SPE001951,TOP005810
SPE001951,TOP005812
SPE001951,TOP005811
SPE001952,TOP005814
SPE001952,TOP005813
SPE001952,TOP005815
SPE001953,TOP005816
SPE001953,TOP005818
SPE001953,TOP005817
SPE001954,TOP005819
SPE001954,TOP002325
SPE001954,TOP005820
SPE001955,TOP000229
SPE001955,TOP005822
SPE001955,TOP005821
SPE001956,TOP005825
SPE001956,TOP005824
SPE001956,TOP005823
SPE001957,TOP005826
SPE001957,TOP005827
SPE001957,TOP005828
SPE001958,TOP005829
SPE001958,TOP005831
SPE001958,TOP005830
SPE001959,TOP005833
SPE001959,TOP005832
SPE001959,TOP005834
SPE001960,TOP005837
SPE001960,TOP005835
SPE001960,TOP005836
SPE001961,TOP005843
SPE001961,TOP005842
SPE001961,TOP005841
SPE001962,TOP005846
SPE001962,TOP005844
SPE001962,TOP005845
SPE001963,TOP005847
SPE001963,TOP005849
SPE001963,TOP005848
SPE001964,TOP005852
SPE001964,TOP005851
SPE001964,TOP005850
SPE001965,TOP005854
SPE001965,TOP005853
SPE001965,TOP005855
SPE001966,TOP005856
SPE001966,TOP001821
SPE001966,TOP003027
SPE001967,TOP005859
SPE001967,TOP005858
SPE001967,TOP005857
SPE001968,TOP005861
SPE001968,TOP005862
SPE001968,TOP005860
SPE001969,TOP005864
SPE001969,TOP005863
SPE001969,TOP005865
SPE001970,TOP005867
SPE001970,TOP005866
SPE001970,TOP005868
SPE001971,TOP005869
SPE001971,TOP005870
SPE001971,TOP005871
SPE001972,TOP005874
SPE001972,TOP005872
SPE001972,TOP005873
SPE001973,TOP005876
SPE001973,TOP005875
SPE001973,TOP005877
SPE001974,TOP005878
SPE001974,TOP005879
SPE001974,TOP005618
SPE001975,TOP005882
SPE001975,TOP005880
SPE001975,TOP005881
SPE001976,TOP005884
SPE001976,TOP005883
SPE001976,TOP005885
SPE001977,TOP005886
SPE001977,TOP005887
SPE001977,TOP005888
SPE001978,TOP005889
SPE001978,TOP005890
SPE001978,TOP005891
SPE001979,TOP005892
SPE001979,TOP005894
SPE001979,TOP005893
SPE001980,TOP005895
SPE001980,TOP005466
SPE001980,TOP005896
SPE001981,TOP005898
SPE001981,TOP005897
SPE001981,TOP003818
SPE001982,TOP002371
SPE001982,TOP005900
SPE001982,TOP005899
SPE001983,TOP005618
SPE001983,TOP005902
SPE001983,TOP005901
SPE001984,TOP005904
SPE001984,TOP005903
SPE001984,TOP005905
SPE001985,TOP005909
SPE001985,TOP005910
SPE001985,TOP001897
SPE001986,TOP005911
SPE001986,TOP005913
SPE001986,TOP005912
SPE001987,TOP005916
SPE001987,TOP005915
SPE001987,TOP005914
SPE001988,TOP005918
SPE001988,TOP005917
SPE001988,TOP005919
SPE001989,TOP005920
SPE001989,TOP005922
SPE001989,TOP005921
SPE001990,TOP005924
SPE001990,TOP000548
SPE001990,TOP005923
SPE001991,TOP005925
SPE001991,TOP005927
SPE001991,TOP005926
SPE001992,TOP005929
SPE001992,TOP005928
SPE001992,TOP005930
SPE001993,TOP005932
SPE001993,TOP005933
SPE001993,TOP005931
SPE001994,TOP004025
SPE001994,TOP005935
SPE001994,TOP005934
SPE001995,TOP005937
SPE001995,TOP005936
SPE001995,TOP003736
SPE001996,TOP005940
SPE001996,TOP005938
SPE001996,TOP005939
SPE001997,TOP005942
SPE001997,TOP005943
SPE001997,TOP005941
SPE001998,TOP005945
SPE001998,TOP005946
SPE001998,TOP005944
SPE001999,TOP005948
SPE001999,TOP002459
SPE001999,TOP005947
SPE002000,TOP005951
SPE002000,TOP005950
SPE002000,TOP005949
SPE002001,TOP005954
SPE002001,TOP005952
SPE002001,TOP005953
SPE002002,TOP005957
SPE002002,TOP005956
SPE002002,TOP005955
SPE002003,TOP005958
SPE002003,TOP004209
SPE002003,TOP005959
SPE002004,TOP002539
SPE002004,TOP005961
SPE002004,TOP005960
SPE002005,TOP005962
SPE002005,TOP005964
SPE002005,TOP005963
SPE002006,TOP005966
SPE002006,TOP005967
SPE002006,TOP005965
SPE002007,TOP006755
SPE002007,TOP006757
SPE002007,TOP006756
SPE002007,TOP005970
SPE002007,TOP005969
SPE002007,TOP005968
SPE002008,TOP005971
SPE002008,TOP005966
SPE002008,TOP005972
SPE002009,TOP005973
SPE002009,TOP005974
SPE002009,TOP005975
SPE002010,TOP005978
SPE002010,TOP005976
SPE002010,TOP005977
SPE002011,TOP005979
SPE002011,TOP005981
SPE002011,TOP005980
SPE002012,TOP005984
SPE002012,TOP005983
SPE002012,TOP005982
SPE002013,TOP005986
SPE002013,TOP005985
SPE002013,TOP005987
SPE002014,TOP000772
SPE002014,TOP005955
SPE002014,TOP005906
SPE002015,TOP005992
SPE002015,TOP005991
SPE002015,TOP005993
SPE002016,TOP005995
SPE002016,TOP005996
SPE002016,TOP005994
SPE002017,TOP005997
SPE002017,TOP005999
SPE002017,TOP005998
SPE002018,TOP006000
SPE002018,TOP006001
SPE002018,TOP006002
SPE002019,TOP006005
SPE002019,TOP006004
SPE002019,TOP006003
SPE002020,TOP006007
SPE002020,TOP006006
SPE002020,TOP006008
SPE002021,TOP006009
SPE002021,TOP006010
SPE002021,TOP006011
SPE002022,TOP006013
SPE002022,TOP000153
SPE002022,TOP006012
SPE002023,TOP006016
SPE002023,TOP006014
SPE002023,TOP006015
SPE002024,TOP006019
SPE002024,TOP006018
SPE002024,TOP006017
SPE002025,TOP006020
SPE002025,TOP006021
SPE002025,TOP006022
SPE002026,TOP006024
SPE002026,TOP006023
SPE002026,TOP006025
SPE002027,TOP006026
SPE002027,TOP006028
SPE002027,TOP006027
SPE002028,TOP006029
SPE002028,TOP006030
SPE002028,TOP002529
SPE002029,TOP006032
SPE002029,TOP006031
SPE002029,TOP006033
SPE002030,TOP006034
SPE002030,TOP006035
SPE002030,TOP006036
SPE002031,TOP006039
SPE002031,TOP006038
SPE002031,TOP006037
SPE002032,TOP006042
SPE002032,TOP006040
SPE002032,TOP006041
SPE002033,TOP006045
SPE002033,TOP006043
SPE002033,TOP006044
SPE002034,TOP006047
SPE002034,TOP006048
SPE002034,TOP006046
SPE002035,TOP000548
SPE002035,TOP006049
SPE002035,TOP006050
SPE002035,TOP006141
SPE002035,TOP006140
SPE002035,TOP006051
SPE002036,TOP006053
SPE002036,TOP006052
SPE002036,TOP006054
SPE002037,TOP006056
SPE002037,TOP006057
SPE002037,TOP006055
SPE002038,TOP006060
SPE002038,TOP006059
SPE002038,TOP006058
SPE002039,TOP006063
SPE002039,TOP006062
SPE002039,TOP006061
SPE002040,TOP006065
SPE002040,TOP006064
SPE002040,TOP006066
SPE002041,TOP006067
SPE002041,TOP006068
SPE002041,TOP006069
SPE002042,TOP006070
SPE002042,TOP006072
SPE002042,TOP006071
SPE002043,TOP006074
SPE002043,TOP005367
SPE002043,TOP006073
SPE002044,TOP006077
SPE002044,TOP006076
SPE002044,TOP006075
SPE002045,TOP004209
SPE002045,TOP006079
SPE002045,TOP006078
SPE002046,TOP006080
SPE002046,TOP001946
SPE002046,TOP006081
SPE002047,TOP006083
SPE002047,TOP006082
SPE002047,TOP006084
SPE002048,TOP006087
SPE002048,TOP006085
SPE002048,TOP006086
SPE002049,TOP006090
SPE002049,TOP006088
SPE002049,TOP006089
SPE002050,TOP006092
SPE002050,TOP006091
SPE002050,TOP006093
SPE002051,TOP006095
SPE002051,TOP006096
SPE002051,TOP006094
SPE002052,TOP006098
SPE002052,TOP006097
SPE002052,TOP006099
SPE002053,TOP006101
SPE002053,TOP006100
SPE002053,TOP006102
SPE002054,TOP006104
SPE002054,TOP006103
SPE002054,TOP006105
SPE002055,TOP006108
SPE002055,TOP006107
SPE002055,TOP006106
SPE002056,TOP006110
SPE002056,TOP006109
SPE002056,TOP006111
SPE002057,TOP006112
SPE002057,TOP006113
SPE002057,TOP006114
SPE002058,TOP006117
SPE002058,TOP006115
SPE002058,TOP006116
SPE002059,TOP006119
SPE002059,TOP006118
SPE002059,TOP006120
SPE002060,TOP006123
SPE002060,TOP006122
SPE002060,TOP006121
SPE002061,TOP006124
SPE002061,TOP006126
SPE002061,TOP006125
SPE002062,TOP000076
SPE002062,TOP006127
SPE002062,TOP006128
SPE002063,TOP006129
SPE002063,TOP006130
SPE002063,TOP006131
SPE002064,TOP006132
SPE002064,TOP006134
SPE002064,TOP006133
SPE002065,TOP006136
SPE002065,TOP006137
SPE002065,TOP006135
SPE002066,TOP004390
SPE002066,TOP006139
SPE002066,TOP006138
SPE002067,TOP006143
SPE002067,TOP006142
SPE002067,TOP006144
SPE002068,TOP006147
SPE002068,TOP006146
SPE002068,TOP006145
SPE002069,TOP006148
SPE002069,TOP006150
SPE002069,TOP006149
SPE002070,TOP006152
SPE002070,TOP006153
SPE002070,TOP006151
SPE002071,TOP006154
SPE002071,TOP006155
SPE002071,TOP006156
SPE002072,TOP006157
SPE002072,TOP006158
SPE002072,TOP006159
SPE002073,TOP006160
SPE002073,TOP006162
SPE002073,TOP006161
SPE002074,TOP006165
SPE002074,TOP006163
SPE002074,TOP006164
SPE002075,TOP006139
SPE002075,TOP006167
SPE002075,TOP006166
SPE002076,TOP006168
SPE002076,TOP006169
SPE002076,TOP006170
SPE002077,TOP006172
SPE002077,TOP006171
SPE002077,TOP006173
SPE002078,TOP006175
SPE002078,TOP006176
SPE002078,TOP006174
SPE002079,TOP006178
SPE002079,TOP006177
SPE002079,TOP006179
SPE002080,TOP006181
SPE002080,TOP006180
SPE002080,TOP000076
SPE002081,TOP006184
SPE002081,TOP006182
SPE002081,TOP006183
SPE002082,TOP006186
SPE002082,TOP006185
SPE002082,TOP006187
SPE002083,TOP006188
SPE002083,TOP003301
SPE002083,TOP006189
SPE002084,TOP006190
SPE002084,TOP001696
SPE002084,TOP006068
SPE002085,TOP006193
SPE002085,TOP006192
SPE002085,TOP006191
SPE002086,TOP006195
SPE002086,TOP006194
SPE002086,TOP006196
SPE002087,TOP006198
SPE002087,TOP006197
SPE002087,TOP006199
SPE002088,TOP006201
SPE002088,TOP006202
SPE002088,TOP006200
SPE002089,TOP006862
SPE002089,TOP006711
SPE002089,TOP006327
SPE002089,TOP006362
SPE002089,TOP007212
SPE002089,TOP006863
SPE002089,TOP006328
SPE002089,TOP007213
SPE002089,TOP006864
SPE002089,TOP006326
SPE002089,TOP006437
SPE002089,TOP006545
SPE002089,TOP007214
SPE002089,TOP006546
SPE002089,TOP004906
SPE002089,TOP006508
SPE002089,TOP006436
SPE002089,TOP006618
SPE002089,TOP005670
SPE002089,TOP006204
SPE002089,TOP006363
SPE002089,TOP007002
SPE002089,TOP006544
SPE002089,TOP006619
SPE002089,TOP006506
SPE002089,TOP006364
SPE002089,TOP006203
SPE002089,TOP006713
SPE002089,TOP006507
SPE002089,TOP006712
SPE002089,TOP007003
SPE002089,TOP006617
SPE002089,TOP006438
SPE002090,TOP006205
SPE002090,TOP006207
SPE002090,TOP006206
SPE002091,TOP006209
SPE002091,TOP006208
SPE002091,TOP006210
SPE002092,TOP006213
SPE002092,TOP006211
SPE002092,TOP006212
SPE002093,TOP006214
SPE002093,TOP006216
SPE002093,TOP006215
SPE002094,TOP006218
SPE002094,TOP006219
SPE002094,TOP006217
SPE002095,TOP006221
SPE002095,TOP003547
SPE002095,TOP006220
SPE002096,TOP006223
SPE002096,TOP006222
SPE002096,TOP006224
SPE002097,TOP006227
SPE002097,TOP006226
SPE002097,TOP006225
SPE002098,TOP006230
SPE002098,TOP006229
SPE002098,TOP006228
SPE002099,TOP006233
SPE002099,TOP006232
SPE002099,TOP006231
SPE002100,TOP006235
SPE002100,TOP006234
SPE002100,TOP006236
SPE002102,TOP006239
SPE002102,TOP006238
SPE002102,TOP006237
SPE002103,TOP006240
SPE002103,TOP005967
SPE002103,TOP006241
SPE002104,TOP006243
SPE002104,TOP006244
SPE002104,TOP006242
SPE002105,TOP006247
SPE002105,TOP006245
SPE002105,TOP006246
SPE002106,TOP006248
SPE002106,TOP006250
SPE002106,TOP006249
SPE002107,TOP006253
SPE002107,TOP006252
SPE002107,TOP006251
SPE002108,TOP006255
SPE002108,TOP006254
SPE002108,TOP006256
SPE002109,TOP006257
SPE002109,TOP006258
SPE002109,TOP006259
SPE002110,TOP006260
SPE002110,TOP006262
SPE002110,TOP006261
SPE002111,TOP006264
SPE002111,TOP000599
SPE002111,TOP006263
SPE002112,TOP006265
SPE002112,TOP006267
SPE002112,TOP006266
SPE002113,TOP006268
SPE002113,TOP006270
SPE002113,TOP006269
SPE002114,TOP006272
SPE002114,TOP006271
SPE002114,TOP002382
SPE002115,TOP006273
SPE002115,TOP006274
SPE002115,TOP006275
SPE002116,TOP006276
SPE002116,TOP006277
SPE002116,TOP006278
SPE002117,TOP006279
SPE002117,TOP006282
SPE002117,TOP006281
SPE002117,TOP006280
SPE002117,TOP006284
SPE002117,TOP006283
SPE002118,TOP006287
SPE002118,TOP006285
SPE002118,TOP006286
SPE002119,TOP006288
SPE002119,TOP006290
SPE002119,TOP006289
SPE002120,TOP006293
SPE002120,TOP006292
SPE002120,TOP006291
SPE002121,TOP006295
SPE002121,TOP006685
SPE002121,TOP006294
SPE002121,TOP006687
SPE002121,TOP006686
SPE002121,TOP004616
SPE002122,TOP006296
SPE002122,TOP006298
SPE002122,TOP006297
SPE002123,TOP006299
SPE002123,TOP006301
SPE002123,TOP006300
SPE002124,TOP006304
SPE002124,TOP006302
SPE002124,TOP006303
SPE002125,TOP006307
SPE002125,TOP006306
SPE002125,TOP006305
SPE002126,TOP006310
SPE002126,TOP006309
SPE002126,TOP006308
SPE002127,TOP006312
SPE002127,TOP006313
SPE002127,TOP006311
SPE002128,TOP006315
SPE002128,TOP006314
SPE002128,TOP006316
SPE002129,TOP006319
SPE002129,TOP006318
SPE002129,TOP006317
SPE002130,TOP006322
SPE002130,TOP006320
SPE002130,TOP006321
SPE002131,TOP006324
SPE002131,TOP006325
SPE002131,TOP006323
SPE002132,TOP006329
SPE002132,TOP006331
SPE002132,TOP006330
SPE002133,TOP006332
SPE002133,TOP006333
SPE002133,TOP006334
SPE002134,TOP006336
SPE002134,TOP006337
SPE002134,TOP006335
SPE002135,TOP006339
SPE002135,TOP006338
SPE002135,TOP006340
SPE002136,TOP006342
SPE002136,TOP002331
SPE002136,TOP006341
SPE002137,TOP006345
SPE002137,TOP006343
SPE002137,TOP006344
SPE002138,TOP006349
SPE002138,TOP006350
SPE002138,TOP006351
SPE002139,TOP006352
SPE002139,TOP000930
SPE002139,TOP006353
SPE002140,TOP006355
SPE002140,TOP006356
SPE002140,TOP006354
SPE002141,TOP006357
SPE002141,TOP006358
SPE002141,TOP003748
SPE002142,TOP006361
SPE002142,TOP006360
SPE002142,TOP006359
SPE002143,TOP006365
SPE002143,TOP005287
SPE002143,TOP006366
SPE002144,TOP006367
SPE002144,TOP006369
SPE002144,TOP006368
SPE002145,TOP006370
SPE002145,TOP006372
SPE002145,TOP006371
SPE002146,TOP006374
SPE002146,TOP002459
SPE002146,TOP006373
SPE002147,TOP002459
SPE002147,TOP004557
SPE002147,TOP006375
SPE002148,TOP006376
SPE002148,TOP006378
SPE002148,TOP006377
SPE002149,TOP006379
SPE002149,TOP006380
SPE002149,TOP006381
SPE002150,TOP006383
SPE002150,TOP006384
SPE002150,TOP006382
SPE002151,TOP006386
SPE002151,TOP006385
SPE002151,TOP000477
SPE002152,TOP006387
SPE002152,TOP006388
SPE002152,TOP006389
SPE002153,TOP006391
SPE002153,TOP006390
SPE002153,TOP006392
SPE002154,TOP006394
SPE002154,TOP006395
SPE002154,TOP006393
SPE002155,TOP006398
SPE002155,TOP006396
SPE002155,TOP006397
SPE002156,TOP006401
SPE002156,TOP006399
SPE002156,TOP006400
SPE002157,TOP006404
SPE002157,TOP006402
SPE002157,TOP006403
SPE002158,TOP006406
SPE002158,TOP006405
SPE002158,TOP000153
SPE002159,TOP006407
SPE002159,TOP006409
SPE002159,TOP006408
SPE002160,TOP006411
SPE002160,TOP006410
SPE002160,TOP006412
SPE002161,TOP006418
SPE002161,TOP006416
SPE002161,TOP006417
SPE002162,TOP005144
SPE002162,TOP006420
SPE002162,TOP006419
SPE002163,TOP006421
SPE002163,TOP006422
SPE002163,TOP006423
SPE002164,TOP006424
SPE002164,TOP006426
SPE002164,TOP006425
SPE002165,TOP006427
SPE002165,TOP006429
SPE002165,TOP006428
SPE002166,TOP006432
SPE002166,TOP006431
SPE002166,TOP006430
SPE002167,TOP006434
SPE002167,TOP006435
SPE002167,TOP006433
SPE002168,TOP006439
SPE002168,TOP006440
SPE002168,TOP005231
SPE002169,TOP006443
SPE002169,TOP006441
SPE002169,TOP006442
SPE002170,TOP006446
SPE002170,TOP006445
SPE002170,TOP006444
SPE002171,TOP006447
SPE002171,TOP006448
SPE002171,TOP006449
SPE002172,TOP006116
SPE002172,TOP006450
SPE002172,TOP006451
SPE002173,TOP006453
SPE002173,TOP006454
SPE002173,TOP006452
SPE002174,TOP006457
SPE002174,TOP006455
SPE002174,TOP006456
SPE002175,TOP006459
SPE002175,TOP006460
SPE002175,TOP006458
SPE002176,TOP006462
SPE002176,TOP006463
SPE002176,TOP006461
SPE002177,TOP006464
SPE002177,TOP006466
SPE002177,TOP006465
SPE002178,TOP006467
SPE002178,TOP006468
SPE002178,TOP002914
SPE002179,TOP006469
SPE002179,TOP006471
SPE002179,TOP006470
SPE002180,TOP006297
SPE002180,TOP006473
SPE002180,TOP006472
SPE002181,TOP006476
SPE002181,TOP006475
SPE002181,TOP006474
SPE002182,TOP006478
SPE002182,TOP006479
SPE002182,TOP006477
SPE002183,TOP006481
SPE002183,TOP006482
SPE002183,TOP006480
SPE002184,TOP006485
SPE002184,TOP006484
SPE002184,TOP006483
SPE002185,TOP006486
SPE002185,TOP006487
SPE002185,TOP006488
SPE002186,TOP006489
SPE002186,TOP006490
SPE002186,TOP006491
SPE002187,TOP006492
SPE002187,TOP006494
SPE002187,TOP006493
SPE002188,TOP006496
SPE002188,TOP006371
SPE002188,TOP006495
SPE002189,TOP006497
SPE002189,TOP006498
SPE002189,TOP006499
SPE002190,TOP006502
SPE002190,TOP006500
SPE002190,TOP006501
SPE002191,TOP006504
SPE002191,TOP006505
SPE002191,TOP006503
SPE002192,TOP006511
SPE002192,TOP006509
SPE002192,TOP006510
SPE002193,TOP006513
SPE002193,TOP002371
SPE002193,TOP006512
SPE002194,TOP006516
SPE002194,TOP006515
SPE002194,TOP006514
SPE002195,TOP006518
SPE002195,TOP006517
SPE002195,TOP006519
SPE002196,TOP006522
SPE002196,TOP006521
SPE002196,TOP006520
SPE002197,TOP006438
SPE002197,TOP006275
SPE002197,TOP006523
SPE002198,TOP006526
SPE002198,TOP006524
SPE002198,TOP006525
SPE002199,TOP006529
SPE002199,TOP006527
SPE002199,TOP006528
SPE002200,TOP006532
SPE002200,TOP006530
SPE002200,TOP006531
SPE002201,TOP006533
SPE002201,TOP001797
SPE002201,TOP006534
SPE002202,TOP006536
SPE002202,TOP005798
SPE002202,TOP006535
SPE002203,TOP006537
SPE002203,TOP004209
SPE002203,TOP006538
SPE002204,TOP006301
SPE002204,TOP006540
SPE002204,TOP006539
SPE002205,TOP006542
SPE002205,TOP006541
SPE002205,TOP006543
SPE002206,TOP006548
SPE002206,TOP006547
SPE002206,TOP006549
SPE002207,TOP006550
SPE002207,TOP006552
SPE002207,TOP006551
SPE002208,TOP006555
SPE002208,TOP006553
SPE002208,TOP006554
SPE002209,TOP006558
SPE002209,TOP006556
SPE002209,TOP006557
SPE002210,TOP006543
SPE002210,TOP006560
SPE002210,TOP006559
SPE002211,TOP006563
SPE002211,TOP006561
SPE002211,TOP006562
SPE002212,TOP006564
SPE002212,TOP006565
SPE002212,TOP006566
SPE002213,TOP006567
SPE002213,TOP006569
SPE002213,TOP006568
SPE002214,TOP006571
SPE002214,TOP006572
SPE002214,TOP006570
SPE002215,TOP006575
SPE002215,TOP006574
SPE002215,TOP006573
SPE002216,TOP006578
SPE002216,TOP006576
SPE002216,TOP006577
SPE002217,TOP006579
SPE002217,TOP006581
SPE002217,TOP006580
SPE002218,TOP004983
SPE002218,TOP006583
SPE002218,TOP006582
SPE002219,TOP006584
SPE002219,TOP006586
SPE002219,TOP006585
SPE002220,TOP006589
SPE002220,TOP006587
SPE002220,TOP006588
SPE002221,TOP006591
SPE002221,TOP006590
SPE002221,TOP006592
SPE002222,TOP006594
SPE002222,TOP006495
SPE002222,TOP006593
SPE002223,TOP006595
SPE002223,TOP006596
SPE002223,TOP006597
SPE002224,TOP006600
SPE002224,TOP006599
SPE002224,TOP006598
SPE002225,TOP006603
SPE002225,TOP006601
SPE002225,TOP006602
SPE002226,TOP006600
SPE002226,TOP006604
SPE002226,TOP006605
SPE002227,TOP006607
SPE002227,TOP006606
SPE002227,TOP006608
SPE002228,TOP006609
SPE002228,TOP006610
SPE002228,TOP006611
SPE002229,TOP006613
SPE002229,TOP006612
SPE002229,TOP000776
SPE002230,TOP006616
SPE002230,TOP006615
SPE002230,TOP006614
SPE002231,TOP006621
SPE002231,TOP000832
SPE002231,TOP006620
SPE002232,TOP006624
SPE002232,TOP006622
SPE002232,TOP006623
SPE002233,TOP006627
SPE002233,TOP006626
SPE002233,TOP006625
SPE002234,TOP006630
SPE002234,TOP006628
SPE002234,TOP006629
SPE002235,TOP006633
SPE002235,TOP006631
SPE002235,TOP006632
SPE002236,TOP006634
SPE002236,TOP006636
SPE002236,TOP006635
SPE002237,TOP006639
SPE002237,TOP006638
SPE002237,TOP006637
SPE002238,TOP006642
SPE002238,TOP006641
SPE002238,TOP006640
SPE002239,TOP006643
SPE002239,TOP006644
SPE002239,TOP006645
SPE002240,TOP006646
SPE002240,TOP006647
SPE002240,TOP006648
SPE002241,TOP006651
SPE002241,TOP006649
SPE002241,TOP006650
SPE002242,TOP006654
SPE002242,TOP006653
SPE002242,TOP006652
SPE002243,TOP006657
SPE002243,TOP006656
SPE002243,TOP006655
SPE002245,TOP006658
SPE002245,TOP006611
SPE002245,TOP006659
SPE002246,TOP006661
SPE002246,TOP006662
SPE002246,TOP006660
SPE002247,TOP006665
SPE002247,TOP006663
SPE002247,TOP006664
SPE002248,TOP006666
SPE002248,TOP006667
SPE002248,TOP006668
SPE002249,TOP006670
SPE002249,TOP006669
SPE002249,TOP006671
SPE002250,TOP006672
SPE002250,TOP006673
SPE002250,TOP006674
SPE002251,TOP006676
SPE002251,TOP006677
SPE002251,TOP006675
SPE002252,TOP006678
SPE002252,TOP006680
SPE002252,TOP006679
SPE002253,TOP006681
SPE002253,TOP002017
SPE002253,TOP002924
SPE002254,TOP006682
SPE002254,TOP006683
SPE002254,TOP006684
SPE002255,TOP006690
SPE002255,TOP006689
SPE002255,TOP006688
SPE002256,TOP006693
SPE002256,TOP006691
SPE002256,TOP006692
SPE002257,TOP006694
SPE002257,TOP006696
SPE002257,TOP006695
SPE002258,TOP006699
SPE002258,TOP006697
SPE002258,TOP006698
SPE002259,TOP000076
SPE002259,TOP006701
SPE002259,TOP006700
SPE002260,TOP006702
SPE002260,TOP006703
SPE002260,TOP006704
SPE002261,TOP006707
SPE002261,TOP006706
SPE002261,TOP006705
SPE002262,TOP006709
SPE002262,TOP006708
SPE002262,TOP006710
SPE002263,TOP006714
SPE002263,TOP006715
SPE002263,TOP006716
SPE002264,TOP006718
SPE002264,TOP006719
SPE002264,TOP006717
SPE002265,TOP006721
SPE002265,TOP006720
SPE002265,TOP006722
SPE002266,TOP006723
SPE002266,TOP006724
SPE002266,TOP006725
SPE002267,TOP006728
SPE002267,TOP006726
SPE002267,TOP006727
SPE002268,TOP006729
SPE002268,TOP000299
SPE002268,TOP006730
SPE002269,TOP006732
SPE002269,TOP006731
SPE002269,TOP006733
SPE002270,TOP006735
SPE002270,TOP000076
SPE002270,TOP006734
SPE002271,TOP006737
SPE002271,TOP006738
SPE002271,TOP006736
SPE002272,TOP006739
SPE002272,TOP006588
SPE002272,TOP006740
SPE002273,TOP006741
SPE002273,TOP000631
SPE002273,TOP006742
SPE002274,TOP006743
SPE002274,TOP006744
SPE002274,TOP006745
SPE002275,TOP006747
SPE002275,TOP006746
SPE002275,TOP006748
SPE002276,TOP006749
SPE002276,TOP006750
SPE002276,TOP006751
SPE002277,TOP006753
SPE002277,TOP006754
SPE002277,TOP006752
SPE002278,TOP006760
SPE002278,TOP006758
SPE002278,TOP006759
SPE002279,TOP006761
SPE002279,TOP006762
SPE002279,TOP006763
SPE002280,TOP006766
SPE002280,TOP006765
SPE002280,TOP006764
SPE002281,TOP006767
SPE002281,TOP006769
SPE002281,TOP006768
SPE002282,TOP006772
SPE002282,TOP006771
SPE002282,TOP006770
SPE002283,TOP006773
SPE002283,TOP006775
SPE002283,TOP006774
SPE002284,TOP006776
SPE002284,TOP006778
SPE002284,TOP006777
SPE002285,TOP006780
SPE002285,TOP006781
SPE002285,TOP006779
SPE002286,TOP002914
SPE002286,TOP006783
SPE002286,TOP006782
SPE002287,TOP006786
SPE002287,TOP007541
SPE002287,TOP006785
SPE002287,TOP004128
SPE002287,TOP007472
SPE002287,TOP000037
SPE002287,TOP007540
SPE002287,TOP007979
SPE002287,TOP007474
SPE002287,TOP007980
SPE002287,TOP006784
SPE002287,TOP007473
SPE002288,TOP006787
SPE002288,TOP006789
SPE002288,TOP006788
SPE002289,TOP006791
SPE002289,TOP006790
SPE002289,TOP000477
SPE002290,TOP006793
SPE002290,TOP006794
SPE002290,TOP006792
SPE002291,TOP006796
SPE002291,TOP004612
SPE002291,TOP006795
SPE002292,TOP006798
SPE002292,TOP006797
SPE002292,TOP006799
SPE002293,TOP006802
SPE002293,TOP006801
SPE002293,TOP006800
SPE002294,TOP006805
SPE002294,TOP006803
SPE002294,TOP006804
SPE002295,TOP006806
SPE002295,TOP006808
SPE002295,TOP006807
SPE002296,TOP006809
SPE002296,TOP006810
SPE002296,TOP006811
SPE002297,TOP006813
SPE002297,TOP006814
SPE002297,TOP006812
SPE002298,TOP006816
SPE002298,TOP006817
SPE002298,TOP006815
SPE002300,TOP006818
SPE002300,TOP006819
SPE002300,TOP006820
SPE002301,TOP006823
SPE002301,TOP006822
SPE002301,TOP006821
SPE002302,TOP006824
SPE002302,TOP006825
SPE002302,TOP006826
SPE002303,TOP006829
SPE002303,TOP006827
SPE002303,TOP006828
SPE002304,TOP006831
SPE002304,TOP006830
SPE002304,TOP006832
SPE002305,TOP006835
SPE002305,TOP006833
SPE002305,TOP006834
SPE002306,TOP006838
SPE002306,TOP006837
SPE002306,TOP006836
SPE002307,TOP006839
SPE002307,TOP006840
SPE002307,TOP006841
SPE002308,TOP006843
SPE002308,TOP006842
SPE002308,TOP006844
SPE002309,TOP006847
SPE002309,TOP006846
SPE002309,TOP006845
SPE002310,TOP006849
SPE002310,TOP006850
SPE002310,TOP006848
SPE002311,TOP006853
SPE002311,TOP006851
SPE002311,TOP006852
SPE002312,TOP006854
SPE002312,TOP006856
SPE002312,TOP006855
SPE002313,TOP002924
SPE002313,TOP006857
SPE002313,TOP006858
SPE002314,TOP007927
SPE002314,TOP007946
SPE002314,TOP005174
SPE002314,TOP000342
SPE002314,TOP007925
SPE002314,TOP007926
SPE002314,TOP007947
SPE002314,TOP007566
SPE002314,TOP007945
SPE002314,TOP007969
SPE002314,TOP006861
SPE002314,TOP007970
SPE002314,TOP006860
SPE002314,TOP006859
SPE002315,TOP006867
SPE002315,TOP006865
SPE002315,TOP006866
SPE002316,TOP000548
SPE002316,TOP006868
SPE002316,TOP006869
SPE002317,TOP006872
SPE002317,TOP006871
SPE002317,TOP006870
SPE002318,TOP006874
SPE002318,TOP006848
SPE002318,TOP006873
SPE002319,TOP006877
SPE002319,TOP006875
SPE002319,TOP006876
SPE002320,TOP001797
SPE002320,TOP006878
SPE002320,TOP006372
SPE002321,TOP006881
SPE002321,TOP006879
SPE002321,TOP006880
SPE002322,TOP006882
SPE002322,TOP006884
SPE002322,TOP006883
SPE002323,TOP006887
SPE002323,TOP006886
SPE002323,TOP006885
SPE002324,TOP006888
SPE002324,TOP006889
SPE002324,TOP006890
SPE002325,TOP006892
SPE002325,TOP006893
SPE002325,TOP006891
SPE002326,TOP006896
SPE002326,TOP006894
SPE002326,TOP006895
SPE002327,TOP006908
SPE002327,TOP003451
SPE002327,TOP006873
SPE002327,TOP006897
SPE002327,TOP006898
SPE002328,TOP006899
SPE002328,TOP006901
SPE002328,TOP006900
SPE002329,TOP006904
SPE002329,TOP006903
SPE002329,TOP006902
SPE002330,TOP006905
SPE002330,TOP006907
SPE002330,TOP006906
SPE002331,TOP006910
SPE002331,TOP001546
SPE002331,TOP006909
SPE002332,TOP006913
SPE002332,TOP006911
SPE002332,TOP006912
SPE002333,TOP006915
SPE002333,TOP006914
SPE002333,TOP006916
SPE002334,TOP006919
SPE002334,TOP006918
SPE002334,TOP006917
SPE002335,TOP006921
SPE002335,TOP006920
SPE002335,TOP006922
SPE002336,TOP006923
SPE002336,TOP006924
SPE002336,TOP002563
SPE002337,TOP006925
SPE002337,TOP006926
SPE002337,TOP002924
SPE002339,TOP006927
SPE002339,TOP006929
SPE002339,TOP006928
SPE002340,TOP006930
SPE002340,TOP006931
SPE002340,TOP006932
SPE002341,TOP006934
SPE002341,TOP006935
SPE002341,TOP006933
SPE002342,TOP006936
SPE002342,TOP004975
SPE002342,TOP006937
SPE002343,TOP006938
SPE002343,TOP006939
SPE002343,TOP006940
SPE002344,TOP006943
SPE002344,TOP006941
SPE002344,TOP006942
SPE002345,TOP006946
SPE002345,TOP006945
SPE002345,TOP006944
SPE002346,TOP006947
SPE002346,TOP006949
SPE002346,TOP006948
SPE002347,TOP006951
SPE002347,TOP006952
SPE002347,TOP006950
SPE002348,TOP006953
SPE002348,TOP006954
SPE002348,TOP006955
SPE002349,TOP006956
SPE002349,TOP006958
SPE002349,TOP006957
SPE002350,TOP006959
SPE002350,TOP007258
SPE002350,TOP007063
SPE002350,TOP006960
SPE002350,TOP006663
SPE002350,TOP007091
SPE002350,TOP007065
SPE002350,TOP007090
SPE002350,TOP002017
SPE002350,TOP007064
SPE002350,TOP007257
SPE002350,TOP007089
SPE002351,TOP006961
SPE002351,TOP006962
SPE002351,TOP006949
SPE002352,TOP006965
SPE002352,TOP006963
SPE002352,TOP006964
SPE002353,TOP006968
SPE002353,TOP006966
SPE002353,TOP006967
SPE002354,TOP006970
SPE002354,TOP006969
SPE002354,TOP006971
SPE002355,TOP006972
SPE002355,TOP006973
SPE002355,TOP006974
SPE002356,TOP006977
SPE002356,TOP006975
SPE002356,TOP006976
SPE002357,TOP006980
SPE002357,TOP006978
SPE002357,TOP006979
SPE002358,TOP006981
SPE002358,TOP006982
SPE002358,TOP006983
SPE002359,TOP006985
SPE002359,TOP006986
SPE002359,TOP006984
SPE002360,TOP006989
SPE002360,TOP006987
SPE002360,TOP006988
SPE002361,TOP006991
SPE002361,TOP006990
SPE002361,TOP006992
SPE002362,TOP006993
SPE002362,TOP006995
SPE002362,TOP006994
SPE002363,TOP006996
SPE002363,TOP005433
SPE002363,TOP006997
SPE002364,TOP006998
SPE002364,TOP007000
SPE002364,TOP006999
SPE002365,TOP000477
SPE002365,TOP003547
SPE002365,TOP007001
SPE002366,TOP007005
SPE002366,TOP007006
SPE002366,TOP007004
SPE002367,TOP007009
SPE002367,TOP007008
SPE002367,TOP007007
SPE002368,TOP007010
SPE002368,TOP007012
SPE002368,TOP007011
SPE002369,TOP007014
SPE002369,TOP007013
SPE002369,TOP007015
SPE002370,TOP000829
SPE002370,TOP007016
SPE002370,TOP007017
SPE002371,TOP007020
SPE002371,TOP007019
SPE002371,TOP007018
SPE002372,TOP007022
SPE002372,TOP007021
SPE002372,TOP007023
SPE002373,TOP007026
SPE002373,TOP007024
SPE002373,TOP007025
SPE002374,TOP007027
SPE002374,TOP007028
SPE002374,TOP007029
SPE002376,TOP007030
SPE002376,TOP007031
SPE002376,TOP007032
SPE002377,TOP007035
SPE002377,TOP007034
SPE002377,TOP007033
SPE002378,TOP007037
SPE002378,TOP007036
SPE002378,TOP007038
SPE002379,TOP007039
SPE002379,TOP002459
SPE002379,TOP007040
SPE002380,TOP007041
SPE002380,TOP007043
SPE002380,TOP007042
SPE002381,TOP007044
SPE002381,TOP007046
SPE002381,TOP007045
SPE002382,TOP006980
SPE002382,TOP007047
SPE002382,TOP006436
SPE002383,TOP007050
SPE002383,TOP007048
SPE002383,TOP007049
SPE002384,TOP007052
SPE002384,TOP007051
SPE002384,TOP002017
SPE002385,TOP007054
SPE002385,TOP007053
SPE002385,TOP007055
SPE002386,TOP007057
SPE002386,TOP000160
SPE002386,TOP007056
SPE002387,TOP007060
SPE002387,TOP007059
SPE002387,TOP007058
SPE002388,TOP007062
SPE002388,TOP007061
SPE002388,TOP006755
SPE002389,TOP007067
SPE002389,TOP003079
SPE002389,TOP007066
SPE002390,TOP007070
SPE002390,TOP007069
SPE002390,TOP007068
SPE002391,TOP007073
SPE002391,TOP007072
SPE002391,TOP007071
SPE002392,TOP007074
SPE002392,TOP007076
SPE002392,TOP007075
SPE002393,TOP007078
SPE002393,TOP007077
SPE002393,TOP007079
SPE002394,TOP007082
SPE002394,TOP007081
SPE002394,TOP007080
SPE002395,TOP007085
SPE002395,TOP007084
SPE002395,TOP007083
SPE002396,TOP007087
SPE002396,TOP007088
SPE002396,TOP007086
SPE002397,TOP007093
SPE002397,TOP007092
SPE002397,TOP007094
SPE002398,TOP007095
SPE002398,TOP007097
SPE002398,TOP007096
SPE002399,TOP007098
SPE002399,TOP007100
SPE002399,TOP007099
SPE002400,TOP007103
SPE002400,TOP007101
SPE002400,TOP007102
SPE002401,TOP007105
SPE002401,TOP007104
SPE002401,TOP007106
SPE002402,TOP007108
SPE002402,TOP002459
SPE002402,TOP007107
SPE002403,TOP007113
SPE002403,TOP007111
SPE002403,TOP007112
SPE002404,TOP007114
SPE002404,TOP007115
SPE002404,TOP002924
SPE002405,TOP007120
SPE002405,TOP007118
SPE002405,TOP007116
SPE002405,TOP007119
SPE002405,TOP007121
SPE002405,TOP007117
SPE002406,TOP007124
SPE002406,TOP007122
SPE002406,TOP007123
SPE002407,TOP007126
SPE002407,TOP007127
SPE002407,TOP007125
SPE002408,TOP007381
SPE002408,TOP006264
SPE002408,TOP007382
SPE002408,TOP007251
SPE002408,TOP007326
SPE002408,TOP007328
SPE002408,TOP007168
SPE002408,TOP007169
SPE002408,TOP007128
SPE002408,TOP007170
SPE002408,TOP007129
SPE002408,TOP002924
SPE002408,TOP006167
SPE002408,TOP007327
SPE002408,TOP007196
SPE002409,TOP007132
SPE002409,TOP007130
SPE002409,TOP007131
SPE002410,TOP007135
SPE002410,TOP007133
SPE002410,TOP007134
SPE002411,TOP007138
SPE002411,TOP007137
SPE002411,TOP007136
SPE002412,TOP007139
SPE002412,TOP007140
SPE002412,TOP007141
SPE002413,TOP007144
SPE002413,TOP007142
SPE002413,TOP007143
SPE002414,TOP007145
SPE002414,TOP007147
SPE002414,TOP007146
SPE002415,TOP005878
SPE002415,TOP007149
SPE002415,TOP007148
SPE002416,TOP007151
SPE002416,TOP007150
SPE002416,TOP000299
SPE002417,TOP007153
SPE002417,TOP007154
SPE002417,TOP007152
SPE002418,TOP007155
SPE002418,TOP000229
SPE002418,TOP007156
SPE002419,TOP007158
SPE002419,TOP007159
SPE002419,TOP007157
SPE002420,TOP007161
SPE002420,TOP007160
SPE002420,TOP002459
SPE002421,TOP007163
SPE002421,TOP007162
SPE002421,TOP007164
SPE002422,TOP007165
SPE002422,TOP007167
SPE002422,TOP007166
SPE002423,TOP007173
SPE002423,TOP007171
SPE002423,TOP007172
SPE002424,TOP007175
SPE002424,TOP007176
SPE002424,TOP007174
SPE002425,TOP007179
SPE002425,TOP007178
SPE002425,TOP007177
SPE002426,TOP007180
SPE002426,TOP007182
SPE002426,TOP007181
SPE002427,TOP007184
SPE002427,TOP007185
SPE002427,TOP007183
SPE002428,TOP007187
SPE002428,TOP007188
SPE002428,TOP007186
SPE002429,TOP007189
SPE002429,TOP007190
SPE002429,TOP000593
SPE002430,TOP007191
SPE002430,TOP007193
SPE002430,TOP007192
SPE002432,TOP007194
SPE002432,TOP007195
SPE002432,TOP007196
SPE002433,TOP003819
SPE002433,TOP007197
SPE002433,TOP007198
SPE002434,TOP007199
SPE002434,TOP007201
SPE002434,TOP007200
SPE002435,TOP007204
SPE002435,TOP007202
SPE002435,TOP007203
SPE002436,TOP007207
SPE002436,TOP007205
SPE002436,TOP007206
SPE002437,TOP007210
SPE002437,TOP007208
SPE002437,TOP007209
SPE002438,TOP003547
SPE002438,TOP000076
SPE002438,TOP007211
SPE002439,TOP007217
SPE002439,TOP007215
SPE002439,TOP007216
SPE002440,TOP007220
SPE002440,TOP007218
SPE002440,TOP007219
SPE002441,TOP007223
SPE002441,TOP007221
SPE002441,TOP007222
SPE002442,TOP007226
SPE002442,TOP007225
SPE002442,TOP007224
SPE002443,TOP007229
SPE002443,TOP007227
SPE002443,TOP007228
SPE002444,TOP007231
SPE002444,TOP007230
SPE002444,TOP004177
SPE002445,TOP007233
SPE002445,TOP007234
SPE002445,TOP007232
SPE002446,TOP007236
SPE002446,TOP007235
SPE002446,TOP007237
SPE002447,TOP007239
SPE002447,TOP007238
SPE002447,TOP007240
SPE002448,TOP007241
SPE002448,TOP007242
SPE002448,TOP000037
SPE002449,TOP007244
SPE002449,TOP007243
SPE002449,TOP007245
SPE002450,TOP007247
SPE002450,TOP007248
SPE002450,TOP007246
SPE002451,TOP007249
SPE002451,TOP000548
SPE002451,TOP007250
SPE002452,TOP007254
SPE002452,TOP007253
SPE002452,TOP007252
SPE002453,TOP007256
SPE002453,TOP007255
SPE002453,TOP004741
SPE002454,TOP007260
SPE002454,TOP000548
SPE002454,TOP007259
SPE002455,TOP007262
SPE002455,TOP007261
SPE002455,TOP007263
SPE002456,TOP000477
SPE002456,TOP007265
SPE002456,TOP007264
SPE002457,TOP007266
SPE002457,TOP007268
SPE002457,TOP007267
SPE002458,TOP007305
SPE002458,TOP006430
SPE002458,TOP007270
SPE002458,TOP007304
SPE002458,TOP007306
SPE002458,TOP007269
SPE002459,TOP007272
SPE002459,TOP007271
SPE002459,TOP007273
SPE002460,TOP007276
SPE002460,TOP007275
SPE002460,TOP007274
SPE002461,TOP007277
SPE002461,TOP007279
SPE002461,TOP007278
SPE002462,TOP007280
SPE002462,TOP007281
SPE002462,TOP007282
SPE002463,TOP007283
SPE002463,TOP007284
SPE002463,TOP007285
SPE002464,TOP007286
SPE002464,TOP007287
SPE002464,TOP007288
SPE002465,TOP007290
SPE002465,TOP007291
SPE002465,TOP007289
SPE002466,TOP007322
SPE002466,TOP007292
SPE002466,TOP007312
SPE002466,TOP007293
SPE002466,TOP007323
SPE002466,TOP007367
SPE002466,TOP007368
SPE002466,TOP007294
SPE002467,TOP007296
SPE002467,TOP007295
SPE002467,TOP007297
SPE002468,TOP007300
SPE002468,TOP007298
SPE002468,TOP007299
SPE002469,TOP007303
SPE002469,TOP007301
SPE002469,TOP007302
SPE002470,TOP007308
SPE002470,TOP007307
SPE002470,TOP007309
SPE002471,TOP007311
SPE002471,TOP007310
SPE002471,TOP007312
SPE002472,TOP007315
SPE002472,TOP007314
SPE002472,TOP007313
SPE002473,TOP007317
SPE002473,TOP007318
SPE002473,TOP007316
SPE002474,TOP007319
SPE002474,TOP007321
SPE002474,TOP007320
SPE002475,TOP007311
SPE002475,TOP007325
SPE002475,TOP007324
SPE002476,TOP007331
SPE002476,TOP007330
SPE002476,TOP007329
SPE002477,TOP007333
SPE002477,TOP007332
SPE002477,TOP007334
SPE002478,TOP007335
SPE002478,TOP007337
SPE002478,TOP007336
SPE002479,TOP007338
SPE002479,TOP007339
SPE002479,TOP004554
SPE002480,TOP007340
SPE002480,TOP007342
SPE002480,TOP007341
SPE002482,TOP007345
SPE002482,TOP007344
SPE002482,TOP007343
SPE002483,TOP007346
SPE002483,TOP007347
SPE002483,TOP007348
SPE002484,TOP007350
SPE002484,TOP007351
SPE002484,TOP007349
SPE002484,TOP007406
SPE002485,TOP007352
SPE002485,TOP007354
SPE002485,TOP007353
SPE002486,TOP007355
SPE002486,TOP007356
SPE002486,TOP007357
SPE002487,TOP007359
SPE002487,TOP007358
SPE002487,TOP007360
SPE002488,TOP007362
SPE002488,TOP007363
SPE002488,TOP007361
SPE002489,TOP007364
SPE002489,TOP007365
SPE002489,TOP007366
SPE002490,TOP007371
SPE002490,TOP007370
SPE002490,TOP007369
SPE002491,TOP007374
SPE002491,TOP007373
SPE002491,TOP007372
SPE002492,TOP007376
SPE002492,TOP007377
SPE002492,TOP007375
SPE002493,TOP007378
SPE002493,TOP007380
SPE002493,TOP007379
SPE002494,TOP007385
SPE002494,TOP007383
SPE002494,TOP007384
SPE002495,TOP007386
SPE002495,TOP007388
SPE002495,TOP007387
SPE002496,TOP007389
SPE002496,TOP007390
SPE002496,TOP000140
SPE002497,TOP007393
SPE002497,TOP007392
SPE002497,TOP007391
SPE002498,TOP007396
SPE002498,TOP007395
SPE002498,TOP007394
SPE002499,TOP007398
SPE002499,TOP007397
SPE002499,TOP007399
SPE002500,TOP007400
SPE002500,TOP007401
SPE002500,TOP007402
SPE002501,TOP007404
SPE002501,TOP007405
SPE002501,TOP007403
SPE002502,TOP007889
SPE002502,TOP007890
SPE002502,TOP007888
SPE002502,TOP007408
SPE002502,TOP007409
SPE002502,TOP007407
SPE002503,TOP007411
SPE002503,TOP007412
SPE002503,TOP007410
SPE002504,TOP007415
SPE002504,TOP007414
SPE002504,TOP007413
SPE002505,TOP007565
SPE002505,TOP007417
SPE002505,TOP001299
SPE002505,TOP007536
SPE002505,TOP007610
SPE002505,TOP007563
SPE002505,TOP007418
SPE002505,TOP007564
SPE002505,TOP007535
SPE002505,TOP007416
SPE002505,TOP007534
SPE002506,TOP007419
SPE002506,TOP007420
SPE002506,TOP007421
SPE002507,TOP007424
SPE002507,TOP007423
SPE002507,TOP007422
SPE002508,TOP007426
SPE002508,TOP007803
SPE002508,TOP007804
SPE002508,TOP005878
SPE002508,TOP007425
SPE002508,TOP007805
SPE002509,TOP007428
SPE002509,TOP007427
SPE002509,TOP007429
SPE002510,TOP007433
SPE002510,TOP007435
SPE002510,TOP007434
SPE002511,TOP007438
SPE002511,TOP007437
SPE002511,TOP007436
SPE002512,TOP007440
SPE002512,TOP007439
SPE002512,TOP007441
SPE002513,TOP007445
SPE002513,TOP007444
SPE002513,TOP007446
SPE002514,TOP007448
SPE002514,TOP007447
SPE002514,TOP007449
SPE002515,TOP007450
SPE002515,TOP007452
SPE002515,TOP007451
SPE002516,TOP007455
SPE002516,TOP007453
SPE002516,TOP007454
SPE002517,TOP007457
SPE002517,TOP007458
SPE002517,TOP007456
SPE002518,TOP004128
SPE002518,TOP005194
SPE002518,TOP006834
SPE002519,TOP007460
SPE002519,TOP007461
SPE002519,TOP007459
SPE002520,TOP007392
SPE002520,TOP007462
SPE002520,TOP007391
SPE002521,TOP007465
SPE002521,TOP007463
SPE002521,TOP007464
SPE002522,TOP007467
SPE002522,TOP007466
SPE002522,TOP007468
SPE002523,TOP007469
SPE002523,TOP007470
SPE002523,TOP007471
SPE002524,TOP007476
SPE002524,TOP005242
SPE002524,TOP007475
SPE002525,TOP004906
SPE002525,TOP007477
SPE002525,TOP007478
SPE002526,TOP007479
SPE002526,TOP007480
SPE002526,TOP007481
SPE002527,TOP007483
SPE002527,TOP007484
SPE002527,TOP007482
SPE002528,TOP007485
SPE002528,TOP007486
SPE002528,TOP007487
SPE002529,TOP007490
SPE002529,TOP007489
SPE002529,TOP007488
SPE002530,TOP006644
SPE002530,TOP007492
SPE002530,TOP007491
SPE002531,TOP007493
SPE002531,TOP007495
SPE002531,TOP007494
SPE002532,TOP007498
SPE002532,TOP007497
SPE002532,TOP007496
SPE002533,TOP007499
SPE002533,TOP007501
SPE002533,TOP007500
SPE002534,TOP007507
SPE002534,TOP007506
SPE002534,TOP007505
SPE002535,TOP007510
SPE002535,TOP007508
SPE002535,TOP007509
SPE002536,TOP007513
SPE002536,TOP007511
SPE002536,TOP007512
SPE002537,TOP007514
SPE002537,TOP007516
SPE002537,TOP007515
SPE002538,TOP007517
SPE002538,TOP007518
SPE002538,TOP007183
SPE002539,TOP007521
SPE002539,TOP007519
SPE002539,TOP007520
SPE002540,TOP007522
SPE002540,TOP007524
SPE002540,TOP007523
SPE002541,TOP007525
SPE002541,TOP007527
SPE002541,TOP007526
SPE002542,TOP007528
SPE002542,TOP007529
SPE002542,TOP007530
SPE002543,TOP007532
SPE002543,TOP007533
SPE002543,TOP007531
SPE002544,TOP007537
SPE002544,TOP007538
SPE002544,TOP007539
SPE002545,TOP007543
SPE002545,TOP007542
SPE002545,TOP007544
SPE002546,TOP007547
SPE002546,TOP007546
SPE002546,TOP007545
SPE002547,TOP007549
SPE002547,TOP007548
SPE002547,TOP007550
SPE002548,TOP007551
SPE002548,TOP007553
SPE002548,TOP007552
SPE002549,TOP007554
SPE002549,TOP007555
SPE002549,TOP007556
SPE002550,TOP007557
SPE002550,TOP007559
SPE002550,TOP007558
SPE002551,TOP007561
SPE002551,TOP007562
SPE002551,TOP007560
SPE002552,TOP007567
SPE002552,TOP007568
SPE002552,TOP007569
SPE002553,TOP007571
SPE002553,TOP006426
SPE002553,TOP007570
SPE002554,TOP007573
SPE002554,TOP007572
SPE002554,TOP007574
SPE002555,TOP007577
SPE002555,TOP007576
SPE002555,TOP007575
SPE002556,TOP007579
SPE002556,TOP007578
SPE002556,TOP007580
SPE002557,TOP007581
SPE002557,TOP007582
SPE002557,TOP007583
SPE002558,TOP007586
SPE002558,TOP007585
SPE002558,TOP007584
SPE002559,TOP007587
SPE002559,TOP007588
SPE002559,TOP000781
SPE002560,TOP007590
SPE002560,TOP007589
SPE002560,TOP007591
SPE002561,TOP007593
SPE002561,TOP007592
SPE002561,TOP001130
SPE002562,TOP007595
SPE002562,TOP007596
SPE002562,TOP007594
SPE002563,TOP007598
SPE002563,TOP007597
SPE002563,TOP007599
SPE002564,TOP007601
SPE002564,TOP007602
SPE002564,TOP007600
SPE002565,TOP007500
SPE002565,TOP007604
SPE002565,TOP007603
SPE002566,TOP007607
SPE002566,TOP007606
SPE002566,TOP007605
SPE002567,TOP001228
SPE002567,TOP007609
SPE002567,TOP007608
SPE002568,TOP007613
SPE002568,TOP007612
SPE002568,TOP007611
SPE002569,TOP007616
SPE002569,TOP007615
SPE002569,TOP007614
SPE002570,TOP007619
SPE002570,TOP007617
SPE002570,TOP007618
SPE002571,TOP000781
SPE002571,TOP007620
SPE002571,TOP007621
SPE002572,TOP007622
SPE002572,TOP007623
SPE002572,TOP007624
SPE002573,TOP007626
SPE002573,TOP007625
SPE002573,TOP007627
SPE002574,TOP007629
SPE002574,TOP007630
SPE002574,TOP007628
SPE002575,TOP007631
SPE002575,TOP007632
SPE002575,TOP007633
SPE002576,TOP007635
SPE002576,TOP007634
SPE002576,TOP007636
SPE002577,TOP007637
SPE002577,TOP007638
SPE002577,TOP007639
SPE002578,TOP007642
SPE002578,TOP007641
SPE002578,TOP007640
SPE002579,TOP007645
SPE002579,TOP007643
SPE002579,TOP007644
SPE002580,TOP007646
SPE002580,TOP007648
SPE002580,TOP007647
SPE002581,TOP007635
SPE002581,TOP007650
SPE002581,TOP007649
SPE002582,TOP007651
SPE002582,TOP007653
SPE002582,TOP007652
SPE002583,TOP007207
SPE002583,TOP007654
SPE002583,TOP007655
SPE002584,TOP007658
SPE002584,TOP007657
SPE002584,TOP007656
SPE002585,TOP007536
SPE002585,TOP007659
SPE002585,TOP007660
SPE002586,TOP007663
SPE002586,TOP007662
SPE002586,TOP007661
SPE002587,TOP007665
SPE002587,TOP007666
SPE002587,TOP007664
SPE002588,TOP007669
SPE002588,TOP007668
SPE002588,TOP007667
SPE002589,TOP007671
SPE002589,TOP007670
SPE002589,TOP007672
SPE002590,TOP004025
SPE002590,TOP007674
SPE002590,TOP007673
SPE002591,TOP007676
SPE002591,TOP007677
SPE002591,TOP007675
SPE002592,TOP007678
SPE002592,TOP007680
SPE002592,TOP007679
SPE002593,TOP007683
SPE002593,TOP007682
SPE002593,TOP007681
SPE002594,TOP007686
SPE002594,TOP007685
SPE002594,TOP007684
SPE002595,TOP007689
SPE002595,TOP007688
SPE002595,TOP007687
SPE002596,TOP007692
SPE002596,TOP007690
SPE002596,TOP007691
SPE002597,TOP007695
SPE002597,TOP007694
SPE002597,TOP007693
SPE002598,TOP007696
SPE002598,TOP007697
SPE002598,TOP007698
SPE002599,TOP007701
SPE002599,TOP007700
SPE002599,TOP007699
SPE002600,TOP006600
SPE002600,TOP007703
SPE002600,TOP007702
SPE002601,TOP007704
SPE002601,TOP007705
SPE002601,TOP007706
SPE002602,TOP007707
SPE002602,TOP007708
SPE002602,TOP007709
SPE002603,TOP007710
SPE002603,TOP007711
SPE002603,TOP007712
SPE002604,TOP007713
SPE002604,TOP007715
SPE002604,TOP007714
SPE002605,TOP006415
SPE002605,TOP007716
SPE002605,TOP007717
SPE002606,TOP007718
SPE002606,TOP007719
SPE002606,TOP007720
SPE002607,TOP007723
SPE002607,TOP007722
SPE002607,TOP007721
SPE002608,TOP007724
SPE002608,TOP007725
SPE002608,TOP004325
SPE002609,TOP007726
SPE002609,TOP007728
SPE002609,TOP007727
SPE002610,TOP007729
SPE002610,TOP007731
SPE002610,TOP007730
SPE002611,TOP007734
SPE002611,TOP007733
SPE002611,TOP007732
SPE002612,TOP007735
SPE002612,TOP001299
SPE002612,TOP007736
SPE002613,TOP007738
SPE002613,TOP007737
SPE002613,TOP007739
SPE002614,TOP007742
SPE002614,TOP007741
SPE002614,TOP007740
SPE002615,TOP007745
SPE002615,TOP007743
SPE002615,TOP007744
SPE002616,TOP007747
SPE002616,TOP007746
SPE002616,TOP007748
SPE002617,TOP007750
SPE002617,TOP007751
SPE002617,TOP007749
SPE002618,TOP007752
SPE002618,TOP007753
SPE002618,TOP007679
SPE002619,TOP007756
SPE002619,TOP007754
SPE002619,TOP007755
SPE002620,TOP007758
SPE002620,TOP007757
SPE002620,TOP000076
SPE002621,TOP007761
SPE002621,TOP007760
SPE002621,TOP007759
SPE002622,TOP007762
SPE002622,TOP007763
SPE002622,TOP002371
SPE002623,TOP004095
SPE002623,TOP007764
SPE002623,TOP002371
SPE002624,TOP007766
SPE002624,TOP007765
SPE002624,TOP000076
SPE002625,TOP007769
SPE002625,TOP007767
SPE002625,TOP007768
SPE002626,TOP007771
SPE002626,TOP007770
SPE002626,TOP007772
SPE002627,TOP007775
SPE002627,TOP007773
SPE002627,TOP007774
SPE002628,TOP007776
SPE002628,TOP007777
SPE002628,TOP005839
SPE002629,TOP005231
SPE002629,TOP007779
SPE002629,TOP007778
SPE002630,TOP007780
SPE002630,TOP007781
SPE002630,TOP007782
SPE002631,TOP007784
SPE002631,TOP007785
SPE002631,TOP007783
SPE002632,TOP007787
SPE002632,TOP007458
SPE002632,TOP007786
SPE002633,TOP007788
SPE002633,TOP007790
SPE002633,TOP007789
SPE002634,TOP007793
SPE002634,TOP007792
SPE002634,TOP007791
SPE002635,TOP007795
SPE002635,TOP007794
SPE002635,TOP007796
SPE002636,TOP007798
SPE002636,TOP007799
SPE002636,TOP007797
SPE002637,TOP007800
SPE002637,TOP007802
SPE002637,TOP007801
SPE002638,TOP007807
SPE002638,TOP007806
SPE002638,TOP007803
SPE002639,TOP007810
SPE002639,TOP007809
SPE002639,TOP007808
SPE002640,TOP007812
SPE002640,TOP007811
SPE002640,TOP007813
SPE002641,TOP007815
SPE002641,TOP007816
SPE002641,TOP007814
SPE002642,TOP004630
SPE002642,TOP007817
SPE002642,TOP007818
SPE002643,TOP007819
SPE002643,TOP007820
SPE002643,TOP007821
SPE002644,TOP007778
SPE002644,TOP007099
SPE002644,TOP007822
SPE002645,TOP007825
SPE002645,TOP007824
SPE002645,TOP007823
SPE002646,TOP007827
SPE002646,TOP007826
SPE002646,TOP007828
SPE002647,TOP007830
SPE002647,TOP007831
SPE002647,TOP007829
SPE002648,TOP007832
SPE002648,TOP007834
SPE002648,TOP007833
SPE002649,TOP007835
SPE002649,TOP007837
SPE002649,TOP007836
SPE002650,TOP007839
SPE002650,TOP007840
SPE002650,TOP007838
SPE002651,TOP007843
SPE002651,TOP007841
SPE002651,TOP007842
SPE002652,TOP007844
SPE002652,TOP007846
SPE002652,TOP007845
SPE002653,TOP007848
SPE002653,TOP005570
SPE002653,TOP007847
SPE002654,TOP007850
SPE002654,TOP007849
SPE002654,TOP007851
SPE002655,TOP007854
SPE002655,TOP007852
SPE002655,TOP007853
SPE002656,TOP007855
SPE002656,TOP007857
SPE002656,TOP007856
SPE002657,TOP007860
SPE002657,TOP007859
SPE002657,TOP007858
SPE002658,TOP007862
SPE002658,TOP004512
SPE002658,TOP007861
SPE002659,TOP007865
SPE002659,TOP007863
SPE002659,TOP007864
SPE002660,TOP007867
SPE002660,TOP007866
SPE002660,TOP002459
SPE002661,TOP007869
SPE002661,TOP007870
SPE002661,TOP007868
SPE002662,TOP007873
SPE002662,TOP007872
SPE002662,TOP007871
SPE002663,TOP007876
SPE002663,TOP007874
SPE002663,TOP007875
SPE002664,TOP000781
SPE002664,TOP007877
SPE002664,TOP007878
SPE002665,TOP007879
SPE002665,TOP007881
SPE002665,TOP007880
SPE002666,TOP007883
SPE002666,TOP007882
SPE002666,TOP007884
SPE002667,TOP007678
SPE002667,TOP007885
SPE002667,TOP007796
SPE002668,TOP007887
SPE002668,TOP007886
SPE002668,TOP001399
SPE002669,TOP005570
SPE002669,TOP007891
SPE002669,TOP007892
SPE002670,TOP004906
SPE002670,TOP007893
SPE002670,TOP002914
SPE002671,TOP007894
SPE002671,TOP007896
SPE002671,TOP007895
SPE002672,TOP007626
SPE002672,TOP007898
SPE002672,TOP007897
SPE002673,TOP007899
SPE002673,TOP007901
SPE002673,TOP007900
SPE002674,TOP007902
SPE002674,TOP007904
SPE002674,TOP007903
SPE002675,TOP007906
SPE002675,TOP003446
SPE002675,TOP007905
SPE002676,TOP007898
SPE002676,TOP007907
SPE002676,TOP007908
SPE002677,TOP002914
SPE002677,TOP007910
SPE002677,TOP007909
SPE002678,TOP007912
SPE002678,TOP007913
SPE002678,TOP007911
SPE002679,TOP007917
SPE002679,TOP001299
SPE002679,TOP007916
SPE002680,TOP007920
SPE002680,TOP007918
SPE002680,TOP007919
SPE002681,TOP000761
SPE002681,TOP007915
SPE002681,TOP007921
SPE002682,TOP007922
SPE002682,TOP007923
SPE002682,TOP007924
SPE002683,TOP004906
SPE002683,TOP007928
SPE002683,TOP007929
SPE002684,TOP007931
SPE002684,TOP007932
SPE002684,TOP007930
SPE002685,TOP007963
SPE002685,TOP007935
SPE002685,TOP007933
SPE002685,TOP007965
SPE002685,TOP007964
SPE002685,TOP007934
SPE002686,TOP007939
SPE002686,TOP007940
SPE002686,TOP007941
SPE002687,TOP007944
SPE002687,TOP007943
SPE002687,TOP007942
SPE002688,TOP007949
SPE002688,TOP007948
SPE002688,TOP002459
SPE002689,TOP007952
SPE002689,TOP007951
SPE002689,TOP007950
SPE002690,TOP002371
SPE002690,TOP007953
SPE002690,TOP007954
SPE002691,TOP007955
SPE002691,TOP007957
SPE002691,TOP007956
SPE002692,TOP007959
SPE002692,TOP004325
SPE002692,TOP007958
SPE002693,TOP007962
SPE002693,TOP007961
SPE002693,TOP007960
SPE002694,TOP007968
SPE002694,TOP007966
SPE002694,TOP007967
SPE002695,TOP007971
SPE002695,TOP007972
SPE002695,TOP007973
SPE002696,TOP007974
SPE002696,TOP007975
SPE002696,TOP004906
SPE002697,TOP007976
SPE002697,TOP007978
SPE002697,TOP007977
SPE002698,TOP007983
SPE002698,TOP007982
SPE002698,TOP007981
SPE002699,TOP008050
SPE002699,TOP007984
SPE002699,TOP007985
SPE002699,TOP007986
SPE002699,TOP008049
SPE002699,TOP008047
SPE002699,TOP008048
SPE002699,TOP008046
SPE002700,TOP007989
SPE002700,TOP007988
SPE002700,TOP007987
SPE002701,TOP007990
SPE002701,TOP003781
SPE002701,TOP007991
SPE002702,TOP007992
SPE002702,TOP000357
SPE002702,TOP007993
SPE002703,TOP007994
SPE002703,TOP007996
SPE002703,TOP007995
SPE002704,TOP007999
SPE002704,TOP007998
SPE002704,TOP007997
SPE002705,TOP008000
SPE002705,TOP008002
SPE002705,TOP008001
SPE002706,TOP008003
SPE002706,TOP008004
SPE002706,TOP008005
SPE002707,TOP008007
SPE002707,TOP008008
SPE002707,TOP008006
SPE002708,TOP008010
SPE002708,TOP008011
SPE002708,TOP008009
SPE002709,TOP008012
SPE002709,TOP008014
SPE002709,TOP008013
SPE002710,TOP008015
SPE002710,TOP008016
SPE002710,TOP008017
SPE002711,TOP008019
SPE002711,TOP008018
SPE002711,TOP008020
SPE002712,TOP008022
SPE002712,TOP008021
SPE002712,TOP000140
SPE002713,TOP008025
SPE002713,TOP008024
SPE002713,TOP008023
SPE002714,TOP004379
SPE002714,TOP008026
SPE002714,TOP008027
SPE002715,TOP008030
SPE002715,TOP008029
SPE002715,TOP008028
SPE002716,TOP002371
SPE002716,TOP000548
SPE002716,TOP008031
SPE002717,TOP008033
SPE002717,TOP008032
SPE002717,TOP006331
SPE002718,TOP008036
SPE002718,TOP008034
SPE002718,TOP008035
SPE002719,TOP008039
SPE002719,TOP008037
SPE002719,TOP008038
SPE002720,TOP008040
SPE002720,TOP008041
SPE002720,TOP008042
SPE002721,TOP008041
SPE002721,TOP004068
SPE002721,TOP008042
SPE002722,TOP008044
SPE002722,TOP008045
SPE002722,TOP008043
SPE002723,TOP008051
SPE002723,TOP008052
SPE002723,TOP008053
SPE002724,TOP008054
SPE002724,TOP008056
SPE002724,TOP008055
SPE002725,TOP008057
SPE002725,TOP008059
SPE002725,TOP008058
SPE002726,TOP008061
SPE002726,TOP008060
SPE002726,TOP008062
SPE002727,TOP008065
SPE002727,TOP008063
SPE002727,TOP008064
SPE002728,TOP008066
SPE002728,TOP008067
SPE002728,TOP000880
SPE002729,TOP008070
SPE002729,TOP008069
SPE002729,TOP008068
SPE002730,TOP008073
SPE002730,TOP008072
SPE002730,TOP008071
SPE002732,TOP008075
SPE002732,TOP008076
SPE002732,TOP008074
SPE002733,TOP008079
SPE002733,TOP008078
SPE002733,TOP008077
SPE002734,TOP008081
SPE002734,TOP008082
SPE002734,TOP008080
SPE002735,TOP008083
SPE002735,TOP006681
SPE002735,TOP008084
SPE002736,TOP001081
SPE002736,TOP008085
SPE002736,TOP000018
SPE002737,TOP008088
SPE002737,TOP008086
SPE002737,TOP008087
SPE002738,TOP008089
SPE002738,TOP008091
SPE002738,TOP008090
SPE002739,TOP008093
SPE002739,TOP008094
SPE002739,TOP008092